[08Sep2026 17:02:23.347] [main/INFO] [cpw.mods.modlauncher.Launcher/MODLAUNCHER]: ModLauncher running: args [--launchTarget, forgeserver, --fml.neoForgeVersion, 21.1.248, --fml.fmlVersion, 4.0.43, --fml.mcVersion, 1.21.1, --fml.neoFormVersion, 20240808.144430]
[08Sep2026 17:02:23.351] [main/INFO] [cpw.mods.modlauncher.Launcher/MODLAUNCHER]: JVM identified as Oracle Corporation Java HotSpot(TM) 64-Bit Server VM 21.0.12.1+1-LTS-4
[08Sep2026 17:02:23.353] [main/INFO] [cpw.mods.modlauncher.Launcher/MODLAUNCHER]: ModLauncher 11.0.5+main.901c6ea8 starting: java version 21.0.12.1 by Oracle Corporation; OS Windows 11 arch amd64 version 10.0
[08Sep2026 17:02:23.386] [main/DEBUG] [cpw.mods.modlauncher.LaunchServiceHandler/MODLAUNCHER]: Found launch services [minecraft,forgeclient,forgedatauserdev,testharness,forgeserverdev,forgeserveruserdev,forgejunitdev,forgeclientdev,forgeclientuserdev,forgeserver,forgejunituserdev,forgedatadev]
[08Sep2026 17:02:23.433] [main/DEBUG] [cpw.mods.modlauncher.LaunchPluginHandler/MODLAUNCHER]: Found launch plugins: [mixin,slf4jfixer,runtime_enum_extender,accesstransformer,runtimedistcleaner]
[08Sep2026 17:02:23.448] [main/DEBUG] [cpw.mods.modlauncher.TransformationServicesHandler/MODLAUNCHER]: Discovering transformation services
[08Sep2026 17:02:23.453] [main/DEBUG] [net.neoforged.fml.loading.FMLPaths/CORE]: Path GAMEDIR is X:\NonSteamGamesOnXray\Minecraft\CreateServerWithModsIncludingComputerCraftWithMage-Updated
[08Sep2026 17:02:23.453] [main/DEBUG] [net.neoforged.fml.loading.FMLPaths/CORE]: Path MODSDIR is X:\NonSteamGamesOnXray\Minecraft\CreateServerWithModsIncludingComputerCraftWithMage-Updated\mods
[08Sep2026 17:02:23.453] [main/DEBUG] [net.neoforged.fml.loading.FMLPaths/CORE]: Path CONFIGDIR is X:\NonSteamGamesOnXray\Minecraft\CreateServerWithModsIncludingComputerCraftWithMage-Updated\config
[08Sep2026 17:02:23.453] [main/DEBUG] [net.neoforged.fml.loading.FMLPaths/CORE]: Path FMLCONFIG is X:\NonSteamGamesOnXray\Minecraft\CreateServerWithModsIncludingComputerCraftWithMage-Updated\config\fml.toml
[08Sep2026 17:02:23.500] [main/TRACE] [net.neoforged.fml.loading.FMLConfig/CORE]: Loaded FML config from X:\NonSteamGamesOnXray\Minecraft\CreateServerWithModsIncludingComputerCraftWithMage-Updated\config\fml.toml
[08Sep2026 17:02:23.500] [main/TRACE] [net.neoforged.fml.loading.FMLConfig/CORE]: FMLConfig disableConfigWatcher is false
[08Sep2026 17:02:23.500] [main/TRACE] [net.neoforged.fml.loading.FMLConfig/CORE]: FMLConfig earlyWindowControl is true
[08Sep2026 17:02:23.501] [main/TRACE] [net.neoforged.fml.loading.FMLConfig/CORE]: FMLConfig maxThreads is 24
[08Sep2026 17:02:23.501] [main/TRACE] [net.neoforged.fml.loading.FMLConfig/CORE]: FMLConfig versionCheck is true
[08Sep2026 17:02:23.501] [main/TRACE] [net.neoforged.fml.loading.FMLConfig/CORE]: FMLConfig defaultConfigPath is defaultconfigs
[08Sep2026 17:02:23.501] [main/TRACE] [net.neoforged.fml.loading.FMLConfig/CORE]: FMLConfig disableOptimizedDFU is true
[08Sep2026 17:02:23.501] [main/TRACE] [net.neoforged.fml.loading.FMLConfig/CORE]: FMLConfig earlyWindowProvider is fmlearlywindow
[08Sep2026 17:02:23.501] [main/TRACE] [net.neoforged.fml.loading.FMLConfig/CORE]: FMLConfig earlyWindowWidth is 854
[08Sep2026 17:02:23.502] [main/TRACE] [net.neoforged.fml.loading.FMLConfig/CORE]: FMLConfig earlyWindowHeight is 480
[08Sep2026 17:02:23.502] [main/TRACE] [net.neoforged.fml.loading.FMLConfig/CORE]: FMLConfig earlyWindowFBScale is 1
[08Sep2026 17:02:23.502] [main/TRACE] [net.neoforged.fml.loading.FMLConfig/CORE]: FMLConfig earlyWindowMaximized is false
[08Sep2026 17:02:23.502] [main/TRACE] [net.neoforged.fml.loading.FMLConfig/CORE]: FMLConfig earlyWindowSkipGLVersions is []
[08Sep2026 17:02:23.502] [main/TRACE] [net.neoforged.fml.loading.FMLConfig/CORE]: FMLConfig earlyWindowSquir is false
[08Sep2026 17:02:23.584] [main/DEBUG] [cpw.mods.modlauncher.TransformationServicesHandler/MODLAUNCHER]: Found additional transformation services from discovery services: 
[08Sep2026 17:02:23.595] [main/INFO] [net.neoforged.fml.loading.ImmediateWindowHandler/]: ImmediateWindowProvider not loading because launch target is forgeserver
[08Sep2026 17:02:23.608] [main/DEBUG] [cpw.mods.modlauncher.TransformationServicesHandler/MODLAUNCHER]: Found transformer services : [mixin,fml]
[08Sep2026 17:02:23.608] [main/DEBUG] [cpw.mods.modlauncher.TransformationServicesHandler/MODLAUNCHER]: Transformation services loading
[08Sep2026 17:02:23.609] [main/DEBUG] [cpw.mods.modlauncher.TransformationServiceDecorator/MODLAUNCHER]: Loading service mixin
[08Sep2026 17:02:23.609] [main/DEBUG] [cpw.mods.modlauncher.TransformationServiceDecorator/MODLAUNCHER]: Loaded service mixin
[08Sep2026 17:02:23.609] [main/DEBUG] [cpw.mods.modlauncher.TransformationServiceDecorator/MODLAUNCHER]: Loading service fml
[08Sep2026 17:02:23.610] [main/DEBUG] [net.neoforged.fml.loading.FMLLoader/CORE]: FML 4.0.43 loading
[08Sep2026 17:02:23.611] [main/DEBUG] [net.neoforged.fml.loading.FMLLoader/CORE]: FML found ModLauncher version : 11.0.5+main.901c6ea8
[08Sep2026 17:02:23.611] [main/DEBUG] [net.neoforged.fml.loading.FMLLoader/CORE]: FML found AccessTransformer version : 10.0.1+139da711
[08Sep2026 17:02:23.611] [main/DEBUG] [net.neoforged.fml.loading.FMLLoader/CORE]: FML found EventBus version : null
[08Sep2026 17:02:23.612] [main/DEBUG] [net.neoforged.fml.loading.FMLLoader/CORE]: Found Runtime Dist Cleaner
[08Sep2026 17:02:23.612] [main/DEBUG] [cpw.mods.modlauncher.TransformationServiceDecorator/MODLAUNCHER]: Loaded service fml
[08Sep2026 17:02:23.612] [main/DEBUG] [cpw.mods.modlauncher.TransformationServicesHandler/MODLAUNCHER]: Configuring option handling for services
[08Sep2026 17:02:23.637] [main/DEBUG] [net.neoforged.fml.loading.FMLServiceProvider/CORE]: Received command line version data  : VersionInfo[neoForgeVersion=21.1.248, fmlVersion=4.0.43, mcVersion=1.21.1, neoFormVersion=20240808.144430]
[08Sep2026 17:02:23.637] [main/DEBUG] [cpw.mods.modlauncher.TransformationServicesHandler/MODLAUNCHER]: Transformation services initializing
[08Sep2026 17:02:23.639] [main/DEBUG] [cpw.mods.modlauncher.TransformationServiceDecorator/MODLAUNCHER]: Initializing transformation service mixin
[08Sep2026 17:02:23.667] [main/DEBUG] [mixin/]: MixinService [ModLauncher] was successfully booted in cpw.mods.cl.ModuleClassLoader@6a4f787b
[08Sep2026 17:02:23.695] [main/INFO] [mixin/]: SpongePowered MIXIN Subsystem Version=0.8.7 Source=union:/X:/NonSteamGamesOnXray/Minecraft/CreateServerWithModsIncludingComputerCraftWithMage-Updated/libraries/net/fabricmc/sponge-mixin/0.15.2+mixin.0.8.7/sponge-mixin-0.15.2+mixin.0.8.7.jar%2373!/ Service=ModLauncher Env=SERVER
[08Sep2026 17:02:23.703] [main/DEBUG] [mixin/]: Initialising Mixin Platform Manager
[08Sep2026 17:02:23.703] [main/DEBUG] [mixin/]: Adding mixin platform agents for container ModLauncher Root Container(ModLauncher:4f56a0a2)
[08Sep2026 17:02:23.705] [main/DEBUG] [mixin/]: Instancing new MixinPlatformAgentMinecraftForge for ModLauncher Root Container(ModLauncher:4f56a0a2)
[08Sep2026 17:02:23.706] [main/DEBUG] [mixin/]: MixinPlatformAgentMinecraftForge rejected container ModLauncher Root Container(ModLauncher:4f56a0a2)
[08Sep2026 17:02:23.707] [main/DEBUG] [mixin/]: Instancing new MixinPlatformAgentDefault for ModLauncher Root Container(ModLauncher:4f56a0a2)
[08Sep2026 17:02:23.707] [main/DEBUG] [mixin/]: MixinPlatformAgentDefault accepted container ModLauncher Root Container(ModLauncher:4f56a0a2)
[08Sep2026 17:02:23.713] [main/DEBUG] [cpw.mods.modlauncher.TransformationServiceDecorator/MODLAUNCHER]: Initialized transformation service mixin
[08Sep2026 17:02:23.713] [main/DEBUG] [cpw.mods.modlauncher.TransformationServiceDecorator/MODLAUNCHER]: Initializing transformation service fml
[08Sep2026 17:02:23.713] [main/DEBUG] [net.neoforged.fml.loading.FMLServiceProvider/CORE]: Setting up basic FML game directories
[08Sep2026 17:02:23.713] [main/DEBUG] [net.neoforged.fml.loading.FMLPaths/CORE]: Path GAMEDIR is X:\NonSteamGamesOnXray\Minecraft\CreateServerWithModsIncludingComputerCraftWithMage-Updated
[08Sep2026 17:02:23.713] [main/DEBUG] [net.neoforged.fml.loading.FMLPaths/CORE]: Path MODSDIR is X:\NonSteamGamesOnXray\Minecraft\CreateServerWithModsIncludingComputerCraftWithMage-Updated\mods
[08Sep2026 17:02:23.713] [main/DEBUG] [net.neoforged.fml.loading.FMLPaths/CORE]: Path CONFIGDIR is X:\NonSteamGamesOnXray\Minecraft\CreateServerWithModsIncludingComputerCraftWithMage-Updated\config
[08Sep2026 17:02:23.713] [main/DEBUG] [net.neoforged.fml.loading.FMLPaths/CORE]: Path FMLCONFIG is X:\NonSteamGamesOnXray\Minecraft\CreateServerWithModsIncludingComputerCraftWithMage-Updated\config\fml.toml
[08Sep2026 17:02:23.714] [main/DEBUG] [net.neoforged.fml.loading.FMLServiceProvider/CORE]: Loading configuration
[08Sep2026 17:02:23.716] [main/TRACE] [net.neoforged.fml.loading.FMLConfig/CORE]: Loaded FML config from X:\NonSteamGamesOnXray\Minecraft\CreateServerWithModsIncludingComputerCraftWithMage-Updated\config\fml.toml
[08Sep2026 17:02:23.716] [main/TRACE] [net.neoforged.fml.loading.FMLConfig/CORE]: FMLConfig disableConfigWatcher is false
[08Sep2026 17:02:23.717] [main/TRACE] [net.neoforged.fml.loading.FMLConfig/CORE]: FMLConfig earlyWindowControl is true
[08Sep2026 17:02:23.717] [main/TRACE] [net.neoforged.fml.loading.FMLConfig/CORE]: FMLConfig maxThreads is 24
[08Sep2026 17:02:23.717] [main/TRACE] [net.neoforged.fml.loading.FMLConfig/CORE]: FMLConfig versionCheck is true
[08Sep2026 17:02:23.717] [main/TRACE] [net.neoforged.fml.loading.FMLConfig/CORE]: FMLConfig defaultConfigPath is defaultconfigs
[08Sep2026 17:02:23.717] [main/TRACE] [net.neoforged.fml.loading.FMLConfig/CORE]: FMLConfig disableOptimizedDFU is true
[08Sep2026 17:02:23.717] [main/TRACE] [net.neoforged.fml.loading.FMLConfig/CORE]: FMLConfig earlyWindowProvider is fmlearlywindow
[08Sep2026 17:02:23.717] [main/TRACE] [net.neoforged.fml.loading.FMLConfig/CORE]: FMLConfig earlyWindowWidth is 854
[08Sep2026 17:02:23.717] [main/TRACE] [net.neoforged.fml.loading.FMLConfig/CORE]: FMLConfig earlyWindowHeight is 480
[08Sep2026 17:02:23.717] [main/TRACE] [net.neoforged.fml.loading.FMLConfig/CORE]: FMLConfig earlyWindowFBScale is 1
[08Sep2026 17:02:23.717] [main/TRACE] [net.neoforged.fml.loading.FMLConfig/CORE]: FMLConfig earlyWindowMaximized is false
[08Sep2026 17:02:23.717] [main/TRACE] [net.neoforged.fml.loading.FMLConfig/CORE]: FMLConfig earlyWindowSkipGLVersions is []
[08Sep2026 17:02:23.717] [main/TRACE] [net.neoforged.fml.loading.FMLConfig/CORE]: FMLConfig earlyWindowSquir is false
[08Sep2026 17:02:23.720] [main/DEBUG] [net.neoforged.fml.loading.LaunchContext/SCAN]: Located paths when launch context was created: [X:\NonSteamGamesOnXray\Minecraft\CreateServerWithModsIncludingComputerCraftWithMage-Updated\libraries\com\mojang\brigadier\1.3.10\brigadier-1.3.10.jar, X:\NonSteamGamesOnXray\Minecraft\CreateServerWithModsIncludingComputerCraftWithMage-Updated\libraries\com\google\j2objc\j2objc-annotations\2.8\j2objc-annotations-2.8.jar, X:\NonSteamGamesOnXray\Minecraft\CreateServerWithModsIncludingComputerCraftWithMage-Updated\libraries\net\jodah\typetools\0.6.3\typetools-0.6.3.jar, X:\NonSteamGamesOnXray\Minecraft\CreateServerWithModsIncludingComputerCraftWithMage-Updated\libraries\net\neoforged\fancymodloader\earlydisplay\4.0.43\earlydisplay-4.0.43.jar, X:\NonSteamGamesOnXray\Minecraft\CreateServerWithModsIncludingComputerCraftWithMage-Updated\libraries\com\electronwill\night-config\toml\3.8.3\toml-3.8.3.jar, X:\NonSteamGamesOnXray\Minecraft\CreateServerWithModsIncludingComputerCraftWithMage-Updated\libraries\com\mojang\logging\1.2.7\logging-1.2.7.jar, X:\NonSteamGamesOnXray\Minecraft\CreateServerWithModsIncludingComputerCraftWithMage-Updated\libraries\it\unimi\dsi\fastutil\8.5.12\fastutil-8.5.12.jar, X:\NonSteamGamesOnXray\Minecraft\CreateServerWithModsIncludingComputerCraftWithMage-Updated\libraries\com\google\code\findbugs\jsr305\3.0.2\jsr305-3.0.2.jar, X:\NonSteamGamesOnXray\Minecraft\CreateServerWithModsIncludingComputerCraftWithMage-Updated\libraries\net\java\dev\jna\jna-platform\5.14.0\jna-platform-5.14.0.jar, X:\NonSteamGamesOnXray\Minecraft\CreateServerWithModsIncludingComputerCraftWithMage-Updated\libraries\io\netty\netty-transport-native-epoll\4.1.97.Final\netty-transport-native-epoll-4.1.97.Final-linux-aarch_64.jar, X:\NonSteamGamesOnXray\Minecraft\CreateServerWithModsIncludingComputerCraftWithMage-Updated\libraries\com\google\code\gson\gson\2.10.1\gson-2.10.1.jar, X:\NonSteamGamesOnXray\Minecraft\CreateServerWithModsIncludingComputerCraftWithMage-Updated\libraries\com\mojang\datafixerupper\8.0.16\datafixerupper-8.0.16.jar, X:\NonSteamGamesOnXray\Minecraft\CreateServerWithModsIncludingComputerCraftWithMage-Updated\libraries\org\apache\logging\log4j\log4j-core\2.22.1\log4j-core-2.22.1.jar, X:\NonSteamGamesOnXray\Minecraft\CreateServerWithModsIncludingComputerCraftWithMage-Updated\libraries\com\google\errorprone\error_prone_annotations\2.18.0\error_prone_annotations-2.18.0.jar, X:\NonSteamGamesOnXray\Minecraft\CreateServerWithModsIncludingComputerCraftWithMage-Updated\libraries\io\netty\netty-common\4.1.97.Final\netty-common-4.1.97.Final.jar, X:\NonSteamGamesOnXray\Minecraft\CreateServerWithModsIncludingComputerCraftWithMage-Updated\libraries\org\apache\commons\commons-lang3\3.14.0\commons-lang3-3.14.0.jar, X:\NonSteamGamesOnXray\Minecraft\CreateServerWithModsIncludingComputerCraftWithMage-Updated\libraries\com\mojang\authlib\6.0.54\authlib-6.0.54.jar, X:\NonSteamGamesOnXray\Minecraft\CreateServerWithModsIncludingComputerCraftWithMage-Updated\libraries\org\antlr\antlr4-runtime\4.13.1\antlr4-runtime-4.13.1.jar, X:\NonSteamGamesOnXray\Minecraft\CreateServerWithModsIncludingComputerCraftWithMage-Updated\libraries\io\netty\netty-resolver\4.1.97.Final\netty-resolver-4.1.97.Final.jar, X:\NonSteamGamesOnXray\Minecraft\CreateServerWithModsIncludingComputerCraftWithMage-Updated\libraries\net\neoforged\bus\8.0.5\bus-8.0.5.jar, X:\NonSteamGamesOnXray\Minecraft\CreateServerWithModsIncludingComputerCraftWithMage-Updated\libraries\commons-io\commons-io\2.15.1\commons-io-2.15.1.jar, X:\NonSteamGamesOnXray\Minecraft\CreateServerWithModsIncludingComputerCraftWithMage-Updated\libraries\io\netty\netty-transport-native-epoll\4.1.97.Final\netty-transport-native-epoll-4.1.97.Final-linux-x86_64.jar, X:\NonSteamGamesOnXray\Minecraft\CreateServerWithModsIncludingComputerCraftWithMage-Updated\libraries\com\github\oshi\oshi-core\6.4.10\oshi-core-6.4.10.jar, X:\NonSteamGamesOnXray\Minecraft\CreateServerWithModsIncludingComputerCraftWithMage-Updated\libraries\org\joml\joml\1.10.5\joml-1.10.5.jar, X:\NonSteamGamesOnXray\Minecraft\CreateServerWithModsIncludingComputerCraftWithMage-Updated\libraries\com\google\guava\failureaccess\1.0.1\failureaccess-1.0.1.jar, X:\NonSteamGamesOnXray\Minecraft\CreateServerWithModsIncludingComputerCraftWithMage-Updated\libraries\io\netty\netty-transport\4.1.97.Final\netty-transport-4.1.97.Final.jar, X:\NonSteamGamesOnXray\Minecraft\CreateServerWithModsIncludingComputerCraftWithMage-Updated\libraries\net\fabricmc\sponge-mixin\0.15.2+mixin.0.8.7\sponge-mixin-0.15.2+mixin.0.8.7.jar, X:\NonSteamGamesOnXray\Minecraft\CreateServerWithModsIncludingComputerCraftWithMage-Updated\libraries\com\electronwill\night-config\core\3.8.3\core-3.8.3.jar, X:\NonSteamGamesOnXray\Minecraft\CreateServerWithModsIncludingComputerCraftWithMage-Updated\libraries\net\java\dev\jna\jna\5.14.0\jna-5.14.0.jar, X:\NonSteamGamesOnXray\Minecraft\CreateServerWithModsIncludingComputerCraftWithMage-Updated\libraries\io\netty\netty-buffer\4.1.97.Final\netty-buffer-4.1.97.Final.jar, X:\NonSteamGamesOnXray\Minecraft\CreateServerWithModsIncludingComputerCraftWithMage-Updated\libraries\org\jline\jline-terminal\3.20.0\jline-terminal-3.20.0.jar, X:\NonSteamGamesOnXray\Minecraft\CreateServerWithModsIncludingComputerCraftWithMage-Updated\libraries\net\neoforged\JarJarSelector\0.4.1\JarJarSelector-0.4.1.jar, X:\NonSteamGamesOnXray\Minecraft\CreateServerWithModsIncludingComputerCraftWithMage-Updated\libraries\cpw\mods\modlauncher\11.0.5\modlauncher-11.0.5.jar, X:\NonSteamGamesOnXray\Minecraft\CreateServerWithModsIncludingComputerCraftWithMage-Updated\libraries\org\codehaus\plexus\plexus-utils\3.3.0\plexus-utils-3.3.0.jar, X:\NonSteamGamesOnXray\Minecraft\CreateServerWithModsIncludingComputerCraftWithMage-Updated\libraries\org\apache\logging\log4j\log4j-slf4j2-impl\2.22.1\log4j-slf4j2-impl-2.22.1.jar, X:\NonSteamGamesOnXray\Minecraft\CreateServerWithModsIncludingComputerCraftWithMage-Updated\libraries\io\netty\netty-transport-native-unix-common\4.1.97.Final\netty-transport-native-unix-common-4.1.97.Final.jar, X:\NonSteamGamesOnXray\Minecraft\CreateServerWithModsIncludingComputerCraftWithMage-Updated\libraries\org\slf4j\slf4j-api\2.0.9\slf4j-api-2.0.9.jar, X:\NonSteamGamesOnXray\Minecraft\CreateServerWithModsIncludingComputerCraftWithMage-Updated\libraries\io\netty\netty-handler\4.1.97.Final\netty-handler-4.1.97.Final.jar, X:\NonSteamGamesOnXray\Minecraft\CreateServerWithModsIncludingComputerCraftWithMage-Updated\libraries\net\neoforged\fancymodloader\loader\4.0.43\loader-4.0.43.jar, X:\NonSteamGamesOnXray\Minecraft\CreateServerWithModsIncludingComputerCraftWithMage-Updated\libraries\org\jline\jline-reader\3.20.0\jline-reader-3.20.0.jar, X:\NonSteamGamesOnXray\Minecraft\CreateServerWithModsIncludingComputerCraftWithMage-Updated\libraries\net\neoforged\accesstransformers\at-modlauncher\10.0.1\at-modlauncher-10.0.1.jar, X:\NonSteamGamesOnXray\Minecraft\CreateServerWithModsIncludingComputerCraftWithMage-Updated\libraries\io\netty\netty-codec\4.1.97.Final\netty-codec-4.1.97.Final.jar, X:\NonSteamGamesOnXray\Minecraft\CreateServerWithModsIncludingComputerCraftWithMage-Updated\libraries\net\neoforged\accesstransformers\10.0.1\accesstransformers-10.0.1.jar, X:\NonSteamGamesOnXray\Minecraft\CreateServerWithModsIncludingComputerCraftWithMage-Updated\libraries\net\neoforged\mergetool\2.0.0\mergetool-2.0.0-api.jar, X:\NonSteamGamesOnXray\Minecraft\CreateServerWithModsIncludingComputerCraftWithMage-Updated\libraries\org\lz4\lz4-java\1.8.0\lz4-java-1.8.0.jar, X:\NonSteamGamesOnXray\Minecraft\CreateServerWithModsIncludingComputerCraftWithMage-Updated\libraries\net\sf\jopt-simple\jopt-simple\5.0.4\jopt-simple-5.0.4.jar, X:\NonSteamGamesOnXray\Minecraft\CreateServerWithModsIncludingComputerCraftWithMage-Updated\libraries\com\google\guava\listenablefuture\9999.0-empty-to-avoid-conflict-with-guava\listenablefuture-9999.0-empty-to-avoid-conflict-with-guava.jar, X:\NonSteamGamesOnXray\Minecraft\CreateServerWithModsIncludingComputerCraftWithMage-Updated\libraries\net\neoforged\JarJarMetadata\0.4.1\JarJarMetadata-0.4.1.jar, X:\NonSteamGamesOnXray\Minecraft\CreateServerWithModsIncludingComputerCraftWithMage-Updated\libraries\org\checkerframework\checker-qual\3.33.0\checker-qual-3.33.0.jar, X:\NonSteamGamesOnXray\Minecraft\CreateServerWithModsIncludingComputerCraftWithMage-Updated\libraries\net\minecrell\terminalconsoleappender\1.3.0\terminalconsoleappender-1.3.0.jar, X:\NonSteamGamesOnXray\Minecraft\CreateServerWithModsIncludingComputerCraftWithMage-Updated\libraries\com\machinezoo\noexception\noexception\1.7.1\noexception-1.7.1.jar, X:\NonSteamGamesOnXray\Minecraft\CreateServerWithModsIncludingComputerCraftWithMage-Updated\libraries\com\google\guava\guava\32.1.2-jre\guava-32.1.2-jre.jar, X:\NonSteamGamesOnXray\Minecraft\CreateServerWithModsIncludingComputerCraftWithMage-Updated\libraries\net\minecraftforge\srgutils\0.4.15\srgutils-0.4.15.jar, X:\NonSteamGamesOnXray\Minecraft\CreateServerWithModsIncludingComputerCraftWithMage-Updated\libraries\org\apache\logging\log4j\log4j-api\2.22.1\log4j-api-2.22.1.jar, X:\NonSteamGamesOnXray\Minecraft\CreateServerWithModsIncludingComputerCraftWithMage-Updated\libraries\org\apache\maven\maven-artifact\3.8.5\maven-artifact-3.8.5.jar, X:\NonSteamGamesOnXray\Minecraft\CreateServerWithModsIncludingComputerCraftWithMage-Updated\libraries\org\openjdk\nashorn\nashorn-core\15.4\nashorn-core-15.4.jar, X:\NonSteamGamesOnXray\Minecraft\CreateServerWithModsIncludingComputerCraftWithMage-Updated\libraries\io\netty\netty-transport-classes-epoll\4.1.97.Final\netty-transport-classes-epoll-4.1.97.Final.jar, X:\NonSteamGamesOnXray\Minecraft\CreateServerWithModsIncludingComputerCraftWithMage-Updated\libraries\net\neoforged\coremods\7.0.3\coremods-7.0.3.jar]
[08Sep2026 17:02:23.721] [main/DEBUG] [net.neoforged.fml.loading.FMLServiceProvider/CORE]: Preparing launch handler
[08Sep2026 17:02:23.722] [main/DEBUG] [net.neoforged.fml.loading.FMLLoader/CORE]: Using forgeserver as launch service
[08Sep2026 17:02:23.722] [main/DEBUG] [net.neoforged.fml.common.asm.RuntimeDistCleaner/DISTXFORM]: Configuring for Dist DEDICATED_SERVER
[08Sep2026 17:02:23.726] [main/DEBUG] [cpw.mods.modlauncher.TransformationServiceDecorator/MODLAUNCHER]: Initialized transformation service fml
[08Sep2026 17:02:23.726] [main/DEBUG] [cpw.mods.modlauncher.TransformationServicesHandler/MODLAUNCHER]: Transformation services begin scanning
[08Sep2026 17:02:23.727] [main/DEBUG] [cpw.mods.modlauncher.TransformationServiceDecorator/MODLAUNCHER]: Beginning scan trigger - transformation service mixin
[08Sep2026 17:02:23.727] [main/DEBUG] [cpw.mods.modlauncher.TransformationServiceDecorator/MODLAUNCHER]: End scan trigger - transformation service mixin
[08Sep2026 17:02:23.727] [main/DEBUG] [cpw.mods.modlauncher.TransformationServiceDecorator/MODLAUNCHER]: Beginning scan trigger - transformation service fml
[08Sep2026 17:02:23.727] [main/DEBUG] [net.neoforged.fml.loading.FMLServiceProvider/CORE]: Initiating mod scan
[08Sep2026 17:02:23.766] [main/DEBUG] [net.neoforged.fml.util.ServiceLoaderUtil/CORE]: Found 4 implementations of IModFileCandidateLocator:
[08Sep2026 17:02:23.767] [main/DEBUG] [net.neoforged.fml.util.ServiceLoaderUtil/CORE]: 	    1000 - [built-in] net.neoforged.fml.loading.moddiscovery.locators.ProductionServerProvider from loader-4.0.43.jar
[08Sep2026 17:02:23.771] [main/DEBUG] [net.neoforged.fml.util.ServiceLoaderUtil/CORE]: 	    1000 - [built-in] net.neoforged.fml.loading.moddiscovery.locators.PathBasedLocator from loader-4.0.43.jar
[08Sep2026 17:02:23.771] [main/DEBUG] [net.neoforged.fml.util.ServiceLoaderUtil/CORE]: 	       0 - net.neoforged.fml.loading.moddiscovery.locators.ModsFolderLocator from loader-4.0.43.jar
[08Sep2026 17:02:23.771] [main/DEBUG] [net.neoforged.fml.util.ServiceLoaderUtil/CORE]: 	       0 - net.neoforged.fml.loading.moddiscovery.locators.MavenDirectoryLocator from loader-4.0.43.jar
[08Sep2026 17:02:23.774] [main/DEBUG] [net.neoforged.fml.util.ServiceLoaderUtil/CORE]: Found 2 implementations of IModFileReader:
[08Sep2026 17:02:23.774] [main/DEBUG] [net.neoforged.fml.util.ServiceLoaderUtil/CORE]: 	       0 - net.neoforged.fml.loading.moddiscovery.readers.JarModsDotTomlModFileReader from loader-4.0.43.jar
[08Sep2026 17:02:23.775] [main/DEBUG] [net.neoforged.fml.util.ServiceLoaderUtil/CORE]: 	   -1000 - net.neoforged.fml.loading.moddiscovery.readers.NestedLibraryModReader from loader-4.0.43.jar
[08Sep2026 17:02:23.776] [main/DEBUG] [net.neoforged.fml.util.ServiceLoaderUtil/CORE]: Found 1 implementations of IDependencyLocator:
[08Sep2026 17:02:23.777] [main/DEBUG] [net.neoforged.fml.util.ServiceLoaderUtil/CORE]: 	       0 - net.neoforged.fml.loading.moddiscovery.locators.JarInJarDependencyLocator from loader-4.0.43.jar
[08Sep2026 17:02:23.777] [main/DEBUG] [net.neoforged.fml.loading.moddiscovery.ModDiscoverer/SCAN]: Scanning for mods and other resources to load. We know 4 ways to find mods
[08Sep2026 17:02:23.777] [main/DEBUG] [net.neoforged.fml.loading.moddiscovery.ModDiscoverer/SCAN]: Trying locator production server provider +net.neoforged:neoforge:21.1.248:server
[08Sep2026 17:02:24.049] [main/DEBUG] [net.neoforged.fml.loading.moddiscovery.ModFileInfo/LOADING]: Found valid mod file server-1.21.1-20240808.144430-srg.jar with {minecraft} mods - versions {1.21.1}
[08Sep2026 17:02:24.050] [main/INFO] [net.neoforged.fml.loading.moddiscovery.ModDiscoverer/SCAN]: Found mod file "server-1.21.1-20240808.144430-srg.jar" [locator: production server provider +net.neoforged:neoforge:21.1.248:server]
[08Sep2026 17:02:24.050] [main/DEBUG] [net.neoforged.fml.loading.moddiscovery.ModDiscoverer/SCAN]: Locator production server provider +net.neoforged:neoforge:21.1.248:server found 1 mods, 0 warnings, 0 errors and skipped 0 candidates
[08Sep2026 17:02:24.052] [main/DEBUG] [net.neoforged.fml.loading.moddiscovery.ModDiscoverer/SCAN]: Trying locator PathBasedLocator[name=neoforge, paths=[libraries\net\neoforged\neoforge\21.1.248\neoforge-21.1.248-universal.jar]]
[08Sep2026 17:02:24.060] [main/DEBUG] [net.neoforged.fml.loading.moddiscovery.readers.JarModsDotTomlModFileReader/SCAN]: Found META-INF/neoforge.mods.toml mod of type null: X:\NonSteamGamesOnXray\Minecraft\CreateServerWithModsIncludingComputerCraftWithMage-Updated\libraries\net\neoforged\neoforge\21.1.248\neoforge-21.1.248-universal.jar
[08Sep2026 17:02:24.060] [main/DEBUG] [net.neoforged.fml.loading.moddiscovery.ModFileParser/LOADING]: Considering mod file candidate X:\NonSteamGamesOnXray\Minecraft\CreateServerWithModsIncludingComputerCraftWithMage-Updated\libraries\net\neoforged\neoforge\21.1.248\neoforge-21.1.248-universal.jar
[08Sep2026 17:02:24.078] [main/DEBUG] [net.neoforged.fml.loading.moddiscovery.ModFileInfo/LOADING]: Found valid mod file neoforge-21.1.248-universal.jar with {neoforge} mods - versions {21.1.248}
[08Sep2026 17:02:24.078] [main/INFO] [net.neoforged.fml.loading.moddiscovery.ModDiscoverer/SCAN]: Found mod file "neoforge-21.1.248-universal.jar" [locator: PathBasedLocator[name=neoforge, paths=[libraries\net\neoforged\neoforge\21.1.248\neoforge-21.1.248-universal.jar]], reader: mod manifest]
[08Sep2026 17:02:24.078] [main/DEBUG] [net.neoforged.fml.loading.moddiscovery.ModDiscoverer/SCAN]: Locator PathBasedLocator[name=neoforge, paths=[libraries\net\neoforged\neoforge\21.1.248\neoforge-21.1.248-universal.jar]] found 1 mods, 0 warnings, 0 errors and skipped 0 candidates
[08Sep2026 17:02:24.079] [main/DEBUG] [net.neoforged.fml.loading.moddiscovery.ModDiscoverer/SCAN]: Trying locator {mods folder locator at X:\NonSteamGamesOnXray\Minecraft\CreateServerWithModsIncludingComputerCraftWithMage-Updated\mods}
[08Sep2026 17:02:24.079] [main/DEBUG] [net.neoforged.fml.loading.moddiscovery.locators.ModsFolderLocator/SCAN]: Scanning mods dir X:\NonSteamGamesOnXray\Minecraft\CreateServerWithModsIncludingComputerCraftWithMage-Updated\mods for mods
[08Sep2026 17:02:24.082] [main/DEBUG] [net.neoforged.fml.loading.moddiscovery.readers.JarModsDotTomlModFileReader/SCAN]: Found META-INF/neoforge.mods.toml mod of type null: X:\NonSteamGamesOnXray\Minecraft\CreateServerWithModsIncludingComputerCraftWithMage-Updated\mods\allarrowspickup-1.0.0.jar
[08Sep2026 17:02:24.082] [main/DEBUG] [net.neoforged.fml.loading.moddiscovery.ModFileParser/LOADING]: Considering mod file candidate X:\NonSteamGamesOnXray\Minecraft\CreateServerWithModsIncludingComputerCraftWithMage-Updated\mods\allarrowspickup-1.0.0.jar
[08Sep2026 17:02:24.088] [main/DEBUG] [net.neoforged.fml.loading.moddiscovery.ModFileInfo/LOADING]: Found valid mod file allarrowspickup-1.0.0.jar with {allarrowspickup} mods - versions {1.0.0}
[08Sep2026 17:02:24.088] [main/INFO] [net.neoforged.fml.loading.moddiscovery.ModDiscoverer/SCAN]: Found mod file "allarrowspickup-1.0.0.jar" [locator: {mods folder locator at X:\NonSteamGamesOnXray\Minecraft\CreateServerWithModsIncludingComputerCraftWithMage-Updated\mods}, reader: mod manifest]
[08Sep2026 17:02:24.090] [main/DEBUG] [net.neoforged.fml.loading.moddiscovery.readers.JarModsDotTomlModFileReader/SCAN]: Found META-INF/neoforge.mods.toml mod of type null: X:\NonSteamGamesOnXray\Minecraft\CreateServerWithModsIncludingComputerCraftWithMage-Updated\mods\badpackets-neo-0.8.2.jar
[08Sep2026 17:02:24.090] [main/DEBUG] [net.neoforged.fml.loading.moddiscovery.ModFileParser/LOADING]: Considering mod file candidate X:\NonSteamGamesOnXray\Minecraft\CreateServerWithModsIncludingComputerCraftWithMage-Updated\mods\badpackets-neo-0.8.2.jar
[08Sep2026 17:02:24.093] [main/DEBUG] [net.neoforged.fml.loading.moddiscovery.ModFileInfo/LOADING]: Found valid mod file badpackets-neo-0.8.2.jar with {badpackets} mods - versions {0.8.2}
[08Sep2026 17:02:24.094] [main/INFO] [net.neoforged.fml.loading.moddiscovery.ModDiscoverer/SCAN]: Found mod file "badpackets-neo-0.8.2.jar" [locator: {mods folder locator at X:\NonSteamGamesOnXray\Minecraft\CreateServerWithModsIncludingComputerCraftWithMage-Updated\mods}, reader: mod manifest]
[08Sep2026 17:02:24.098] [main/DEBUG] [net.neoforged.fml.loading.moddiscovery.readers.JarModsDotTomlModFileReader/SCAN]: Found META-INF/neoforge.mods.toml mod of type null: X:\NonSteamGamesOnXray\Minecraft\CreateServerWithModsIncludingComputerCraftWithMage-Updated\mods\cc-tweaked-1.21.1-forge-1.120.2.jar
[08Sep2026 17:02:24.098] [main/DEBUG] [net.neoforged.fml.loading.moddiscovery.ModFileParser/LOADING]: Considering mod file candidate X:\NonSteamGamesOnXray\Minecraft\CreateServerWithModsIncludingComputerCraftWithMage-Updated\mods\cc-tweaked-1.21.1-forge-1.120.2.jar
[08Sep2026 17:02:24.100] [main/DEBUG] [net.neoforged.fml.loading.moddiscovery.ModFileInfo/LOADING]: Found valid mod file cc-tweaked-1.21.1-forge-1.120.2.jar with {computercraft} mods - versions {1.120.2}
[08Sep2026 17:02:24.102] [main/INFO] [net.neoforged.fml.loading.moddiscovery.ModDiscoverer/SCAN]: Found mod file "cc-tweaked-1.21.1-forge-1.120.2.jar" [locator: {mods folder locator at X:\NonSteamGamesOnXray\Minecraft\CreateServerWithModsIncludingComputerCraftWithMage-Updated\mods}, reader: mod manifest]
[08Sep2026 17:02:24.106] [main/DEBUG] [net.neoforged.fml.loading.moddiscovery.readers.JarModsDotTomlModFileReader/SCAN]: Found META-INF/neoforge.mods.toml mod of type null: X:\NonSteamGamesOnXray\Minecraft\CreateServerWithModsIncludingComputerCraftWithMage-Updated\mods\cloth-config-15.0.140-neoforge.jar
[08Sep2026 17:02:24.107] [main/DEBUG] [net.neoforged.fml.loading.moddiscovery.ModFileParser/LOADING]: Considering mod file candidate X:\NonSteamGamesOnXray\Minecraft\CreateServerWithModsIncludingComputerCraftWithMage-Updated\mods\cloth-config-15.0.140-neoforge.jar
[08Sep2026 17:02:24.109] [main/DEBUG] [net.neoforged.fml.loading.moddiscovery.ModFileInfo/LOADING]: Found valid mod file cloth-config-15.0.140-neoforge.jar with {cloth_config} mods - versions {15.0.140}
[08Sep2026 17:02:24.109] [main/INFO] [net.neoforged.fml.loading.moddiscovery.ModDiscoverer/SCAN]: Found mod file "cloth-config-15.0.140-neoforge.jar" [locator: {mods folder locator at X:\NonSteamGamesOnXray\Minecraft\CreateServerWithModsIncludingComputerCraftWithMage-Updated\mods}, reader: mod manifest]
[08Sep2026 17:02:24.115] [main/DEBUG] [net.neoforged.fml.loading.moddiscovery.readers.JarModsDotTomlModFileReader/SCAN]: Found META-INF/neoforge.mods.toml mod of type null: X:\NonSteamGamesOnXray\Minecraft\CreateServerWithModsIncludingComputerCraftWithMage-Updated\mods\create-1.21.1-6.0.10.jar
[08Sep2026 17:02:24.116] [main/DEBUG] [net.neoforged.fml.loading.moddiscovery.ModFileParser/LOADING]: Considering mod file candidate X:\NonSteamGamesOnXray\Minecraft\CreateServerWithModsIncludingComputerCraftWithMage-Updated\mods\create-1.21.1-6.0.10.jar
[08Sep2026 17:02:24.119] [main/DEBUG] [net.neoforged.fml.loading.moddiscovery.ModFileInfo/LOADING]: Found valid mod file create-1.21.1-6.0.10.jar with {create} mods - versions {6.0.10}
[08Sep2026 17:02:24.119] [main/INFO] [net.neoforged.fml.loading.moddiscovery.ModDiscoverer/SCAN]: Found mod file "create-1.21.1-6.0.10.jar" [locator: {mods folder locator at X:\NonSteamGamesOnXray\Minecraft\CreateServerWithModsIncludingComputerCraftWithMage-Updated\mods}, reader: mod manifest]
[08Sep2026 17:02:24.122] [main/DEBUG] [net.neoforged.fml.loading.moddiscovery.readers.JarModsDotTomlModFileReader/SCAN]: Found META-INF/neoforge.mods.toml mod of type null: X:\NonSteamGamesOnXray\Minecraft\CreateServerWithModsIncludingComputerCraftWithMage-Updated\mods\create-aeronautics-bundled-1.21.1-1.3.1.jar
[08Sep2026 17:02:24.122] [main/DEBUG] [net.neoforged.fml.loading.moddiscovery.ModFileParser/LOADING]: Considering mod file candidate X:\NonSteamGamesOnXray\Minecraft\CreateServerWithModsIncludingComputerCraftWithMage-Updated\mods\create-aeronautics-bundled-1.21.1-1.3.1.jar
[08Sep2026 17:02:24.125] [main/DEBUG] [net.neoforged.fml.loading.moddiscovery.ModFileInfo/LOADING]: Found valid mod file create-aeronautics-bundled-1.21.1-1.3.1.jar with {aeronautics_bundled} mods - versions {1.3.1}
[08Sep2026 17:02:24.125] [main/INFO] [net.neoforged.fml.loading.moddiscovery.ModDiscoverer/SCAN]: Found mod file "create-aeronautics-bundled-1.21.1-1.3.1.jar" [locator: {mods folder locator at X:\NonSteamGamesOnXray\Minecraft\CreateServerWithModsIncludingComputerCraftWithMage-Updated\mods}, reader: mod manifest]
[08Sep2026 17:02:24.129] [main/DEBUG] [net.neoforged.fml.loading.moddiscovery.readers.JarModsDotTomlModFileReader/SCAN]: Found META-INF/neoforge.mods.toml mod of type null: X:\NonSteamGamesOnXray\Minecraft\CreateServerWithModsIncludingComputerCraftWithMage-Updated\mods\gliders-1.21.1-neoforge-1.1.8.jar
[08Sep2026 17:02:24.129] [main/DEBUG] [net.neoforged.fml.loading.moddiscovery.ModFileParser/LOADING]: Considering mod file candidate X:\NonSteamGamesOnXray\Minecraft\CreateServerWithModsIncludingComputerCraftWithMage-Updated\mods\gliders-1.21.1-neoforge-1.1.8.jar
[08Sep2026 17:02:24.131] [main/DEBUG] [net.neoforged.fml.loading.moddiscovery.ModFileInfo/LOADING]: Found valid mod file gliders-1.21.1-neoforge-1.1.8.jar with {vc_gliders} mods - versions {1.1.8}
[08Sep2026 17:02:24.131] [main/INFO] [net.neoforged.fml.loading.moddiscovery.ModDiscoverer/SCAN]: Found mod file "gliders-1.21.1-neoforge-1.1.8.jar" [locator: {mods folder locator at X:\NonSteamGamesOnXray\Minecraft\CreateServerWithModsIncludingComputerCraftWithMage-Updated\mods}, reader: mod manifest]
[08Sep2026 17:02:24.134] [main/DEBUG] [net.neoforged.fml.loading.moddiscovery.readers.JarModsDotTomlModFileReader/SCAN]: Found META-INF/neoforge.mods.toml mod of type null: X:\NonSteamGamesOnXray\Minecraft\CreateServerWithModsIncludingComputerCraftWithMage-Updated\mods\inventorysorter-1.21.1-24.0.24.jar
[08Sep2026 17:02:24.134] [main/DEBUG] [net.neoforged.fml.loading.moddiscovery.ModFileParser/LOADING]: Considering mod file candidate X:\NonSteamGamesOnXray\Minecraft\CreateServerWithModsIncludingComputerCraftWithMage-Updated\mods\inventorysorter-1.21.1-24.0.24.jar
[08Sep2026 17:02:24.135] [main/DEBUG] [net.neoforged.fml.loading.moddiscovery.ModFileInfo/LOADING]: Found valid mod file inventorysorter-1.21.1-24.0.24.jar with {inventorysorter} mods - versions {24.0.24}
[08Sep2026 17:02:24.135] [main/INFO] [net.neoforged.fml.loading.moddiscovery.ModDiscoverer/SCAN]: Found mod file "inventorysorter-1.21.1-24.0.24.jar" [locator: {mods folder locator at X:\NonSteamGamesOnXray\Minecraft\CreateServerWithModsIncludingComputerCraftWithMage-Updated\mods}, reader: mod manifest]
[08Sep2026 17:02:24.138] [main/DEBUG] [net.neoforged.fml.loading.moddiscovery.readers.JarModsDotTomlModFileReader/SCAN]: Found META-INF/neoforge.mods.toml mod of type null: X:\NonSteamGamesOnXray\Minecraft\CreateServerWithModsIncludingComputerCraftWithMage-Updated\mods\jei-1.21.1-neoforge-19.27.0.336.jar
[08Sep2026 17:02:24.139] [main/DEBUG] [net.neoforged.fml.loading.moddiscovery.ModFileParser/LOADING]: Considering mod file candidate X:\NonSteamGamesOnXray\Minecraft\CreateServerWithModsIncludingComputerCraftWithMage-Updated\mods\jei-1.21.1-neoforge-19.27.0.336.jar
[08Sep2026 17:02:24.140] [main/DEBUG] [net.neoforged.fml.loading.moddiscovery.ModFileInfo/LOADING]: Found valid mod file jei-1.21.1-neoforge-19.27.0.336.jar with {jei} mods - versions {19.27.0.336}
[08Sep2026 17:02:24.140] [main/INFO] [net.neoforged.fml.loading.moddiscovery.ModDiscoverer/SCAN]: Found mod file "jei-1.21.1-neoforge-19.27.0.336.jar" [locator: {mods folder locator at X:\NonSteamGamesOnXray\Minecraft\CreateServerWithModsIncludingComputerCraftWithMage-Updated\mods}, reader: mod manifest]
[08Sep2026 17:02:24.145] [main/DEBUG] [net.neoforged.fml.loading.moddiscovery.readers.JarModsDotTomlModFileReader/SCAN]: Found META-INF/neoforge.mods.toml mod of type null: X:\NonSteamGamesOnXray\Minecraft\CreateServerWithModsIncludingComputerCraftWithMage-Updated\mods\journeymap-neoforge-1.21.1-6.0.5.jar
[08Sep2026 17:02:24.145] [main/DEBUG] [net.neoforged.fml.loading.moddiscovery.ModFileParser/LOADING]: Considering mod file candidate X:\NonSteamGamesOnXray\Minecraft\CreateServerWithModsIncludingComputerCraftWithMage-Updated\mods\journeymap-neoforge-1.21.1-6.0.5.jar
[08Sep2026 17:02:24.146] [main/DEBUG] [net.neoforged.fml.loading.moddiscovery.ModFileInfo/LOADING]: Found valid mod file journeymap-neoforge-1.21.1-6.0.5.jar with {journeymap} mods - versions {1.21.1-6.0.5}
[08Sep2026 17:02:24.146] [main/INFO] [net.neoforged.fml.loading.moddiscovery.ModDiscoverer/SCAN]: Found mod file "journeymap-neoforge-1.21.1-6.0.5.jar" [locator: {mods folder locator at X:\NonSteamGamesOnXray\Minecraft\CreateServerWithModsIncludingComputerCraftWithMage-Updated\mods}, reader: mod manifest]
[08Sep2026 17:02:24.149] [main/DEBUG] [net.neoforged.fml.loading.moddiscovery.readers.JarModsDotTomlModFileReader/SCAN]: Found META-INF/neoforge.mods.toml mod of type null: X:\NonSteamGamesOnXray\Minecraft\CreateServerWithModsIncludingComputerCraftWithMage-Updated\mods\musketmod-1.21.1-neoforge-1.5.4.jar
[08Sep2026 17:02:24.149] [main/DEBUG] [net.neoforged.fml.loading.moddiscovery.ModFileParser/LOADING]: Considering mod file candidate X:\NonSteamGamesOnXray\Minecraft\CreateServerWithModsIncludingComputerCraftWithMage-Updated\mods\musketmod-1.21.1-neoforge-1.5.4.jar
[08Sep2026 17:02:24.151] [main/DEBUG] [net.neoforged.fml.loading.moddiscovery.ModFileInfo/LOADING]: Found valid mod file musketmod-1.21.1-neoforge-1.5.4.jar with {musketmod} mods - versions {1.5.4}
[08Sep2026 17:02:24.151] [main/INFO] [net.neoforged.fml.loading.moddiscovery.ModDiscoverer/SCAN]: Found mod file "musketmod-1.21.1-neoforge-1.5.4.jar" [locator: {mods folder locator at X:\NonSteamGamesOnXray\Minecraft\CreateServerWithModsIncludingComputerCraftWithMage-Updated\mods}, reader: mod manifest]
[08Sep2026 17:02:24.153] [main/DEBUG] [net.neoforged.fml.loading.moddiscovery.readers.JarModsDotTomlModFileReader/SCAN]: Found META-INF/neoforge.mods.toml mod of type null: X:\NonSteamGamesOnXray\Minecraft\CreateServerWithModsIncludingComputerCraftWithMage-Updated\mods\paxels-0.1.3-neoforge-1.21.1.jar
[08Sep2026 17:02:24.154] [main/DEBUG] [net.neoforged.fml.loading.moddiscovery.ModFileParser/LOADING]: Considering mod file candidate X:\NonSteamGamesOnXray\Minecraft\CreateServerWithModsIncludingComputerCraftWithMage-Updated\mods\paxels-0.1.3-neoforge-1.21.1.jar
[08Sep2026 17:02:24.155] [main/DEBUG] [net.neoforged.fml.loading.moddiscovery.ModFileInfo/LOADING]: Found valid mod file paxels-0.1.3-neoforge-1.21.1.jar with {paxels} mods - versions {0.1.3}
[08Sep2026 17:02:24.155] [main/INFO] [net.neoforged.fml.loading.moddiscovery.ModDiscoverer/SCAN]: Found mod file "paxels-0.1.3-neoforge-1.21.1.jar" [locator: {mods folder locator at X:\NonSteamGamesOnXray\Minecraft\CreateServerWithModsIncludingComputerCraftWithMage-Updated\mods}, reader: mod manifest]
[08Sep2026 17:02:24.158] [main/DEBUG] [net.neoforged.fml.loading.moddiscovery.readers.JarModsDotTomlModFileReader/SCAN]: Found META-INF/neoforge.mods.toml mod of type null: X:\NonSteamGamesOnXray\Minecraft\CreateServerWithModsIncludingComputerCraftWithMage-Updated\mods\sable-neoforge-1.21.1-2.0.5.jar
[08Sep2026 17:02:24.158] [main/DEBUG] [net.neoforged.fml.loading.moddiscovery.ModFileParser/LOADING]: Considering mod file candidate X:\NonSteamGamesOnXray\Minecraft\CreateServerWithModsIncludingComputerCraftWithMage-Updated\mods\sable-neoforge-1.21.1-2.0.5.jar
[08Sep2026 17:02:24.159] [main/DEBUG] [net.neoforged.fml.loading.moddiscovery.ModFileInfo/LOADING]: Found valid mod file sable-neoforge-1.21.1-2.0.5.jar with {sable} mods - versions {2.0.5}
[08Sep2026 17:02:24.159] [main/INFO] [net.neoforged.fml.loading.moddiscovery.ModDiscoverer/SCAN]: Found mod file "sable-neoforge-1.21.1-2.0.5.jar" [locator: {mods folder locator at X:\NonSteamGamesOnXray\Minecraft\CreateServerWithModsIncludingComputerCraftWithMage-Updated\mods}, reader: mod manifest]
[08Sep2026 17:02:24.162] [main/DEBUG] [net.neoforged.fml.loading.moddiscovery.readers.JarModsDotTomlModFileReader/SCAN]: Found META-INF/neoforge.mods.toml mod of type null: X:\NonSteamGamesOnXray\Minecraft\CreateServerWithModsIncludingComputerCraftWithMage-Updated\mods\wthit-1.21.1-neo-12.10.2.jar
[08Sep2026 17:02:24.162] [main/DEBUG] [net.neoforged.fml.loading.moddiscovery.ModFileParser/LOADING]: Considering mod file candidate X:\NonSteamGamesOnXray\Minecraft\CreateServerWithModsIncludingComputerCraftWithMage-Updated\mods\wthit-1.21.1-neo-12.10.2.jar
[08Sep2026 17:02:24.164] [main/DEBUG] [net.neoforged.fml.loading.moddiscovery.ModFileInfo/LOADING]: Found valid mod file wthit-1.21.1-neo-12.10.2.jar with {wthit,waila} mods - versions {12.10.2,12.10.2}
[08Sep2026 17:02:24.164] [main/INFO] [net.neoforged.fml.loading.moddiscovery.ModDiscoverer/SCAN]: Found mod file "wthit-1.21.1-neo-12.10.2.jar" [locator: {mods folder locator at X:\NonSteamGamesOnXray\Minecraft\CreateServerWithModsIncludingComputerCraftWithMage-Updated\mods}, reader: mod manifest]
[08Sep2026 17:02:24.164] [main/DEBUG] [net.neoforged.fml.loading.moddiscovery.ModDiscoverer/SCAN]: Locator {mods folder locator at X:\NonSteamGamesOnXray\Minecraft\CreateServerWithModsIncludingComputerCraftWithMage-Updated\mods} found 14 mods, 0 warnings, 0 errors and skipped 0 candidates
[08Sep2026 17:02:24.164] [main/DEBUG] [net.neoforged.fml.loading.moddiscovery.ModDiscoverer/SCAN]: Trying locator maven libs
[08Sep2026 17:02:24.167] [main/DEBUG] [net.neoforged.fml.loading.moddiscovery.ModListHandler/CORE]: Found mod coordinates from lists: []
[08Sep2026 17:02:24.167] [main/DEBUG] [net.neoforged.fml.loading.moddiscovery.ModDiscoverer/SCAN]: Locator maven libs found 0 mods, 0 warnings, 0 errors and skipped 0 candidates
[08Sep2026 17:02:24.170] [main/DEBUG] [net.neoforged.fml.loading.moddiscovery.ModDiscoverer/SCAN]: Successfully Loaded 16 mods. Attempting to load dependencies...
[08Sep2026 17:02:24.170] [main/DEBUG] [net.neoforged.fml.loading.moddiscovery.ModDiscoverer/SCAN]: Trying locator jarinjar
[08Sep2026 17:02:24.173] [main/TRACE] [net.neoforged.fml.loading.moddiscovery.locators.JarInJarDependencyLocator/]: Failed to load resource META-INF\jarjar\metadata.json from badpackets-neo-0.8.2.jar, it does not contain dependency information.
[08Sep2026 17:02:24.173] [main/TRACE] [net.neoforged.fml.loading.moddiscovery.locators.JarInJarDependencyLocator/]: Failed to load resource META-INF\jarjar\metadata.json from server-1.21.1-20240808.144430-srg.jar, it does not contain dependency information.
[08Sep2026 17:02:24.173] [main/TRACE] [net.neoforged.fml.loading.moddiscovery.locators.JarInJarDependencyLocator/]: Failed to load resource META-INF\jarjar\metadata.json from inventorysorter-1.21.1-24.0.24.jar, it does not contain dependency information.
[08Sep2026 17:02:24.173] [main/TRACE] [net.neoforged.fml.loading.moddiscovery.locators.JarInJarDependencyLocator/]: Failed to load resource META-INF\jarjar\metadata.json from musketmod-1.21.1-neoforge-1.5.4.jar, it does not contain dependency information.
[08Sep2026 17:02:24.173] [main/TRACE] [net.neoforged.fml.loading.moddiscovery.locators.JarInJarDependencyLocator/]: Failed to load resource META-INF\jarjar\metadata.json from paxels-0.1.3-neoforge-1.21.1.jar, it does not contain dependency information.
[08Sep2026 17:02:24.174] [main/TRACE] [net.neoforged.fml.loading.moddiscovery.locators.JarInJarDependencyLocator/]: Failed to load resource META-INF\jarjar\metadata.json from jei-1.21.1-neoforge-19.27.0.336.jar, it does not contain dependency information.
[08Sep2026 17:02:24.174] [main/TRACE] [net.neoforged.fml.loading.moddiscovery.locators.JarInJarDependencyLocator/]: Failed to load resource META-INF\jarjar\metadata.json from wthit-1.21.1-neo-12.10.2.jar, it does not contain dependency information.
[08Sep2026 17:02:24.174] [main/TRACE] [net.neoforged.fml.loading.moddiscovery.locators.JarInJarDependencyLocator/]: Failed to load resource META-INF\jarjar\metadata.json from cloth-config-15.0.140-neoforge.jar, it does not contain dependency information.
[08Sep2026 17:02:24.174] [main/TRACE] [net.neoforged.fml.loading.moddiscovery.locators.JarInJarDependencyLocator/]: Failed to load resource META-INF\jarjar\metadata.json from allarrowspickup-1.0.0.jar, it does not contain dependency information.
[08Sep2026 17:02:24.358] [main/DEBUG] [net.neoforged.fml.loading.moddiscovery.readers.JarModsDotTomlModFileReader/SCAN]: Found META-INF/neoforge.mods.toml mod of type null: 
[08Sep2026 17:02:24.359] [main/DEBUG] [net.neoforged.fml.loading.moddiscovery.ModFileParser/LOADING]: Considering mod file candidate 
[08Sep2026 17:02:24.361] [main/DEBUG] [net.neoforged.fml.loading.moddiscovery.ModFileInfo/LOADING]: Found valid mod file dev.eriksonn.aeronautics.aeronautics-neoforge-1.21.1-1.3.1.jar with {aeronautics} mods - versions {1.3.1}
[08Sep2026 17:02:24.368] [main/DEBUG] [net.neoforged.fml.loading.moddiscovery.readers.JarModsDotTomlModFileReader/SCAN]: Found META-INF/neoforge.mods.toml mod of type null: 
[08Sep2026 17:02:24.368] [main/DEBUG] [net.neoforged.fml.loading.moddiscovery.ModFileParser/LOADING]: Considering mod file candidate 
[08Sep2026 17:02:24.370] [main/DEBUG] [net.neoforged.fml.loading.moddiscovery.ModFileInfo/LOADING]: Found valid mod file dev.ryanhcode.offroad.offroad-neoforge-1.21.1-1.3.1.jar with {offroad} mods - versions {1.3.1}
[08Sep2026 17:02:24.422] [main/DEBUG] [net.neoforged.fml.loading.moddiscovery.readers.JarModsDotTomlModFileReader/SCAN]: Found META-INF/neoforge.mods.toml mod of type null: 
[08Sep2026 17:02:24.422] [main/DEBUG] [net.neoforged.fml.loading.moddiscovery.ModFileParser/LOADING]: Considering mod file candidate 
[08Sep2026 17:02:24.424] [main/DEBUG] [net.neoforged.fml.loading.moddiscovery.ModFileInfo/LOADING]: Found valid mod file dev.simulated_team.simulated.simulated-neoforge-1.21.1-1.3.1.jar with {simulated} mods - versions {1.3.1}
[08Sep2026 17:02:24.442] [main/DEBUG] [net.neoforged.fml.loading.moddiscovery.readers.JarModsDotTomlModFileReader/SCAN]: Found META-INF/MANIFEST.MF mod of type GAMELIBRARY: 
[08Sep2026 17:02:24.443] [main/DEBUG] [net.neoforged.fml.loading.moddiscovery.readers.JarModsDotTomlModFileReader/SCAN]: Found META-INF/MANIFEST.MF mod of type LIBRARY: 
[08Sep2026 17:02:24.445] [main/DEBUG] [net.neoforged.fml.loading.moddiscovery.readers.JarModsDotTomlModFileReader/SCAN]: Found META-INF/neoforge.mods.toml mod of type null: 
[08Sep2026 17:02:24.445] [main/DEBUG] [net.neoforged.fml.loading.moddiscovery.ModFileParser/LOADING]: Considering mod file candidate 
[08Sep2026 17:02:24.448] [main/DEBUG] [net.neoforged.fml.loading.moddiscovery.ModFileInfo/LOADING]: Found valid mod file common-networking-neoforge-1.0.16-1.21.jar with {commonnetworking} mods - versions {1.0.16-1.21}
[08Sep2026 17:02:24.452] [main/DEBUG] [net.neoforged.fml.loading.moddiscovery.readers.JarModsDotTomlModFileReader/SCAN]: Found META-INF/neoforge.mods.toml mod of type null: 
[08Sep2026 17:02:24.453] [main/DEBUG] [net.neoforged.fml.loading.moddiscovery.ModFileParser/LOADING]: Considering mod file candidate 
[08Sep2026 17:02:24.453] [main/DEBUG] [net.neoforged.fml.loading.moddiscovery.ModFileInfo/LOADING]: Found valid mod file playeranimator-658587-6024462.jar with {playeranimator} mods - versions {2.0.1+1.21.1}
[08Sep2026 17:02:24.454] [main/DEBUG] [net.neoforged.fml.loading.moddiscovery.readers.JarModsDotTomlModFileReader/SCAN]: Found META-INF/neoforge.mods.toml mod of type null: 
[08Sep2026 17:02:24.455] [main/DEBUG] [net.neoforged.fml.loading.moddiscovery.ModFileParser/LOADING]: Considering mod file candidate 
[08Sep2026 17:02:24.455] [main/DEBUG] [net.neoforged.fml.loading.moddiscovery.ModFileInfo/LOADING]: Found valid mod file sable-companion-common-1.21.1-1.6.0.jar with {sablecompanion} mods - versions {1.6.0}
[08Sep2026 17:02:24.490] [main/DEBUG] [net.neoforged.fml.loading.moddiscovery.readers.JarModsDotTomlModFileReader/SCAN]: Found META-INF/MANIFEST.MF mod of type GAMELIBRARY: 
[08Sep2026 17:02:24.523] [main/DEBUG] [net.neoforged.fml.loading.moddiscovery.readers.JarModsDotTomlModFileReader/SCAN]: Found META-INF/neoforge.mods.toml mod of type null: 
[08Sep2026 17:02:24.523] [main/DEBUG] [net.neoforged.fml.loading.moddiscovery.ModFileParser/LOADING]: Considering mod file candidate 
[08Sep2026 17:02:24.525] [main/DEBUG] [net.neoforged.fml.loading.moddiscovery.ModFileInfo/LOADING]: Found valid mod file veil-neoforge-1.21.1-4.3.2.jar with {veil} mods - versions {4.3.2}
[08Sep2026 17:02:24.531] [main/DEBUG] [net.neoforged.fml.loading.moddiscovery.readers.JarModsDotTomlModFileReader/SCAN]: Found META-INF/neoforge.mods.toml mod of type null: 
[08Sep2026 17:02:24.532] [main/DEBUG] [net.neoforged.fml.loading.moddiscovery.ModFileParser/LOADING]: Considering mod file candidate 
[08Sep2026 17:02:24.533] [main/DEBUG] [net.neoforged.fml.loading.moddiscovery.ModFileInfo/LOADING]: Found valid mod file journeymap-api-neoforge-2.0.0-1.21.1.jar with {journeymap_api} mods - versions {2.0.0-1.21.1}
[08Sep2026 17:02:24.534] [main/DEBUG] [net.neoforged.fml.loading.moddiscovery.readers.JarModsDotTomlModFileReader/SCAN]: Found META-INF/neoforge.mods.toml mod of type null: 
[08Sep2026 17:02:24.534] [main/DEBUG] [net.neoforged.fml.loading.moddiscovery.ModFileParser/LOADING]: Considering mod file candidate 
[08Sep2026 17:02:24.535] [main/DEBUG] [net.neoforged.fml.loading.moddiscovery.ModFileInfo/LOADING]: Found valid mod file common-networking-neoforge-1.0.21-1.21.1.jar with {commonnetworking} mods - versions {1.0.21-1.21.1}
[08Sep2026 17:02:24.539] [main/DEBUG] [net.neoforged.fml.loading.moddiscovery.readers.JarModsDotTomlModFileReader/SCAN]: Found META-INF/MANIFEST.MF mod of type GAMELIBRARY: 
[08Sep2026 17:02:24.562] [main/DEBUG] [net.neoforged.fml.loading.moddiscovery.readers.JarModsDotTomlModFileReader/SCAN]: Found META-INF/neoforge.mods.toml mod of type null: 
[08Sep2026 17:02:24.562] [main/DEBUG] [net.neoforged.fml.loading.moddiscovery.ModFileParser/LOADING]: Considering mod file candidate 
[08Sep2026 17:02:24.564] [main/DEBUG] [net.neoforged.fml.loading.moddiscovery.ModFileInfo/LOADING]: Found valid mod file flywheel-neoforge-1.21.1-1.0.6.jar with {flywheel} mods - versions {1.0.6}
[08Sep2026 17:02:24.575] [main/DEBUG] [net.neoforged.fml.loading.moddiscovery.readers.JarModsDotTomlModFileReader/SCAN]: Found META-INF/neoforge.mods.toml mod of type null: 
[08Sep2026 17:02:24.575] [main/DEBUG] [net.neoforged.fml.loading.moddiscovery.ModFileParser/LOADING]: Considering mod file candidate 
[08Sep2026 17:02:24.577] [main/DEBUG] [net.neoforged.fml.loading.moddiscovery.ModFileInfo/LOADING]: Found valid mod file ponder-neoforge-1.0.82+mc1.21.1.jar with {ponder} mods - versions {1.0.82+mc1.21.1}
[08Sep2026 17:02:24.578] [main/TRACE] [net.neoforged.fml.loading.moddiscovery.locators.JarInJarDependencyLocator/]: Failed to load resource META-INF\jarjar\metadata.json from dev.eriksonn.aeronautics.aeronautics-neoforge-1.21.1-1.3.1.jar, it does not contain dependency information.
[08Sep2026 17:02:24.578] [main/TRACE] [net.neoforged.fml.loading.moddiscovery.locators.JarInJarDependencyLocator/]: Failed to load resource META-INF\jarjar\metadata.json from dev.ryanhcode.offroad.offroad-neoforge-1.21.1-1.3.1.jar, it does not contain dependency information.
[08Sep2026 17:02:24.578] [main/TRACE] [net.neoforged.fml.loading.moddiscovery.locators.JarInJarDependencyLocator/]: Failed to load resource META-INF\jarjar\metadata.json from dev.simulated_team.simulated.simulated-neoforge-1.21.1-1.3.1.jar, it does not contain dependency information.
[08Sep2026 17:02:24.578] [main/TRACE] [net.neoforged.fml.loading.moddiscovery.locators.JarInJarDependencyLocator/]: Failed to load resource META-INF\jarjar\metadata.json from cobalt-0.9.9.jar, it does not contain dependency information.
[08Sep2026 17:02:24.578] [main/TRACE] [net.neoforged.fml.loading.moddiscovery.locators.JarInJarDependencyLocator/]: Failed to load resource META-INF\jarjar\metadata.json from jzlib-1.1.3.jar, it does not contain dependency information.
[08Sep2026 17:02:24.578] [main/TRACE] [net.neoforged.fml.loading.moddiscovery.locators.JarInJarDependencyLocator/]: Failed to load resource META-INF\jarjar\metadata.json from mixinextras-neoforge-0.5.3.jar, it does not contain dependency information.
[08Sep2026 17:02:24.578] [main/TRACE] [net.neoforged.fml.loading.moddiscovery.locators.JarInJarDependencyLocator/]: Failed to load resource META-INF\jarjar\metadata.json from net.neoforged.neoforge-coremods-21.1.248.jar, it does not contain dependency information.
[08Sep2026 17:02:24.579] [main/TRACE] [net.neoforged.fml.loading.moddiscovery.locators.JarInJarDependencyLocator/]: Failed to load resource META-INF\jarjar\metadata.json from common-networking-neoforge-1.0.16-1.21.jar, it does not contain dependency information.
[08Sep2026 17:02:24.579] [main/TRACE] [net.neoforged.fml.loading.moddiscovery.locators.JarInJarDependencyLocator/]: Failed to load resource META-INF\jarjar\metadata.json from playeranimator-658587-6024462.jar, it does not contain dependency information.
[08Sep2026 17:02:24.579] [main/TRACE] [net.neoforged.fml.loading.moddiscovery.locators.JarInJarDependencyLocator/]: Failed to load resource META-INF\jarjar\metadata.json from sable-companion-common-1.21.1-1.6.0.jar, it does not contain dependency information.
[08Sep2026 17:02:24.579] [main/TRACE] [net.neoforged.fml.loading.moddiscovery.locators.JarInJarDependencyLocator/]: Failed to load resource META-INF\jarjar\metadata.json from dev.ryanhcode.sable.sable-sable_rapier-1.21.1-2.0.5.jar, it does not contain dependency information.
[08Sep2026 17:02:24.586] [main/TRACE] [net.neoforged.fml.loading.moddiscovery.locators.JarInJarDependencyLocator/]: Failed to load resource META-INF\jarjar\metadata.json from pngj-2.1.0.jar, it does not contain dependency information.
[08Sep2026 17:02:24.588] [main/TRACE] [net.neoforged.fml.loading.moddiscovery.locators.JarInJarDependencyLocator/]: Failed to load resource META-INF\jarjar\metadata.json from journeymap-api-neoforge-2.0.0-1.21.1.jar, it does not contain dependency information.
[08Sep2026 17:02:24.588] [main/TRACE] [net.neoforged.fml.loading.moddiscovery.locators.JarInJarDependencyLocator/]: Failed to load resource META-INF\jarjar\metadata.json from common-networking-neoforge-1.0.21-1.21.1.jar, it does not contain dependency information.
[08Sep2026 17:02:24.588] [main/TRACE] [net.neoforged.fml.loading.moddiscovery.locators.JarInJarDependencyLocator/]: Failed to load resource META-INF\jarjar\metadata.json from Registrate-MC1.21-1.3.0+67.jar, it does not contain dependency information.
[08Sep2026 17:02:24.588] [main/TRACE] [net.neoforged.fml.loading.moddiscovery.locators.JarInJarDependencyLocator/]: Failed to load resource META-INF\jarjar\metadata.json from flywheel-neoforge-1.21.1-1.0.6.jar, it does not contain dependency information.
[08Sep2026 17:02:24.588] [main/TRACE] [net.neoforged.fml.loading.moddiscovery.locators.JarInJarDependencyLocator/]: Failed to load resource META-INF\jarjar\metadata.json from ponder-neoforge-1.0.82+mc1.21.1.jar, it does not contain dependency information.
[08Sep2026 17:02:24.588] [main/TRACE] [net.neoforged.fml.loading.moddiscovery.locators.JarInJarDependencyLocator/]: Failed to load resource META-INF\jarjar\metadata.json from molang-compiler-3.1.1.19.jar, it does not contain dependency information.
[08Sep2026 17:02:24.588] [main/TRACE] [net.neoforged.fml.loading.moddiscovery.locators.JarInJarDependencyLocator/]: Failed to load resource META-INF\jarjar\metadata.json from glsl-processor-0.2.3.jar, it does not contain dependency information.
[08Sep2026 17:02:24.627] [main/DEBUG] [net.neoforged.fml.loading.moddiscovery.readers.JarModsDotTomlModFileReader/SCAN]: Found META-INF/neoforge.mods.toml mod of type null: 
[08Sep2026 17:02:24.627] [main/DEBUG] [net.neoforged.fml.loading.moddiscovery.ModFileParser/LOADING]: Considering mod file candidate 
[08Sep2026 17:02:24.629] [main/DEBUG] [net.neoforged.fml.loading.moddiscovery.ModFileInfo/LOADING]: Found valid mod file veil-neoforge-1.21.1-4.3.2.jar with {veil} mods - versions {4.3.2}
[08Sep2026 17:02:24.631] [main/DEBUG] [net.neoforged.fml.loading.moddiscovery.readers.JarModsDotTomlModFileReader/SCAN]: Found META-INF/neoforge.mods.toml mod of type null: 
[08Sep2026 17:02:24.631] [main/DEBUG] [net.neoforged.fml.loading.moddiscovery.ModFileParser/LOADING]: Considering mod file candidate 
[08Sep2026 17:02:24.632] [main/DEBUG] [net.neoforged.fml.loading.moddiscovery.ModFileInfo/LOADING]: Found valid mod file playeranimator-658587-6024462.jar with {playeranimator} mods - versions {2.0.1+1.21.1}
[08Sep2026 17:02:24.639] [main/DEBUG] [net.neoforged.fml.loading.moddiscovery.readers.JarModsDotTomlModFileReader/SCAN]: Found META-INF/neoforge.mods.toml mod of type null: 
[08Sep2026 17:02:24.639] [main/DEBUG] [net.neoforged.fml.loading.moddiscovery.ModFileParser/LOADING]: Considering mod file candidate 
[08Sep2026 17:02:24.640] [main/DEBUG] [net.neoforged.fml.loading.moddiscovery.ModFileInfo/LOADING]: Found valid mod file flywheel-neoforge-1.21.1-1.0.6.jar with {flywheel} mods - versions {1.0.6}
[08Sep2026 17:02:24.641] [main/DEBUG] [net.neoforged.fml.loading.moddiscovery.readers.JarModsDotTomlModFileReader/SCAN]: Found META-INF/neoforge.mods.toml mod of type null: 
[08Sep2026 17:02:24.641] [main/DEBUG] [net.neoforged.fml.loading.moddiscovery.ModFileParser/LOADING]: Considering mod file candidate 
[08Sep2026 17:02:24.642] [main/DEBUG] [net.neoforged.fml.loading.moddiscovery.ModFileInfo/LOADING]: Found valid mod file common-networking-neoforge-1.0.21-1.21.1.jar with {commonnetworking} mods - versions {1.0.21-1.21.1}
[08Sep2026 17:02:24.645] [main/DEBUG] [net.neoforged.fml.loading.moddiscovery.readers.JarModsDotTomlModFileReader/SCAN]: Found META-INF/MANIFEST.MF mod of type GAMELIBRARY: 
[08Sep2026 17:02:24.645] [main/DEBUG] [net.neoforged.fml.loading.moddiscovery.readers.JarModsDotTomlModFileReader/SCAN]: Found META-INF/neoforge.mods.toml mod of type null: 
[08Sep2026 17:02:24.645] [main/DEBUG] [net.neoforged.fml.loading.moddiscovery.ModFileParser/LOADING]: Considering mod file candidate 
[08Sep2026 17:02:24.646] [main/DEBUG] [net.neoforged.fml.loading.moddiscovery.ModFileInfo/LOADING]: Found valid mod file sable-companion-common-1.21.1-1.6.0.jar with {sablecompanion} mods - versions {1.6.0}
[08Sep2026 17:02:24.697] [main/DEBUG] [net.neoforged.fml.loading.moddiscovery.readers.JarModsDotTomlModFileReader/SCAN]: Found META-INF/neoforge.mods.toml mod of type null: 
[08Sep2026 17:02:24.697] [main/DEBUG] [net.neoforged.fml.loading.moddiscovery.ModFileParser/LOADING]: Considering mod file candidate 
[08Sep2026 17:02:24.698] [main/DEBUG] [net.neoforged.fml.loading.moddiscovery.ModFileInfo/LOADING]: Found valid mod file dev.eriksonn.aeronautics.aeronautics-neoforge-1.21.1-1.3.1.jar with {aeronautics} mods - versions {1.3.1}
[08Sep2026 17:02:24.699] [main/DEBUG] [net.neoforged.fml.loading.moddiscovery.readers.JarModsDotTomlModFileReader/SCAN]: Found META-INF/MANIFEST.MF mod of type LIBRARY: 
[08Sep2026 17:02:24.747] [main/DEBUG] [net.neoforged.fml.loading.moddiscovery.readers.JarModsDotTomlModFileReader/SCAN]: Found META-INF/neoforge.mods.toml mod of type null: 
[08Sep2026 17:02:24.747] [main/DEBUG] [net.neoforged.fml.loading.moddiscovery.ModFileParser/LOADING]: Considering mod file candidate 
[08Sep2026 17:02:24.749] [main/DEBUG] [net.neoforged.fml.loading.moddiscovery.ModFileInfo/LOADING]: Found valid mod file dev.simulated_team.simulated.simulated-neoforge-1.21.1-1.3.1.jar with {simulated} mods - versions {1.3.1}
[08Sep2026 17:02:24.761] [main/DEBUG] [net.neoforged.fml.loading.moddiscovery.readers.JarModsDotTomlModFileReader/SCAN]: Found META-INF/MANIFEST.MF mod of type GAMELIBRARY: 
[08Sep2026 17:02:24.769] [main/DEBUG] [net.neoforged.fml.loading.moddiscovery.readers.JarModsDotTomlModFileReader/SCAN]: Found META-INF/neoforge.mods.toml mod of type null: 
[08Sep2026 17:02:24.770] [main/DEBUG] [net.neoforged.fml.loading.moddiscovery.ModFileParser/LOADING]: Considering mod file candidate 
[08Sep2026 17:02:24.771] [main/DEBUG] [net.neoforged.fml.loading.moddiscovery.ModFileInfo/LOADING]: Found valid mod file dev.ryanhcode.offroad.offroad-neoforge-1.21.1-1.3.1.jar with {offroad} mods - versions {1.3.1}
[08Sep2026 17:02:24.779] [main/DEBUG] [net.neoforged.fml.loading.moddiscovery.readers.JarModsDotTomlModFileReader/SCAN]: Found META-INF/neoforge.mods.toml mod of type null: 
[08Sep2026 17:02:24.779] [main/DEBUG] [net.neoforged.fml.loading.moddiscovery.ModFileParser/LOADING]: Considering mod file candidate 
[08Sep2026 17:02:24.780] [main/DEBUG] [net.neoforged.fml.loading.moddiscovery.ModFileInfo/LOADING]: Found valid mod file ponder-neoforge-1.0.82+mc1.21.1.jar with {ponder} mods - versions {1.0.82+mc1.21.1}
[08Sep2026 17:02:24.798] [main/DEBUG] [net.neoforged.fml.loading.moddiscovery.readers.JarModsDotTomlModFileReader/SCAN]: Found META-INF/MANIFEST.MF mod of type GAMELIBRARY: 
[08Sep2026 17:02:24.800] [main/DEBUG] [net.neoforged.fml.loading.moddiscovery.readers.JarModsDotTomlModFileReader/SCAN]: Found META-INF/neoforge.mods.toml mod of type null: 
[08Sep2026 17:02:24.801] [main/DEBUG] [net.neoforged.fml.loading.moddiscovery.ModFileParser/LOADING]: Considering mod file candidate 
[08Sep2026 17:02:24.801] [main/DEBUG] [net.neoforged.fml.loading.moddiscovery.ModFileInfo/LOADING]: Found valid mod file journeymap-api-neoforge-2.0.0-1.21.1.jar with {journeymap_api} mods - versions {2.0.0-1.21.1}
[08Sep2026 17:02:24.807] [main/INFO] [net.neoforged.fml.loading.moddiscovery.locators.JarInJarDependencyLocator/]: Found 19 dependencies adding them to mods collection
[08Sep2026 17:02:24.808] [main/INFO] [net.neoforged.fml.loading.moddiscovery.ModDiscoverer/SCAN]: Found gamelibrary file "mixinextras-neoforge-0.5.3.jar" [parent: neoforge-21.1.248-universal.jar, locator: jarinjar, reader: mod manifest]
[08Sep2026 17:02:24.808] [main/INFO] [net.neoforged.fml.loading.moddiscovery.ModDiscoverer/SCAN]: Found library file "jzlib-1.1.3.jar" [parent: cc-tweaked-1.21.1-forge-1.120.2.jar, locator: jarinjar]
[08Sep2026 17:02:24.808] [main/INFO] [net.neoforged.fml.loading.moddiscovery.ModDiscoverer/SCAN]: Found mod file "veil-neoforge-1.21.1-4.3.2.jar" [parent: sable-neoforge-1.21.1-2.0.5.jar, locator: jarinjar, reader: mod manifest]
[08Sep2026 17:02:24.809] [main/INFO] [net.neoforged.fml.loading.moddiscovery.ModDiscoverer/SCAN]: Found mod file "dev.simulated_team.simulated.simulated-neoforge-1.21.1-1.3.1.jar" [parent: create-aeronautics-bundled-1.21.1-1.3.1.jar, locator: jarinjar, reader: mod manifest]
[08Sep2026 17:02:24.809] [main/INFO] [net.neoforged.fml.loading.moddiscovery.ModDiscoverer/SCAN]: Found gamelibrary file "dev.ryanhcode.sable.sable-sable_rapier-1.21.1-2.0.5.jar" [parent: sable-neoforge-1.21.1-2.0.5.jar, locator: jarinjar, reader: mod manifest]
[08Sep2026 17:02:24.809] [main/INFO] [net.neoforged.fml.loading.moddiscovery.ModDiscoverer/SCAN]: Found library file "glsl-processor-0.2.3.jar" [parent: veil-neoforge-1.21.1-4.3.2.jar, locator: jarinjar]
[08Sep2026 17:02:24.809] [main/INFO] [net.neoforged.fml.loading.moddiscovery.ModDiscoverer/SCAN]: Found mod file "ponder-neoforge-1.0.82+mc1.21.1.jar" [parent: create-1.21.1-6.0.10.jar, locator: jarinjar, reader: mod manifest]
[08Sep2026 17:02:24.809] [main/INFO] [net.neoforged.fml.loading.moddiscovery.ModDiscoverer/SCAN]: Found mod file "playeranimator-658587-6024462.jar" [parent: gliders-1.21.1-neoforge-1.1.8.jar, locator: jarinjar, reader: mod manifest]
[08Sep2026 17:02:24.810] [main/INFO] [net.neoforged.fml.loading.moddiscovery.ModDiscoverer/SCAN]: Found library file "net.neoforged.neoforge-coremods-21.1.248.jar" [parent: neoforge-21.1.248-universal.jar, locator: jarinjar, reader: mod manifest]
[08Sep2026 17:02:24.810] [main/INFO] [net.neoforged.fml.loading.moddiscovery.ModDiscoverer/SCAN]: Found library file "pngj-2.1.0.jar" [parent: journeymap-neoforge-1.21.1-6.0.5.jar, locator: jarinjar]
[08Sep2026 17:02:24.810] [main/INFO] [net.neoforged.fml.loading.moddiscovery.ModDiscoverer/SCAN]: Found library file "molang-compiler-3.1.1.19.jar" [parent: veil-neoforge-1.21.1-4.3.2.jar, locator: jarinjar]
[08Sep2026 17:02:24.810] [main/INFO] [net.neoforged.fml.loading.moddiscovery.ModDiscoverer/SCAN]: Found mod file "dev.eriksonn.aeronautics.aeronautics-neoforge-1.21.1-1.3.1.jar" [parent: create-aeronautics-bundled-1.21.1-1.3.1.jar, locator: jarinjar, reader: mod manifest]
[08Sep2026 17:02:24.810] [main/INFO] [net.neoforged.fml.loading.moddiscovery.ModDiscoverer/SCAN]: Found mod file "common-networking-neoforge-1.0.21-1.21.1.jar" [parent: journeymap-neoforge-1.21.1-6.0.5.jar, locator: jarinjar, reader: mod manifest]
[08Sep2026 17:02:24.810] [main/INFO] [net.neoforged.fml.loading.moddiscovery.ModDiscoverer/SCAN]: Found library file "cobalt-0.9.9.jar" [parent: cc-tweaked-1.21.1-forge-1.120.2.jar, locator: jarinjar]
[08Sep2026 17:02:24.810] [main/INFO] [net.neoforged.fml.loading.moddiscovery.ModDiscoverer/SCAN]: Found gamelibrary file "Registrate-MC1.21-1.3.0+67.jar" [parent: create-1.21.1-6.0.10.jar, locator: jarinjar, reader: mod manifest]
[08Sep2026 17:02:24.810] [main/INFO] [net.neoforged.fml.loading.moddiscovery.ModDiscoverer/SCAN]: Found mod file "sable-companion-common-1.21.1-1.6.0.jar" [parent: sable-neoforge-1.21.1-2.0.5.jar, locator: jarinjar, reader: mod manifest]
[08Sep2026 17:02:24.810] [main/INFO] [net.neoforged.fml.loading.moddiscovery.ModDiscoverer/SCAN]: Found mod file "flywheel-neoforge-1.21.1-1.0.6.jar" [parent: create-1.21.1-6.0.10.jar, locator: jarinjar, reader: mod manifest]
[08Sep2026 17:02:24.810] [main/INFO] [net.neoforged.fml.loading.moddiscovery.ModDiscoverer/SCAN]: Found mod file "journeymap-api-neoforge-2.0.0-1.21.1.jar" [parent: journeymap-neoforge-1.21.1-6.0.5.jar, locator: jarinjar, reader: mod manifest]
[08Sep2026 17:02:24.812] [main/INFO] [net.neoforged.fml.loading.moddiscovery.ModDiscoverer/SCAN]: Found mod file "dev.ryanhcode.offroad.offroad-neoforge-1.21.1-1.3.1.jar" [parent: create-aeronautics-bundled-1.21.1-1.3.1.jar, locator: jarinjar, reader: mod manifest]
[08Sep2026 17:02:24.814] [main/INFO] [net.neoforged.fml.loading.moddiscovery.ModDiscoverer/]: 
     Mod List:
		Name Version (Mod Id)

		All Arrows Pickup 1.0.0 (allarrowspickup)
		Bad Packets 0.8.2 (badpackets)
		CC: Tweaked 1.120.2 (computercraft)
		Cloth Config v15 API 15.0.140 (cloth_config)
		Common Networking 1.0.21-1.21.1 (commonnetworking)
		Create 6.0.10 (create)
		Create Aeronautics 1.3.1 (aeronautics)
		Create Aeronautics 1.3.1 (aeronautics_bundled)
		Create Offroad 1.3.1 (offroad)
		Create Simulated 1.3.1 (simulated)
		Flywheel 1.0.6 (flywheel)
		Gliders 1.1.8 (vc_gliders)
		Journeymap 1.21.1-6.0.5 (journeymap)
		JourneyMap API 2.0.0-1.21.1 (journeymap_api)
		Just Enough Items 19.27.0.336 (jei)
		Minecraft 1.21.1 (minecraft)
		Musket Mod 1.5.4 (musketmod)
		NeoForge 21.1.248 (neoforge)
		Paxels 0.1.3 (paxels)
		Player Animator 2.0.1+1.21.1 (playeranimator)
		Ponder 1.0.82+mc1.21.1 (ponder)
		Sable 2.0.5 (sable)
		Sable Companion 1.6.0 (sablecompanion)
		Simple Inventory Sorter 24.0.24 (inventorysorter)
		Veil 4.3.2 (veil)
		wthit 12.10.2 (wthit)
[08Sep2026 17:02:24.815] [main/DEBUG] [net.neoforged.fml.loading.moddiscovery.ModFileInfo/LOADING]: Found valid mod file server-1.21.1-20240808.144430-srg.jar with {minecraft} mods - versions {1.21.1}
[08Sep2026 17:02:24.815] [main/DEBUG] [net.neoforged.fml.loading.moddiscovery.ModFile/LOADING]: Loading mod file X:\NonSteamGamesOnXray\Minecraft\CreateServerWithModsIncludingComputerCraftWithMage-Updated\libraries\net\minecraft\server\1.21.1-20240808.144430\server-1.21.1-20240808.144430-srg.jar with languages [LanguageSpec[languageName=minecraft, acceptedVersions=1]]
[08Sep2026 17:02:24.816] [main/DEBUG] [net.neoforged.fml.loading.moddiscovery.ModFileParser/LOADING]: Considering mod file candidate X:\NonSteamGamesOnXray\Minecraft\CreateServerWithModsIncludingComputerCraftWithMage-Updated\mods\inventorysorter-1.21.1-24.0.24.jar
[08Sep2026 17:02:24.818] [main/DEBUG] [net.neoforged.fml.loading.moddiscovery.ModFileInfo/LOADING]: Found valid mod file inventorysorter-1.21.1-24.0.24.jar with {inventorysorter} mods - versions {24.0.24}
[08Sep2026 17:02:24.818] [main/DEBUG] [net.neoforged.fml.loading.moddiscovery.ModFile/LOADING]: Loading mod file X:\NonSteamGamesOnXray\Minecraft\CreateServerWithModsIncludingComputerCraftWithMage-Updated\mods\inventorysorter-1.21.1-24.0.24.jar with languages [LanguageSpec[languageName=javafml, acceptedVersions=[4,)]]
[08Sep2026 17:02:24.818] [main/DEBUG] [net.neoforged.fml.loading.moddiscovery.ModFileParser/LOADING]: Considering mod file candidate X:\NonSteamGamesOnXray\Minecraft\CreateServerWithModsIncludingComputerCraftWithMage-Updated\mods\paxels-0.1.3-neoforge-1.21.1.jar
[08Sep2026 17:02:24.818] [main/DEBUG] [net.neoforged.fml.loading.moddiscovery.ModFileInfo/LOADING]: Found valid mod file paxels-0.1.3-neoforge-1.21.1.jar with {paxels} mods - versions {0.1.3}
[08Sep2026 17:02:24.818] [main/DEBUG] [net.neoforged.fml.loading.moddiscovery.ModFile/LOADING]: Loading mod file X:\NonSteamGamesOnXray\Minecraft\CreateServerWithModsIncludingComputerCraftWithMage-Updated\mods\paxels-0.1.3-neoforge-1.21.1.jar with languages [LanguageSpec[languageName=javafml, acceptedVersions=[1,)]]
[08Sep2026 17:02:24.819] [main/DEBUG] [net.neoforged.fml.loading.moddiscovery.ModFileParser/LOADING]: Considering mod file candidate 
[08Sep2026 17:02:24.819] [main/DEBUG] [net.neoforged.fml.loading.moddiscovery.ModFileInfo/LOADING]: Found valid mod file playeranimator-658587-6024462.jar with {playeranimator} mods - versions {2.0.1+1.21.1}
[08Sep2026 17:02:24.819] [main/DEBUG] [net.neoforged.fml.loading.moddiscovery.ModFile/LOADING]: Loading mod file  with languages [LanguageSpec[languageName=javafml, acceptedVersions=*]]
[08Sep2026 17:02:24.820] [main/DEBUG] [net.neoforged.fml.loading.moddiscovery.ModFile/LOADING]: Found mixin config MixinConfig[config=playerAnimator-common.mixins.json, requiredMods=[]]
[08Sep2026 17:02:24.820] [main/DEBUG] [net.neoforged.fml.loading.moddiscovery.ModFileParser/LOADING]: Considering mod file candidate 
[08Sep2026 17:02:24.821] [main/DEBUG] [net.neoforged.fml.loading.moddiscovery.ModFileInfo/LOADING]: Found valid mod file ponder-neoforge-1.0.82+mc1.21.1.jar with {ponder} mods - versions {1.0.82+mc1.21.1}
[08Sep2026 17:02:24.821] [main/DEBUG] [net.neoforged.fml.loading.moddiscovery.ModFile/LOADING]: Loading mod file  with languages [LanguageSpec[languageName=javafml, acceptedVersions=[0,)]]
[08Sep2026 17:02:24.821] [main/DEBUG] [net.neoforged.fml.loading.moddiscovery.ModFile/LOADING]: Found mixin config MixinConfig[config=ponder.mixins.json, requiredMods=[]]
[08Sep2026 17:02:24.821] [main/DEBUG] [net.neoforged.fml.loading.moddiscovery.ModFile/LOADING]: Found mixin config MixinConfig[config=ponder-common.mixins.json, requiredMods=[]]
[08Sep2026 17:02:24.821] [main/DEBUG] [net.neoforged.fml.loading.moddiscovery.ModFileParser/LOADING]: Considering mod file candidate X:\NonSteamGamesOnXray\Minecraft\CreateServerWithModsIncludingComputerCraftWithMage-Updated\mods\jei-1.21.1-neoforge-19.27.0.336.jar
[08Sep2026 17:02:24.822] [main/DEBUG] [net.neoforged.fml.loading.moddiscovery.ModFileInfo/LOADING]: Found valid mod file jei-1.21.1-neoforge-19.27.0.336.jar with {jei} mods - versions {19.27.0.336}
[08Sep2026 17:02:24.822] [main/DEBUG] [net.neoforged.fml.loading.moddiscovery.ModFile/LOADING]: Loading mod file X:\NonSteamGamesOnXray\Minecraft\CreateServerWithModsIncludingComputerCraftWithMage-Updated\mods\jei-1.21.1-neoforge-19.27.0.336.jar with languages [LanguageSpec[languageName=javafml, acceptedVersions=[4,)]]
[08Sep2026 17:02:24.822] [main/DEBUG] [net.neoforged.fml.loading.moddiscovery.ModFileParser/LOADING]: Considering mod file candidate X:\NonSteamGamesOnXray\Minecraft\CreateServerWithModsIncludingComputerCraftWithMage-Updated\mods\sable-neoforge-1.21.1-2.0.5.jar
[08Sep2026 17:02:24.823] [main/DEBUG] [net.neoforged.fml.loading.moddiscovery.ModFileInfo/LOADING]: Found valid mod file sable-neoforge-1.21.1-2.0.5.jar with {sable} mods - versions {2.0.5}
[08Sep2026 17:02:24.823] [main/DEBUG] [net.neoforged.fml.loading.moddiscovery.ModFile/LOADING]: Loading mod file X:\NonSteamGamesOnXray\Minecraft\CreateServerWithModsIncludingComputerCraftWithMage-Updated\mods\sable-neoforge-1.21.1-2.0.5.jar with languages [LanguageSpec[languageName=javafml, acceptedVersions=[4,)]]
[08Sep2026 17:02:24.823] [main/DEBUG] [net.neoforged.fml.loading.moddiscovery.ModFile/LOADING]: Found mixin config MixinConfig[config=sable.mixins.json, requiredMods=[]]
[08Sep2026 17:02:24.823] [main/DEBUG] [net.neoforged.fml.loading.moddiscovery.ModFile/LOADING]: Found mixin config MixinConfig[config=sable-neoforge.mixins.json, requiredMods=[]]
[08Sep2026 17:02:24.823] [main/DEBUG] [net.neoforged.fml.loading.moddiscovery.ModFileParser/LOADING]: Considering mod file candidate X:\NonSteamGamesOnXray\Minecraft\CreateServerWithModsIncludingComputerCraftWithMage-Updated\mods\gliders-1.21.1-neoforge-1.1.8.jar
[08Sep2026 17:02:24.824] [main/DEBUG] [net.neoforged.fml.loading.moddiscovery.ModFileInfo/LOADING]: Found valid mod file gliders-1.21.1-neoforge-1.1.8.jar with {vc_gliders} mods - versions {1.1.8}
[08Sep2026 17:02:24.824] [main/DEBUG] [net.neoforged.fml.loading.moddiscovery.ModFile/LOADING]: Loading mod file X:\NonSteamGamesOnXray\Minecraft\CreateServerWithModsIncludingComputerCraftWithMage-Updated\mods\gliders-1.21.1-neoforge-1.1.8.jar with languages [LanguageSpec[languageName=javafml, acceptedVersions=[4,)]]
[08Sep2026 17:02:24.824] [main/DEBUG] [net.neoforged.fml.loading.moddiscovery.ModFile/LOADING]: Found mixin config MixinConfig[config=vc_gliders-common.mixins.json, requiredMods=[]]
[08Sep2026 17:02:24.824] [main/DEBUG] [net.neoforged.fml.loading.moddiscovery.ModFileParser/LOADING]: Considering mod file candidate 
[08Sep2026 17:02:24.825] [main/DEBUG] [net.neoforged.fml.loading.moddiscovery.ModFileInfo/LOADING]: Found valid mod file common-networking-neoforge-1.0.21-1.21.1.jar with {commonnetworking} mods - versions {1.0.21-1.21.1}
[08Sep2026 17:02:24.825] [main/DEBUG] [net.neoforged.fml.loading.moddiscovery.ModFile/LOADING]: Loading mod file  with languages [LanguageSpec[languageName=javafml, acceptedVersions=[2,)]]
[08Sep2026 17:02:24.825] [main/DEBUG] [net.neoforged.fml.loading.moddiscovery.ModFileParser/LOADING]: Considering mod file candidate 
[08Sep2026 17:02:24.826] [main/DEBUG] [net.neoforged.fml.loading.moddiscovery.ModFileInfo/LOADING]: Found valid mod file dev.eriksonn.aeronautics.aeronautics-neoforge-1.21.1-1.3.1.jar with {aeronautics} mods - versions {1.3.1}
[08Sep2026 17:02:24.826] [main/DEBUG] [net.neoforged.fml.loading.moddiscovery.ModFile/LOADING]: Loading mod file  with languages [LanguageSpec[languageName=javafml, acceptedVersions=[4,)]]
[08Sep2026 17:02:24.826] [main/DEBUG] [net.neoforged.fml.loading.moddiscovery.ModFile/LOADING]: Found mixin config MixinConfig[config=aeronautics.mixins.json, requiredMods=[]]
[08Sep2026 17:02:24.826] [main/DEBUG] [net.neoforged.fml.loading.moddiscovery.ModFile/LOADING]: Found mixin config MixinConfig[config=aeronautics.neoforge.mixins.json, requiredMods=[]]
[08Sep2026 17:02:24.826] [main/DEBUG] [net.neoforged.fml.loading.moddiscovery.ModFileParser/LOADING]: Considering mod file candidate X:\NonSteamGamesOnXray\Minecraft\CreateServerWithModsIncludingComputerCraftWithMage-Updated\mods\create-aeronautics-bundled-1.21.1-1.3.1.jar
[08Sep2026 17:02:24.826] [main/DEBUG] [net.neoforged.fml.loading.moddiscovery.ModFileInfo/LOADING]: Found valid mod file create-aeronautics-bundled-1.21.1-1.3.1.jar with {aeronautics_bundled} mods - versions {1.3.1}
[08Sep2026 17:02:24.826] [main/DEBUG] [net.neoforged.fml.loading.moddiscovery.ModFile/LOADING]: Loading mod file X:\NonSteamGamesOnXray\Minecraft\CreateServerWithModsIncludingComputerCraftWithMage-Updated\mods\create-aeronautics-bundled-1.21.1-1.3.1.jar with languages [LanguageSpec[languageName=lowcodefml, acceptedVersions=[4,)]]
[08Sep2026 17:02:24.826] [main/DEBUG] [net.neoforged.fml.loading.moddiscovery.ModFileParser/LOADING]: Considering mod file candidate X:\NonSteamGamesOnXray\Minecraft\CreateServerWithModsIncludingComputerCraftWithMage-Updated\mods\wthit-1.21.1-neo-12.10.2.jar
[08Sep2026 17:02:24.828] [main/DEBUG] [net.neoforged.fml.loading.moddiscovery.ModFileInfo/LOADING]: Found valid mod file wthit-1.21.1-neo-12.10.2.jar with {wthit,waila} mods - versions {12.10.2,12.10.2}
[08Sep2026 17:02:24.828] [main/DEBUG] [net.neoforged.fml.loading.moddiscovery.ModFile/LOADING]: Loading mod file X:\NonSteamGamesOnXray\Minecraft\CreateServerWithModsIncludingComputerCraftWithMage-Updated\mods\wthit-1.21.1-neo-12.10.2.jar with languages [LanguageSpec[languageName=javafml, acceptedVersions=[1,)]]
[08Sep2026 17:02:24.828] [main/DEBUG] [net.neoforged.fml.loading.moddiscovery.ModFile/LOADING]: Found mixin config MixinConfig[config=wthit.mixins.json, requiredMods=[]]
[08Sep2026 17:02:24.828] [main/DEBUG] [net.neoforged.fml.loading.moddiscovery.ModFileParser/LOADING]: Considering mod file candidate X:\NonSteamGamesOnXray\Minecraft\CreateServerWithModsIncludingComputerCraftWithMage-Updated\mods\allarrowspickup-1.0.0.jar
[08Sep2026 17:02:24.828] [main/DEBUG] [net.neoforged.fml.loading.moddiscovery.ModFileInfo/LOADING]: Found valid mod file allarrowspickup-1.0.0.jar with {allarrowspickup} mods - versions {1.0.0}
[08Sep2026 17:02:24.828] [main/DEBUG] [net.neoforged.fml.loading.moddiscovery.ModFile/LOADING]: Loading mod file X:\NonSteamGamesOnXray\Minecraft\CreateServerWithModsIncludingComputerCraftWithMage-Updated\mods\allarrowspickup-1.0.0.jar with languages [LanguageSpec[languageName=javafml, acceptedVersions=[1,)]]
[08Sep2026 17:02:24.828] [main/DEBUG] [net.neoforged.fml.loading.moddiscovery.ModFile/LOADING]: Found mixin config MixinConfig[config=allarrowspickup.mixins.json, requiredMods=[]]
[08Sep2026 17:02:24.828] [main/DEBUG] [net.neoforged.fml.loading.moddiscovery.ModFileParser/LOADING]: Considering mod file candidate 
[08Sep2026 17:02:24.829] [main/DEBUG] [net.neoforged.fml.loading.moddiscovery.ModFileInfo/LOADING]: Found valid mod file flywheel-neoforge-1.21.1-1.0.6.jar with {flywheel} mods - versions {1.0.6}
[08Sep2026 17:02:24.829] [main/DEBUG] [net.neoforged.fml.loading.moddiscovery.ModFile/LOADING]: Loading mod file  with languages [LanguageSpec[languageName=javafml, acceptedVersions=[0,)]]
[08Sep2026 17:02:24.829] [main/DEBUG] [net.neoforged.fml.loading.moddiscovery.ModFile/LOADING]: Found mixin config MixinConfig[config=flywheel.backend.mixins.json, requiredMods=[]]
[08Sep2026 17:02:24.829] [main/DEBUG] [net.neoforged.fml.loading.moddiscovery.ModFile/LOADING]: Found mixin config MixinConfig[config=flywheel.impl.mixins.json, requiredMods=[]]
[08Sep2026 17:02:24.830] [main/DEBUG] [net.neoforged.fml.loading.moddiscovery.ModFile/LOADING]: Found mixin config MixinConfig[config=flywheel.impl.neoforge.mixins.json, requiredMods=[]]
[08Sep2026 17:02:24.830] [main/DEBUG] [net.neoforged.fml.loading.moddiscovery.ModFileParser/LOADING]: Considering mod file candidate 
[08Sep2026 17:02:24.831] [main/DEBUG] [net.neoforged.fml.loading.moddiscovery.ModFileInfo/LOADING]: Found valid mod file sable-companion-common-1.21.1-1.6.0.jar with {sablecompanion} mods - versions {1.6.0}
[08Sep2026 17:02:24.831] [main/DEBUG] [net.neoforged.fml.loading.moddiscovery.ModFile/LOADING]: Loading mod file  with languages [LanguageSpec[languageName=javafml, acceptedVersions=[4,)]]
[08Sep2026 17:02:24.831] [main/DEBUG] [net.neoforged.fml.loading.moddiscovery.ModFileParser/LOADING]: Considering mod file candidate X:\NonSteamGamesOnXray\Minecraft\CreateServerWithModsIncludingComputerCraftWithMage-Updated\mods\create-1.21.1-6.0.10.jar
[08Sep2026 17:02:24.832] [main/DEBUG] [net.neoforged.fml.loading.moddiscovery.ModFileInfo/LOADING]: Found valid mod file create-1.21.1-6.0.10.jar with {create} mods - versions {6.0.10}
[08Sep2026 17:02:24.832] [main/DEBUG] [net.neoforged.fml.loading.moddiscovery.ModFile/LOADING]: Loading mod file X:\NonSteamGamesOnXray\Minecraft\CreateServerWithModsIncludingComputerCraftWithMage-Updated\mods\create-1.21.1-6.0.10.jar with languages [LanguageSpec[languageName=javafml, acceptedVersions=[0,)]]
[08Sep2026 17:02:24.832] [main/DEBUG] [net.neoforged.fml.loading.moddiscovery.ModFile/LOADING]: Found mixin config MixinConfig[config=create.mixins.json, requiredMods=[]]
[08Sep2026 17:02:24.832] [main/DEBUG] [net.neoforged.fml.loading.moddiscovery.ModFileParser/LOADING]: Considering mod file candidate X:\NonSteamGamesOnXray\Minecraft\CreateServerWithModsIncludingComputerCraftWithMage-Updated\libraries\net\neoforged\neoforge\21.1.248\neoforge-21.1.248-universal.jar
[08Sep2026 17:02:24.833] [main/DEBUG] [net.neoforged.fml.loading.moddiscovery.ModFileInfo/LOADING]: Found valid mod file neoforge-21.1.248-universal.jar with {neoforge} mods - versions {21.1.248}
[08Sep2026 17:02:24.833] [main/DEBUG] [net.neoforged.fml.loading.moddiscovery.ModFile/LOADING]: Loading mod file X:\NonSteamGamesOnXray\Minecraft\CreateServerWithModsIncludingComputerCraftWithMage-Updated\libraries\net\neoforged\neoforge\21.1.248\neoforge-21.1.248-universal.jar with languages [LanguageSpec[languageName=javafml, acceptedVersions=[3,]]]
[08Sep2026 17:02:24.833] [main/DEBUG] [net.neoforged.fml.loading.moddiscovery.ModFile/LOADING]: Found mixin config MixinConfig[config=neoforge.mixins.json, requiredMods=[]]
[08Sep2026 17:02:24.833] [main/DEBUG] [net.neoforged.fml.loading.moddiscovery.ModFileParser/LOADING]: Considering mod file candidate X:\NonSteamGamesOnXray\Minecraft\CreateServerWithModsIncludingComputerCraftWithMage-Updated\mods\journeymap-neoforge-1.21.1-6.0.5.jar
[08Sep2026 17:02:24.833] [main/DEBUG] [net.neoforged.fml.loading.moddiscovery.ModFileInfo/LOADING]: Found valid mod file journeymap-neoforge-1.21.1-6.0.5.jar with {journeymap} mods - versions {1.21.1-6.0.5}
[08Sep2026 17:02:24.833] [main/DEBUG] [net.neoforged.fml.loading.moddiscovery.ModFile/LOADING]: Loading mod file X:\NonSteamGamesOnXray\Minecraft\CreateServerWithModsIncludingComputerCraftWithMage-Updated\mods\journeymap-neoforge-1.21.1-6.0.5.jar with languages [LanguageSpec[languageName=javafml, acceptedVersions=[1,)]]
[08Sep2026 17:02:24.833] [main/DEBUG] [net.neoforged.fml.loading.moddiscovery.ModFile/LOADING]: Found mixin config MixinConfig[config=journeymap.mixins.json, requiredMods=[]]
[08Sep2026 17:02:24.833] [main/DEBUG] [net.neoforged.fml.loading.moddiscovery.ModFile/LOADING]: Found mixin config MixinConfig[config=journeymap.neoforge.mixins.json, requiredMods=[]]
[08Sep2026 17:02:24.833] [main/DEBUG] [net.neoforged.fml.loading.moddiscovery.ModFileParser/LOADING]: Considering mod file candidate X:\NonSteamGamesOnXray\Minecraft\CreateServerWithModsIncludingComputerCraftWithMage-Updated\mods\badpackets-neo-0.8.2.jar
[08Sep2026 17:02:24.834] [main/DEBUG] [net.neoforged.fml.loading.moddiscovery.ModFileInfo/LOADING]: Found valid mod file badpackets-neo-0.8.2.jar with {badpackets} mods - versions {0.8.2}
[08Sep2026 17:02:24.834] [main/DEBUG] [net.neoforged.fml.loading.moddiscovery.ModFile/LOADING]: Loading mod file X:\NonSteamGamesOnXray\Minecraft\CreateServerWithModsIncludingComputerCraftWithMage-Updated\mods\badpackets-neo-0.8.2.jar with languages [LanguageSpec[languageName=javafml, acceptedVersions=[1,)]]
[08Sep2026 17:02:24.834] [main/DEBUG] [net.neoforged.fml.loading.moddiscovery.ModFile/LOADING]: Found mixin config MixinConfig[config=badpackets.mixins.json, requiredMods=[]]
[08Sep2026 17:02:24.834] [main/DEBUG] [net.neoforged.fml.loading.moddiscovery.ModFileParser/LOADING]: Considering mod file candidate 
[08Sep2026 17:02:24.835] [main/DEBUG] [net.neoforged.fml.loading.moddiscovery.ModFileInfo/LOADING]: Found valid mod file veil-neoforge-1.21.1-4.3.2.jar with {veil} mods - versions {4.3.2}
[08Sep2026 17:02:24.835] [main/DEBUG] [net.neoforged.fml.loading.moddiscovery.ModFile/LOADING]: Loading mod file  with languages [LanguageSpec[languageName=javafml, acceptedVersions=[4,)]]
[08Sep2026 17:02:24.835] [main/DEBUG] [net.neoforged.fml.loading.moddiscovery.ModFile/LOADING]: Found mixin config MixinConfig[config=veil.command.mixins.json, requiredMods=[]]
[08Sep2026 17:02:24.835] [main/DEBUG] [net.neoforged.fml.loading.moddiscovery.ModFile/LOADING]: Found mixin config MixinConfig[config=veil.debug.mixins.json, requiredMods=[]]
[08Sep2026 17:02:24.835] [main/DEBUG] [net.neoforged.fml.loading.moddiscovery.ModFile/LOADING]: Found mixin config MixinConfig[config=veil.dynamicbuffer.mixins.json, requiredMods=[]]
[08Sep2026 17:02:24.835] [main/DEBUG] [net.neoforged.fml.loading.moddiscovery.ModFile/LOADING]: Found mixin config MixinConfig[config=veil.fix.mixins.json, requiredMods=[]]
[08Sep2026 17:02:24.835] [main/DEBUG] [net.neoforged.fml.loading.moddiscovery.ModFile/LOADING]: Found mixin config MixinConfig[config=veil.framebuffer.mixins.json, requiredMods=[]]
[08Sep2026 17:02:24.835] [main/DEBUG] [net.neoforged.fml.loading.moddiscovery.ModFile/LOADING]: Found mixin config MixinConfig[config=veil.necromancer.mixins.json, requiredMods=[]]
[08Sep2026 17:02:24.835] [main/DEBUG] [net.neoforged.fml.loading.moddiscovery.ModFile/LOADING]: Found mixin config MixinConfig[config=veil.network.mixins.json, requiredMods=[]]
[08Sep2026 17:02:24.835] [main/DEBUG] [net.neoforged.fml.loading.moddiscovery.ModFile/LOADING]: Found mixin config MixinConfig[config=veil.performance.mixins.json, requiredMods=[]]
[08Sep2026 17:02:24.836] [main/DEBUG] [net.neoforged.fml.loading.moddiscovery.ModFile/LOADING]: Found mixin config MixinConfig[config=veil.perspective.mixins.json, requiredMods=[]]
[08Sep2026 17:02:24.836] [main/DEBUG] [net.neoforged.fml.loading.moddiscovery.ModFile/LOADING]: Found mixin config MixinConfig[config=veil.pipeline.mixins.json, requiredMods=[]]
[08Sep2026 17:02:24.836] [main/DEBUG] [net.neoforged.fml.loading.moddiscovery.ModFile/LOADING]: Found mixin config MixinConfig[config=veil.quasar.mixins.json, requiredMods=[]]
[08Sep2026 17:02:24.836] [main/DEBUG] [net.neoforged.fml.loading.moddiscovery.ModFile/LOADING]: Found mixin config MixinConfig[config=veil.registry.mixins.json, requiredMods=[]]
[08Sep2026 17:02:24.836] [main/DEBUG] [net.neoforged.fml.loading.moddiscovery.ModFile/LOADING]: Found mixin config MixinConfig[config=veil.rendertype.mixins.json, requiredMods=[]]
[08Sep2026 17:02:24.836] [main/DEBUG] [net.neoforged.fml.loading.moddiscovery.ModFile/LOADING]: Found mixin config MixinConfig[config=veil.resource.mixins.json, requiredMods=[]]
[08Sep2026 17:02:24.836] [main/DEBUG] [net.neoforged.fml.loading.moddiscovery.ModFile/LOADING]: Found mixin config MixinConfig[config=veil.scheduler.mixins.json, requiredMods=[]]
[08Sep2026 17:02:24.836] [main/DEBUG] [net.neoforged.fml.loading.moddiscovery.ModFile/LOADING]: Found mixin config MixinConfig[config=veil.shader.mixins.json, requiredMods=[]]
[08Sep2026 17:02:24.836] [main/DEBUG] [net.neoforged.fml.loading.moddiscovery.ModFile/LOADING]: Found mixin config MixinConfig[config=veil.shader_recompile.mixins.json, requiredMods=[]]
[08Sep2026 17:02:24.836] [main/DEBUG] [net.neoforged.fml.loading.moddiscovery.ModFile/LOADING]: Found mixin config MixinConfig[config=veil.neoforge.mixins.json, requiredMods=[]]
[08Sep2026 17:02:24.837] [main/DEBUG] [net.neoforged.fml.loading.moddiscovery.ModFileParser/LOADING]: Considering mod file candidate X:\NonSteamGamesOnXray\Minecraft\CreateServerWithModsIncludingComputerCraftWithMage-Updated\mods\musketmod-1.21.1-neoforge-1.5.4.jar
[08Sep2026 17:02:24.837] [main/DEBUG] [net.neoforged.fml.loading.moddiscovery.ModFileInfo/LOADING]: Found valid mod file musketmod-1.21.1-neoforge-1.5.4.jar with {musketmod} mods - versions {1.5.4}
[08Sep2026 17:02:24.838] [main/DEBUG] [net.neoforged.fml.loading.moddiscovery.ModFile/LOADING]: Loading mod file X:\NonSteamGamesOnXray\Minecraft\CreateServerWithModsIncludingComputerCraftWithMage-Updated\mods\musketmod-1.21.1-neoforge-1.5.4.jar with languages [LanguageSpec[languageName=javafml, acceptedVersions=[4,)]]
[08Sep2026 17:02:24.838] [main/DEBUG] [net.neoforged.fml.loading.moddiscovery.ModFile/LOADING]: Found mixin config MixinConfig[config=musketmod.mixins.json, requiredMods=[]]
[08Sep2026 17:02:24.838] [main/DEBUG] [net.neoforged.fml.loading.moddiscovery.ModFileParser/LOADING]: Considering mod file candidate 
[08Sep2026 17:02:24.838] [main/DEBUG] [net.neoforged.fml.loading.moddiscovery.ModFileInfo/LOADING]: Found valid mod file dev.simulated_team.simulated.simulated-neoforge-1.21.1-1.3.1.jar with {simulated} mods - versions {1.3.1}
[08Sep2026 17:02:24.838] [main/DEBUG] [net.neoforged.fml.loading.moddiscovery.ModFile/LOADING]: Loading mod file  with languages [LanguageSpec[languageName=javafml, acceptedVersions=[4,)]]
[08Sep2026 17:02:24.838] [main/DEBUG] [net.neoforged.fml.loading.moddiscovery.ModFile/LOADING]: Found mixin config MixinConfig[config=simulated.mixins.json, requiredMods=[]]
[08Sep2026 17:02:24.838] [main/DEBUG] [net.neoforged.fml.loading.moddiscovery.ModFile/LOADING]: Found mixin config MixinConfig[config=simulated-neoforge.mixins.json, requiredMods=[]]
[08Sep2026 17:02:24.838] [main/DEBUG] [net.neoforged.fml.loading.moddiscovery.ModFileParser/LOADING]: Considering mod file candidate X:\NonSteamGamesOnXray\Minecraft\CreateServerWithModsIncludingComputerCraftWithMage-Updated\mods\cc-tweaked-1.21.1-forge-1.120.2.jar
[08Sep2026 17:02:24.839] [main/DEBUG] [net.neoforged.fml.loading.moddiscovery.ModFileInfo/LOADING]: Found valid mod file cc-tweaked-1.21.1-forge-1.120.2.jar with {computercraft} mods - versions {1.120.2}
[08Sep2026 17:02:24.839] [main/DEBUG] [net.neoforged.fml.loading.moddiscovery.ModFile/LOADING]: Loading mod file X:\NonSteamGamesOnXray\Minecraft\CreateServerWithModsIncludingComputerCraftWithMage-Updated\mods\cc-tweaked-1.21.1-forge-1.120.2.jar with languages [LanguageSpec[languageName=javafml, acceptedVersions=[1,)]]
[08Sep2026 17:02:24.839] [main/DEBUG] [net.neoforged.fml.loading.moddiscovery.ModFile/LOADING]: Found mixin config MixinConfig[config=computercraft.mixins.json, requiredMods=[]]
[08Sep2026 17:02:24.839] [main/DEBUG] [net.neoforged.fml.loading.moddiscovery.ModFile/LOADING]: Found mixin config MixinConfig[config=computercraft.forge.mixins.json, requiredMods=[]]
[08Sep2026 17:02:24.839] [main/DEBUG] [net.neoforged.fml.loading.moddiscovery.ModFile/LOADING]: Found mixin config MixinConfig[config=computercraft-client.forge.mixins.json, requiredMods=[]]
[08Sep2026 17:02:24.839] [main/DEBUG] [net.neoforged.fml.loading.moddiscovery.ModFileParser/LOADING]: Considering mod file candidate X:\NonSteamGamesOnXray\Minecraft\CreateServerWithModsIncludingComputerCraftWithMage-Updated\mods\cloth-config-15.0.140-neoforge.jar
[08Sep2026 17:02:24.840] [main/DEBUG] [net.neoforged.fml.loading.moddiscovery.ModFileInfo/LOADING]: Found valid mod file cloth-config-15.0.140-neoforge.jar with {cloth_config} mods - versions {15.0.140}
[08Sep2026 17:02:24.840] [main/DEBUG] [net.neoforged.fml.loading.moddiscovery.ModFile/LOADING]: Loading mod file X:\NonSteamGamesOnXray\Minecraft\CreateServerWithModsIncludingComputerCraftWithMage-Updated\mods\cloth-config-15.0.140-neoforge.jar with languages [LanguageSpec[languageName=javafml, acceptedVersions=[1,)]]
[08Sep2026 17:02:24.840] [main/DEBUG] [net.neoforged.fml.loading.moddiscovery.ModFileParser/LOADING]: Considering mod file candidate 
[08Sep2026 17:02:24.840] [main/DEBUG] [net.neoforged.fml.loading.moddiscovery.ModFileInfo/LOADING]: Found valid mod file journeymap-api-neoforge-2.0.0-1.21.1.jar with {journeymap_api} mods - versions {2.0.0-1.21.1}
[08Sep2026 17:02:24.840] [main/DEBUG] [net.neoforged.fml.loading.moddiscovery.ModFile/LOADING]: Loading mod file  with languages [LanguageSpec[languageName=javafml, acceptedVersions=[1,)]]
[08Sep2026 17:02:24.840] [main/DEBUG] [net.neoforged.fml.loading.moddiscovery.ModFileParser/LOADING]: Considering mod file candidate 
[08Sep2026 17:02:24.842] [main/DEBUG] [net.neoforged.fml.loading.moddiscovery.ModFileInfo/LOADING]: Found valid mod file dev.ryanhcode.offroad.offroad-neoforge-1.21.1-1.3.1.jar with {offroad} mods - versions {1.3.1}
[08Sep2026 17:02:24.842] [main/DEBUG] [net.neoforged.fml.loading.moddiscovery.ModFile/LOADING]: Loading mod file  with languages [LanguageSpec[languageName=javafml, acceptedVersions=[4,)]]
[08Sep2026 17:02:24.842] [main/DEBUG] [net.neoforged.fml.loading.moddiscovery.ModFile/LOADING]: Found mixin config MixinConfig[config=offroad.mixins.json, requiredMods=[]]
[08Sep2026 17:02:24.842] [main/DEBUG] [net.neoforged.fml.loading.moddiscovery.ModFile/LOADING]: Found mixin config MixinConfig[config=offroad.neoforge.mixins.json, requiredMods=[]]
[08Sep2026 17:02:24.842] [main/DEBUG] [net.neoforged.fml.loading.moddiscovery.ModFile/LOADING]: Loading mod file  with languages []
[08Sep2026 17:02:24.843] [main/DEBUG] [net.neoforged.fml.loading.moddiscovery.ModFile/LOADING]: Loading mod file  with languages []
[08Sep2026 17:02:24.843] [main/DEBUG] [net.neoforged.fml.loading.moddiscovery.ModFile/LOADING]: Loading mod file  with languages []
[08Sep2026 17:02:24.843] [main/DEBUG] [net.neoforged.fml.loading.moddiscovery.ModValidator/SCAN]: Found 29 mod files with 27 mods
[08Sep2026 17:02:24.844] [main/DEBUG] [cpw.mods.modlauncher.TransformationServiceDecorator/MODLAUNCHER]: End scan trigger - transformation service fml
[08Sep2026 17:02:24.860] [main/DEBUG] [net.neoforged.fml.util.ServiceLoaderUtil/CORE]: Found 3 implementations of IModLanguageLoader:
[08Sep2026 17:02:24.860] [main/DEBUG] [net.neoforged.fml.util.ServiceLoaderUtil/CORE]: 	net.neoforged.fml.javafmlmod.FMLJavaModLanguageProvider from loader-4.0.43.jar
[08Sep2026 17:02:24.860] [main/DEBUG] [net.neoforged.fml.util.ServiceLoaderUtil/CORE]: 	net.neoforged.fml.lowcodemod.LowCodeModLanguageProvider from loader-4.0.43.jar
[08Sep2026 17:02:24.860] [main/DEBUG] [net.neoforged.fml.util.ServiceLoaderUtil/CORE]: 	net.neoforged.fml.mclanguageprovider.MinecraftModLanguageProvider from loader-4.0.43.jar
[08Sep2026 17:02:24.861] [main/DEBUG] [net.neoforged.fml.loading.LanguageProviderLoader/CORE]: Found language provider javafml, version 4.0.43
[08Sep2026 17:02:24.861] [main/DEBUG] [net.neoforged.fml.loading.LanguageProviderLoader/CORE]: Found language provider lowcodefml, version 4.0.43
[08Sep2026 17:02:24.861] [main/DEBUG] [net.neoforged.fml.loading.LanguageProviderLoader/CORE]: Found language provider minecraft, version 4.0.43
[08Sep2026 17:02:24.865] [main/DEBUG] [net.neoforged.fml.loading.ModSorter/]: Configured system mods: [minecraft, neoforge]
[08Sep2026 17:02:24.865] [main/DEBUG] [net.neoforged.fml.loading.ModSorter/]: Found system mod: minecraft
[08Sep2026 17:02:24.865] [main/DEBUG] [net.neoforged.fml.loading.ModSorter/]: Found system mod: neoforge
[08Sep2026 17:02:24.868] [main/DEBUG] [net.neoforged.fml.loading.ModSorter/LOADING]: Found 60 mod requirements (49 mandatory, 11 optional)
[08Sep2026 17:02:24.868] [main/DEBUG] [net.neoforged.fml.loading.ModSorter/LOADING]: Found 0 mod requirements missing (0 mandatory, 0 optional)
[08Sep2026 17:02:24.887] [main/DEBUG] [net.neoforged.fml.loading.FMLLoader/SCAN]: Adding Access Transformer in 
[08Sep2026 17:02:24.891] [main/DEBUG] [AXFORM/AXFORM]: Loading access transformer accesstransformer.cfg
[08Sep2026 17:02:24.964] [main/DEBUG] [AXFORM/AXFORM]: Loaded access transformer accesstransformer.cfg
[08Sep2026 17:02:24.965] [main/DEBUG] [net.neoforged.fml.loading.FMLLoader/SCAN]: Adding Access Transformer in X:\NonSteamGamesOnXray\Minecraft\CreateServerWithModsIncludingComputerCraftWithMage-Updated\mods\jei-1.21.1-neoforge-19.27.0.336.jar
[08Sep2026 17:02:24.965] [main/DEBUG] [AXFORM/AXFORM]: Loading access transformer accesstransformer.cfg
[08Sep2026 17:02:24.977] [main/DEBUG] [AXFORM/AXFORM]: Loaded access transformer accesstransformer.cfg
[08Sep2026 17:02:24.977] [main/DEBUG] [net.neoforged.fml.loading.FMLLoader/SCAN]: Adding Access Transformer in 
[08Sep2026 17:02:24.977] [main/DEBUG] [AXFORM/AXFORM]: Loading access transformer accesstransformer.cfg
[08Sep2026 17:02:24.979] [main/DEBUG] [AXFORM/AXFORM]: Loaded access transformer accesstransformer.cfg
[08Sep2026 17:02:24.979] [main/DEBUG] [net.neoforged.fml.loading.FMLLoader/SCAN]: Adding Access Transformer in X:\NonSteamGamesOnXray\Minecraft\CreateServerWithModsIncludingComputerCraftWithMage-Updated\mods\gliders-1.21.1-neoforge-1.1.8.jar
[08Sep2026 17:02:24.979] [main/DEBUG] [AXFORM/AXFORM]: Loading access transformer accesstransformer.cfg
[08Sep2026 17:02:24.980] [main/DEBUG] [AXFORM/AXFORM]: Loaded access transformer accesstransformer.cfg
[08Sep2026 17:02:24.980] [main/DEBUG] [net.neoforged.fml.loading.FMLLoader/SCAN]: Adding Access Transformer in 
[08Sep2026 17:02:24.980] [main/DEBUG] [AXFORM/AXFORM]: Loading access transformer accesstransformer.cfg
[08Sep2026 17:02:24.981] [main/DEBUG] [AXFORM/AXFORM]: Loaded access transformer accesstransformer.cfg
[08Sep2026 17:02:24.981] [main/DEBUG] [net.neoforged.fml.loading.FMLLoader/SCAN]: Adding Access Transformer in X:\NonSteamGamesOnXray\Minecraft\CreateServerWithModsIncludingComputerCraftWithMage-Updated\mods\create-1.21.1-6.0.10.jar
[08Sep2026 17:02:24.982] [main/DEBUG] [AXFORM/AXFORM]: Loading access transformer accesstransformer.cfg
[08Sep2026 17:02:24.988] [main/DEBUG] [AXFORM/AXFORM]: Loaded access transformer accesstransformer.cfg
[08Sep2026 17:02:24.988] [main/DEBUG] [net.neoforged.fml.loading.FMLLoader/SCAN]: Adding Access Transformer in X:\NonSteamGamesOnXray\Minecraft\CreateServerWithModsIncludingComputerCraftWithMage-Updated\mods\sable-neoforge-1.21.1-2.0.5.jar
[08Sep2026 17:02:24.989] [main/DEBUG] [AXFORM/AXFORM]: Loading access transformer accesstransformer.cfg
[08Sep2026 17:02:24.994] [main/DEBUG] [AXFORM/AXFORM]: Loaded access transformer accesstransformer.cfg
[08Sep2026 17:02:24.994] [main/DEBUG] [net.neoforged.fml.loading.FMLLoader/SCAN]: Adding Access Transformer in X:\NonSteamGamesOnXray\Minecraft\CreateServerWithModsIncludingComputerCraftWithMage-Updated\mods\journeymap-neoforge-1.21.1-6.0.5.jar
[08Sep2026 17:02:24.994] [main/DEBUG] [AXFORM/AXFORM]: Loading access transformer accesstransformer.cfg
[08Sep2026 17:02:24.998] [main/DEBUG] [AXFORM/AXFORM]: Loaded access transformer accesstransformer.cfg
[08Sep2026 17:02:24.998] [main/DEBUG] [net.neoforged.fml.loading.FMLLoader/SCAN]: Adding Access Transformer in X:\NonSteamGamesOnXray\Minecraft\CreateServerWithModsIncludingComputerCraftWithMage-Updated\libraries\net\neoforged\neoforge\21.1.248\neoforge-21.1.248-universal.jar
[08Sep2026 17:02:25.000] [main/DEBUG] [AXFORM/AXFORM]: Loading access transformer accesstransformer.cfg
[08Sep2026 17:02:25.024] [main/DEBUG] [AXFORM/AXFORM]: Loaded access transformer accesstransformer.cfg
[08Sep2026 17:02:25.024] [main/DEBUG] [net.neoforged.fml.loading.FMLLoader/SCAN]: Adding Access Transformer in 
[08Sep2026 17:02:25.025] [main/DEBUG] [AXFORM/AXFORM]: Loading access transformer accesstransformer.cfg
[08Sep2026 17:02:25.029] [main/DEBUG] [AXFORM/AXFORM]: Loaded access transformer accesstransformer.cfg
[08Sep2026 17:02:25.029] [main/DEBUG] [net.neoforged.fml.loading.FMLLoader/SCAN]: Adding Access Transformer in X:\NonSteamGamesOnXray\Minecraft\CreateServerWithModsIncludingComputerCraftWithMage-Updated\mods\musketmod-1.21.1-neoforge-1.5.4.jar
[08Sep2026 17:02:25.029] [main/DEBUG] [AXFORM/AXFORM]: Loading access transformer accesstransformer.cfg
[08Sep2026 17:02:25.031] [main/DEBUG] [AXFORM/AXFORM]: Loaded access transformer accesstransformer.cfg
[08Sep2026 17:02:25.031] [main/DEBUG] [net.neoforged.fml.loading.FMLLoader/SCAN]: Adding Access Transformer in 
[08Sep2026 17:02:25.031] [main/DEBUG] [AXFORM/AXFORM]: Loading access transformer accesstransformer.cfg
[08Sep2026 17:02:25.034] [main/DEBUG] [AXFORM/AXFORM]: Loaded access transformer accesstransformer.cfg
[08Sep2026 17:02:25.034] [main/DEBUG] [net.neoforged.fml.loading.FMLLoader/SCAN]: Adding Access Transformer in X:\NonSteamGamesOnXray\Minecraft\CreateServerWithModsIncludingComputerCraftWithMage-Updated\mods\cc-tweaked-1.21.1-forge-1.120.2.jar
[08Sep2026 17:02:25.034] [main/DEBUG] [AXFORM/AXFORM]: Loading access transformer accesstransformer.cfg
[08Sep2026 17:02:25.037] [main/DEBUG] [AXFORM/AXFORM]: Loaded access transformer accesstransformer.cfg
[08Sep2026 17:02:25.037] [main/DEBUG] [net.neoforged.fml.loading.FMLLoader/SCAN]: Adding Access Transformer in X:\NonSteamGamesOnXray\Minecraft\CreateServerWithModsIncludingComputerCraftWithMage-Updated\mods\cloth-config-15.0.140-neoforge.jar
[08Sep2026 17:02:25.037] [main/DEBUG] [AXFORM/AXFORM]: Loading access transformer accesstransformer.cfg
[08Sep2026 17:02:25.038] [main/DEBUG] [AXFORM/AXFORM]: Loaded access transformer accesstransformer.cfg
[08Sep2026 17:02:25.038] [main/DEBUG] [net.neoforged.fml.loading.FMLLoader/SCAN]: Adding Access Transformer in 
[08Sep2026 17:02:25.038] [main/DEBUG] [AXFORM/AXFORM]: Loading access transformer accesstransformer.cfg
[08Sep2026 17:02:25.039] [main/DEBUG] [AXFORM/AXFORM]: Loaded access transformer accesstransformer.cfg
[08Sep2026 17:02:25.043] [main/DEBUG] [mixin/]: Adding mixin platform agents for container net.neoforged.fml.loading.mixin.FMLMixinContainerHandle@1931d99
[08Sep2026 17:02:25.043] [main/DEBUG] [mixin/]: Instancing new MixinPlatformAgentMinecraftForge for net.neoforged.fml.loading.mixin.FMLMixinContainerHandle@1931d99
[08Sep2026 17:02:25.043] [main/DEBUG] [mixin/]: MixinPlatformAgentMinecraftForge rejected container net.neoforged.fml.loading.mixin.FMLMixinContainerHandle@1931d99
[08Sep2026 17:02:25.043] [main/DEBUG] [mixin/]: Instancing new MixinPlatformAgentDefault for net.neoforged.fml.loading.mixin.FMLMixinContainerHandle@1931d99
[08Sep2026 17:02:25.043] [main/DEBUG] [mixin/]: MixinPlatformAgentDefault accepted container net.neoforged.fml.loading.mixin.FMLMixinContainerHandle@1931d99
[08Sep2026 17:02:25.043] [main/DEBUG] [mixin/]: Instancing new FMLMixinPlatformAgent for net.neoforged.fml.loading.mixin.FMLMixinContainerHandle@1931d99
[08Sep2026 17:02:25.043] [main/DEBUG] [mixin/]: FMLMixinPlatformAgent accepted container net.neoforged.fml.loading.mixin.FMLMixinContainerHandle@1931d99
[08Sep2026 17:02:25.070] [main/DEBUG] [cpw.mods.modlauncher.TransformationServicesHandler/MODLAUNCHER]: Transformation services loading transformers
[08Sep2026 17:02:25.073] [main/DEBUG] [cpw.mods.modlauncher.TransformationServiceDecorator/MODLAUNCHER]: Initializing transformers for transformation service mixin
[08Sep2026 17:02:25.077] [main/DEBUG] [cpw.mods.modlauncher.TransformationServiceDecorator/MODLAUNCHER]: Initialized transformers for transformation service mixin
[08Sep2026 17:02:25.077] [main/DEBUG] [cpw.mods.modlauncher.TransformationServiceDecorator/MODLAUNCHER]: Initializing transformers for transformation service fml
[08Sep2026 17:02:25.077] [main/DEBUG] [net.neoforged.fml.loading.FMLServiceProvider/LOADING]: Loading coremod transformers
[08Sep2026 17:02:25.079] [main/DEBUG] [net.neoforged.fml.loading.FMLServiceProvider/CORE]: Not loading coremod script-engine since no mod requested it
[08Sep2026 17:02:25.081] [main/DEBUG] [net.neoforged.fml.util.ServiceLoaderUtil/CORE]: Found 1 implementations of ICoreMod:
[08Sep2026 17:02:25.081] [main/DEBUG] [net.neoforged.fml.util.ServiceLoaderUtil/CORE]: 	net.neoforged.neoforge.coremods.NeoForgeCoreMod from neoforge-21.1.248-universal.jar > net.neoforged.neoforge-coremods-21.1.248.jar
[08Sep2026 17:02:25.229] [main/DEBUG] [net.neoforged.fml.loading.FMLServiceProvider/CORE]: Adding [Target[className=net.minecraft.world.level.biome.Biome, elementName=, elementDescriptor=, targetType=cpw.mods.modlauncher.api.TargetType@484094a5]] transformer from core-mod net.neoforged.neoforge.coremods.NeoForgeCoreMod@6f3f0fae in neoforge-21.1.248-universal.jar > net.neoforged.neoforge-coremods-21.1.248.jar
[08Sep2026 17:02:25.229] [main/DEBUG] [net.neoforged.fml.loading.FMLServiceProvider/CORE]: Adding [Target[className=net.minecraft.world.level.levelgen.structure.Structure, elementName=, elementDescriptor=, targetType=cpw.mods.modlauncher.api.TargetType@484094a5]] transformer from core-mod net.neoforged.neoforge.coremods.NeoForgeCoreMod@6f3f0fae in neoforge-21.1.248-universal.jar > net.neoforged.neoforge-coremods-21.1.248.jar
[08Sep2026 17:02:25.230] [main/DEBUG] [net.neoforged.fml.loading.FMLServiceProvider/CORE]: Adding [Target[className=net.minecraft.world.level.block.FlowerPotBlock, elementName=, elementDescriptor=, targetType=cpw.mods.modlauncher.api.TargetType@484094a5]] transformer from core-mod net.neoforged.neoforge.coremods.NeoForgeCoreMod@6f3f0fae in neoforge-21.1.248-universal.jar > net.neoforged.neoforge-coremods-21.1.248.jar
[08Sep2026 17:02:25.230] [main/DEBUG] [net.neoforged.fml.loading.FMLServiceProvider/CORE]: Adding [Target[className=net/minecraft/server/commands/RaidCommand, elementName=, elementDescriptor=, targetType=cpw.mods.modlauncher.api.TargetType@484094a5], Target[className=net/minecraft/world/entity/monster/ZombieVillager, elementName=, elementDescriptor=, targetType=cpw.mods.modlauncher.api.TargetType@484094a5], Target[className=net/minecraft/world/entity/animal/frog/Tadpole, elementName=, elementDescriptor=, targetType=cpw.mods.modlauncher.api.TargetType@484094a5], Target[className=net/minecraft/world/level/NaturalSpawner, elementName=, elementDescriptor=, targetType=cpw.mods.modlauncher.api.TargetType@484094a5], Target[className=net/minecraft/world/entity/raid/Raid, elementName=, elementDescriptor=, targetType=cpw.mods.modlauncher.api.TargetType@484094a5], Target[className=net/minecraft/world/level/levelgen/structure/structures/OceanMonumentPieces$OceanMonumentPiece, elementName=, elementDescriptor=, targetType=cpw.mods.modlauncher.api.TargetType@484094a5], Target[className=net/minecraft/world/entity/monster/Spider, elementName=, elementDescriptor=, targetType=cpw.mods.modlauncher.api.TargetType@484094a5], Target[className=net/minecraft/world/entity/monster/Zombie, elementName=, elementDescriptor=, targetType=cpw.mods.modlauncher.api.TargetType@484094a5], Target[className=net/minecraft/world/level/levelgen/structure/structures/WoodlandMansionPieces$WoodlandMansionPiece, elementName=, elementDescriptor=, targetType=cpw.mods.modlauncher.api.TargetType@484094a5], Target[className=net/minecraft/world/entity/EntityType, elementName=, elementDescriptor=, targetType=cpw.mods.modlauncher.api.TargetType@484094a5], Target[className=net/minecraft/world/entity/npc/Villager, elementName=, elementDescriptor=, targetType=cpw.mods.modlauncher.api.TargetType@484094a5], Target[className=net/minecraft/world/entity/animal/horse/SkeletonTrapGoal, elementName=, elementDescriptor=, targetType=cpw.mods.modlauncher.api.TargetType@484094a5], Target[className=net/minecraft/world/entity/npc/CatSpawner, elementName=, elementDescriptor=, targetType=cpw.mods.modlauncher.api.TargetType@484094a5], Target[className=net/minecraft/world/level/levelgen/PhantomSpawner, elementName=, elementDescriptor=, targetType=cpw.mods.modlauncher.api.TargetType@484094a5], Target[className=net/minecraft/server/commands/SummonCommand, elementName=, elementDescriptor=, targetType=cpw.mods.modlauncher.api.TargetType@484094a5], Target[className=net/minecraft/world/entity/ai/village/VillageSiege, elementName=, elementDescriptor=, targetType=cpw.mods.modlauncher.api.TargetType@484094a5], Target[className=net/minecraft/world/entity/monster/Evoker$EvokerSummonSpellGoal, elementName=, elementDescriptor=, targetType=cpw.mods.modlauncher.api.TargetType@484094a5], Target[className=net/minecraft/world/entity/monster/Strider, elementName=, elementDescriptor=, targetType=cpw.mods.modlauncher.api.TargetType@484094a5], Target[className=net/minecraft/world/level/levelgen/structure/structures/SwampHutPiece, elementName=, elementDescriptor=, targetType=cpw.mods.modlauncher.api.TargetType@484094a5], Target[className=net/minecraft/world/level/levelgen/structure/structures/OceanRuinPieces$OceanRuinPiece, elementName=, elementDescriptor=, targetType=cpw.mods.modlauncher.api.TargetType@484094a5], Target[className=net/minecraft/world/level/levelgen/structure/templatesystem/StructureTemplate, elementName=, elementDescriptor=, targetType=cpw.mods.modlauncher.api.TargetType@484094a5], Target[className=net/minecraft/world/level/levelgen/PatrolSpawner, elementName=, elementDescriptor=, targetType=cpw.mods.modlauncher.api.TargetType@484094a5]] transformer from core-mod net.neoforged.neoforge.coremods.NeoForgeCoreMod@6f3f0fae in neoforge-21.1.248-universal.jar > net.neoforged.neoforge-coremods-21.1.248.jar
[08Sep2026 17:02:25.252] [main/DEBUG] [cpw.mods.modlauncher.TransformStore/MODLAUNCHER]: Adding transformer net.neoforged.neoforge.coremods.ReplaceFieldWithGetterAccess@66bacdbc to Target : cpw.mods.modlauncher.api.TargetType@484094a5 {Lnet/minecraft/world/level/biome/Biome;} {} {V}
[08Sep2026 17:02:25.260] [main/DEBUG] [cpw.mods.modlauncher.TransformStore/MODLAUNCHER]: Adding transformer net.neoforged.neoforge.coremods.ReplaceFieldWithGetterAccess@2a1debfa to Target : cpw.mods.modlauncher.api.TargetType@484094a5 {Lnet/minecraft/world/level/levelgen/structure/Structure;} {} {V}
[08Sep2026 17:02:25.262] [main/DEBUG] [cpw.mods.modlauncher.TransformStore/MODLAUNCHER]: Adding transformer net.neoforged.neoforge.coremods.ReplaceFieldWithGetterAccess@44de94c3 to Target : cpw.mods.modlauncher.api.TargetType@484094a5 {Lnet/minecraft/world/level/block/FlowerPotBlock;} {} {V}
[08Sep2026 17:02:25.263] [main/DEBUG] [cpw.mods.modlauncher.TransformStore/MODLAUNCHER]: Adding transformer net.neoforged.neoforge.coremods.MethodRedirector@256aa5f2 to Target : cpw.mods.modlauncher.api.TargetType@484094a5 {Lnet/minecraft/server/commands/RaidCommand;} {} {V}
[08Sep2026 17:02:25.263] [main/DEBUG] [cpw.mods.modlauncher.TransformStore/MODLAUNCHER]: Adding transformer net.neoforged.neoforge.coremods.MethodRedirector@256aa5f2 to Target : cpw.mods.modlauncher.api.TargetType@484094a5 {Lnet/minecraft/world/entity/monster/ZombieVillager;} {} {V}
[08Sep2026 17:02:25.263] [main/DEBUG] [cpw.mods.modlauncher.TransformStore/MODLAUNCHER]: Adding transformer net.neoforged.neoforge.coremods.MethodRedirector@256aa5f2 to Target : cpw.mods.modlauncher.api.TargetType@484094a5 {Lnet/minecraft/world/entity/animal/frog/Tadpole;} {} {V}
[08Sep2026 17:02:25.263] [main/DEBUG] [cpw.mods.modlauncher.TransformStore/MODLAUNCHER]: Adding transformer net.neoforged.neoforge.coremods.MethodRedirector@256aa5f2 to Target : cpw.mods.modlauncher.api.TargetType@484094a5 {Lnet/minecraft/world/level/NaturalSpawner;} {} {V}
[08Sep2026 17:02:25.263] [main/DEBUG] [cpw.mods.modlauncher.TransformStore/MODLAUNCHER]: Adding transformer net.neoforged.neoforge.coremods.MethodRedirector@256aa5f2 to Target : cpw.mods.modlauncher.api.TargetType@484094a5 {Lnet/minecraft/world/entity/raid/Raid;} {} {V}
[08Sep2026 17:02:25.263] [main/DEBUG] [cpw.mods.modlauncher.TransformStore/MODLAUNCHER]: Adding transformer net.neoforged.neoforge.coremods.MethodRedirector@256aa5f2 to Target : cpw.mods.modlauncher.api.TargetType@484094a5 {Lnet/minecraft/world/level/levelgen/structure/structures/OceanMonumentPieces$OceanMonumentPiece;} {} {V}
[08Sep2026 17:02:25.263] [main/DEBUG] [cpw.mods.modlauncher.TransformStore/MODLAUNCHER]: Adding transformer net.neoforged.neoforge.coremods.MethodRedirector@256aa5f2 to Target : cpw.mods.modlauncher.api.TargetType@484094a5 {Lnet/minecraft/world/entity/monster/Spider;} {} {V}
[08Sep2026 17:02:25.263] [main/DEBUG] [cpw.mods.modlauncher.TransformStore/MODLAUNCHER]: Adding transformer net.neoforged.neoforge.coremods.MethodRedirector@256aa5f2 to Target : cpw.mods.modlauncher.api.TargetType@484094a5 {Lnet/minecraft/world/entity/monster/Zombie;} {} {V}
[08Sep2026 17:02:25.263] [main/DEBUG] [cpw.mods.modlauncher.TransformStore/MODLAUNCHER]: Adding transformer net.neoforged.neoforge.coremods.MethodRedirector@256aa5f2 to Target : cpw.mods.modlauncher.api.TargetType@484094a5 {Lnet/minecraft/world/level/levelgen/structure/structures/WoodlandMansionPieces$WoodlandMansionPiece;} {} {V}
[08Sep2026 17:02:25.263] [main/DEBUG] [cpw.mods.modlauncher.TransformStore/MODLAUNCHER]: Adding transformer net.neoforged.neoforge.coremods.MethodRedirector@256aa5f2 to Target : cpw.mods.modlauncher.api.TargetType@484094a5 {Lnet/minecraft/world/entity/EntityType;} {} {V}
[08Sep2026 17:02:25.263] [main/DEBUG] [cpw.mods.modlauncher.TransformStore/MODLAUNCHER]: Adding transformer net.neoforged.neoforge.coremods.MethodRedirector@256aa5f2 to Target : cpw.mods.modlauncher.api.TargetType@484094a5 {Lnet/minecraft/world/entity/npc/Villager;} {} {V}
[08Sep2026 17:02:25.263] [main/DEBUG] [cpw.mods.modlauncher.TransformStore/MODLAUNCHER]: Adding transformer net.neoforged.neoforge.coremods.MethodRedirector@256aa5f2 to Target : cpw.mods.modlauncher.api.TargetType@484094a5 {Lnet/minecraft/world/entity/animal/horse/SkeletonTrapGoal;} {} {V}
[08Sep2026 17:02:25.263] [main/DEBUG] [cpw.mods.modlauncher.TransformStore/MODLAUNCHER]: Adding transformer net.neoforged.neoforge.coremods.MethodRedirector@256aa5f2 to Target : cpw.mods.modlauncher.api.TargetType@484094a5 {Lnet/minecraft/world/entity/npc/CatSpawner;} {} {V}
[08Sep2026 17:02:25.263] [main/DEBUG] [cpw.mods.modlauncher.TransformStore/MODLAUNCHER]: Adding transformer net.neoforged.neoforge.coremods.MethodRedirector@256aa5f2 to Target : cpw.mods.modlauncher.api.TargetType@484094a5 {Lnet/minecraft/world/level/levelgen/PhantomSpawner;} {} {V}
[08Sep2026 17:02:25.263] [main/DEBUG] [cpw.mods.modlauncher.TransformStore/MODLAUNCHER]: Adding transformer net.neoforged.neoforge.coremods.MethodRedirector@256aa5f2 to Target : cpw.mods.modlauncher.api.TargetType@484094a5 {Lnet/minecraft/server/commands/SummonCommand;} {} {V}
[08Sep2026 17:02:25.263] [main/DEBUG] [cpw.mods.modlauncher.TransformStore/MODLAUNCHER]: Adding transformer net.neoforged.neoforge.coremods.MethodRedirector@256aa5f2 to Target : cpw.mods.modlauncher.api.TargetType@484094a5 {Lnet/minecraft/world/entity/ai/village/VillageSiege;} {} {V}
[08Sep2026 17:02:25.263] [main/DEBUG] [cpw.mods.modlauncher.TransformStore/MODLAUNCHER]: Adding transformer net.neoforged.neoforge.coremods.MethodRedirector@256aa5f2 to Target : cpw.mods.modlauncher.api.TargetType@484094a5 {Lnet/minecraft/world/entity/monster/Evoker$EvokerSummonSpellGoal;} {} {V}
[08Sep2026 17:02:25.263] [main/DEBUG] [cpw.mods.modlauncher.TransformStore/MODLAUNCHER]: Adding transformer net.neoforged.neoforge.coremods.MethodRedirector@256aa5f2 to Target : cpw.mods.modlauncher.api.TargetType@484094a5 {Lnet/minecraft/world/entity/monster/Strider;} {} {V}
[08Sep2026 17:02:25.263] [main/DEBUG] [cpw.mods.modlauncher.TransformStore/MODLAUNCHER]: Adding transformer net.neoforged.neoforge.coremods.MethodRedirector@256aa5f2 to Target : cpw.mods.modlauncher.api.TargetType@484094a5 {Lnet/minecraft/world/level/levelgen/structure/structures/SwampHutPiece;} {} {V}
[08Sep2026 17:02:25.263] [main/DEBUG] [cpw.mods.modlauncher.TransformStore/MODLAUNCHER]: Adding transformer net.neoforged.neoforge.coremods.MethodRedirector@256aa5f2 to Target : cpw.mods.modlauncher.api.TargetType@484094a5 {Lnet/minecraft/world/level/levelgen/structure/structures/OceanRuinPieces$OceanRuinPiece;} {} {V}
[08Sep2026 17:02:25.263] [main/DEBUG] [cpw.mods.modlauncher.TransformStore/MODLAUNCHER]: Adding transformer net.neoforged.neoforge.coremods.MethodRedirector@256aa5f2 to Target : cpw.mods.modlauncher.api.TargetType@484094a5 {Lnet/minecraft/world/level/levelgen/structure/templatesystem/StructureTemplate;} {} {V}
[08Sep2026 17:02:25.263] [main/DEBUG] [cpw.mods.modlauncher.TransformStore/MODLAUNCHER]: Adding transformer net.neoforged.neoforge.coremods.MethodRedirector@256aa5f2 to Target : cpw.mods.modlauncher.api.TargetType@484094a5 {Lnet/minecraft/world/level/levelgen/PatrolSpawner;} {} {V}
[08Sep2026 17:02:25.263] [main/DEBUG] [cpw.mods.modlauncher.TransformationServiceDecorator/MODLAUNCHER]: Initialized transformers for transformation service fml
[08Sep2026 17:02:25.554] [main/DEBUG] [mixin/]: Processing prepare() for PlatformAgent[MixinPlatformAgentDefault:ModLauncher Root Container(ModLauncher:4f56a0a2)]
[08Sep2026 17:02:25.554] [main/DEBUG] [mixin/]: Processing prepare() for PlatformAgent[MixinPlatformAgentDefault:net.neoforged.fml.loading.mixin.FMLMixinContainerHandle@1931d99]
[08Sep2026 17:02:25.554] [main/DEBUG] [mixin/]: Processing prepare() for PlatformAgent[FMLMixinPlatformAgent:null]
[08Sep2026 17:02:25.619] [main/DEBUG] [mixin/]: Compatibility level JAVA_21 specified by playerAnimator-common.mixins.json is higher than the maximum level supported by this version of mixin (JAVA_13).
[08Sep2026 17:02:25.627] [main/INFO] [mixin/]: Compatibility level set to JAVA_21
[08Sep2026 17:02:25.628] [main/DEBUG] [mixin/]: Compatibility level JAVA_18 specified by aeronautics.mixins.json is higher than the maximum level supported by this version of mixin (JAVA_13).
[08Sep2026 17:02:25.631] [main/DEBUG] [mixin/]: Compatibility level JAVA_17 specified by vc_gliders-common.mixins.json is higher than the maximum level supported by this version of mixin (JAVA_13).
[08Sep2026 17:02:25.632] [main/DEBUG] [mixin/]: Mixin config vc_gliders-common.mixins.json does not specify "minVersion" or "requiredFeatures" property
[08Sep2026 17:02:25.632] [main/DEBUG] [mixin/]: Compatibility level JAVA_16 specified by wthit.mixins.json is higher than the maximum level supported by this version of mixin (JAVA_13).
[08Sep2026 17:02:25.635] [main/DEBUG] [mixin/]: Compatibility level JAVA_17 specified by flywheel.impl.neoforge.mixins.json is higher than the maximum level supported by this version of mixin (JAVA_13).
[08Sep2026 17:02:25.637] [main/DEBUG] [mixin/]: Compatibility level JAVA_17 specified by ponder.mixins.json is higher than the maximum level supported by this version of mixin (JAVA_13).
[08Sep2026 17:02:25.639] [main/DEBUG] [mixin/]: Compatibility level JAVA_17 specified by ponder-common.mixins.json is higher than the maximum level supported by this version of mixin (JAVA_13).
[08Sep2026 17:02:25.643] [main/DEBUG] [mixin/]: Compatibility level JAVA_17 specified by journeymap.mixins.json is higher than the maximum level supported by this version of mixin (JAVA_13).
[08Sep2026 17:02:25.644] [main/DEBUG] [mixin/]: Compatibility level JAVA_17 specified by journeymap.neoforge.mixins.json is higher than the maximum level supported by this version of mixin (JAVA_13).
[08Sep2026 17:02:25.646] [main/DEBUG] [mixin/]: Compatibility level JAVA_16 specified by badpackets.mixins.json is higher than the maximum level supported by this version of mixin (JAVA_13).
[08Sep2026 17:02:25.658] [main/DEBUG] [mixin/]: Mixin config musketmod.mixins.json does not specify "minVersion" or "requiredFeatures" property
[08Sep2026 17:02:25.661] [main/DEBUG] [mixin/]: Compatibility level JAVA_18 specified by offroad.mixins.json is higher than the maximum level supported by this version of mixin (JAVA_13).
[08Sep2026 17:02:25.663] [main/DEBUG] [mixin/]: Processing launch tasks for PlatformAgent[MixinPlatformAgentDefault:ModLauncher Root Container(ModLauncher:4f56a0a2)]
[08Sep2026 17:02:25.663] [main/DEBUG] [mixin/]: Adding mixin platform agents for container SecureJarResource(mixin_synthetic)
[08Sep2026 17:02:25.663] [main/DEBUG] [mixin/]: Instancing new MixinPlatformAgentMinecraftForge for SecureJarResource(mixin_synthetic)
[08Sep2026 17:02:25.663] [main/DEBUG] [mixin/]: MixinPlatformAgentMinecraftForge rejected container SecureJarResource(mixin_synthetic)
[08Sep2026 17:02:25.663] [main/DEBUG] [mixin/]: Instancing new MixinPlatformAgentDefault for SecureJarResource(mixin_synthetic)
[08Sep2026 17:02:25.663] [main/DEBUG] [mixin/]: MixinPlatformAgentDefault accepted container SecureJarResource(mixin_synthetic)
[08Sep2026 17:02:25.663] [main/DEBUG] [mixin/]: Instancing new FMLMixinPlatformAgent for SecureJarResource(mixin_synthetic)
[08Sep2026 17:02:25.663] [main/DEBUG] [mixin/]: FMLMixinPlatformAgent rejected container SecureJarResource(mixin_synthetic)
[08Sep2026 17:02:25.663] [main/DEBUG] [mixin/]: Processing prepare() for PlatformAgent[MixinPlatformAgentDefault:SecureJarResource(mixin_synthetic)]
[08Sep2026 17:02:25.663] [main/DEBUG] [mixin/]: Adding mixin platform agents for container SecureJarResource(minecraft)
[08Sep2026 17:02:25.663] [main/DEBUG] [mixin/]: Instancing new MixinPlatformAgentMinecraftForge for SecureJarResource(minecraft)
[08Sep2026 17:02:25.664] [main/DEBUG] [mixin/]: MixinPlatformAgentMinecraftForge rejected container SecureJarResource(minecraft)
[08Sep2026 17:02:25.664] [main/DEBUG] [mixin/]: Instancing new MixinPlatformAgentDefault for SecureJarResource(minecraft)
[08Sep2026 17:02:25.664] [main/DEBUG] [mixin/]: MixinPlatformAgentDefault accepted container SecureJarResource(minecraft)
[08Sep2026 17:02:25.664] [main/DEBUG] [mixin/]: Instancing new FMLMixinPlatformAgent for SecureJarResource(minecraft)
[08Sep2026 17:02:25.664] [main/DEBUG] [mixin/]: FMLMixinPlatformAgent rejected container SecureJarResource(minecraft)
[08Sep2026 17:02:25.664] [main/DEBUG] [mixin/]: Processing prepare() for PlatformAgent[MixinPlatformAgentDefault:SecureJarResource(minecraft)]
[08Sep2026 17:02:25.664] [main/DEBUG] [mixin/]: Adding mixin platform agents for container SecureJarResource(inventorysorter)
[08Sep2026 17:02:25.664] [main/DEBUG] [mixin/]: Instancing new MixinPlatformAgentMinecraftForge for SecureJarResource(inventorysorter)
[08Sep2026 17:02:25.664] [main/DEBUG] [mixin/]: MixinPlatformAgentMinecraftForge rejected container SecureJarResource(inventorysorter)
[08Sep2026 17:02:25.664] [main/DEBUG] [mixin/]: Instancing new MixinPlatformAgentDefault for SecureJarResource(inventorysorter)
[08Sep2026 17:02:25.664] [main/DEBUG] [mixin/]: MixinPlatformAgentDefault accepted container SecureJarResource(inventorysorter)
[08Sep2026 17:02:25.664] [main/DEBUG] [mixin/]: Instancing new FMLMixinPlatformAgent for SecureJarResource(inventorysorter)
[08Sep2026 17:02:25.664] [main/DEBUG] [mixin/]: FMLMixinPlatformAgent rejected container SecureJarResource(inventorysorter)
[08Sep2026 17:02:25.664] [main/DEBUG] [mixin/]: Processing prepare() for PlatformAgent[MixinPlatformAgentDefault:SecureJarResource(inventorysorter)]
[08Sep2026 17:02:25.664] [main/DEBUG] [mixin/]: Adding mixin platform agents for container SecureJarResource(paxels)
[08Sep2026 17:02:25.664] [main/DEBUG] [mixin/]: Instancing new MixinPlatformAgentMinecraftForge for SecureJarResource(paxels)
[08Sep2026 17:02:25.664] [main/DEBUG] [mixin/]: MixinPlatformAgentMinecraftForge rejected container SecureJarResource(paxels)
[08Sep2026 17:02:25.664] [main/DEBUG] [mixin/]: Instancing new MixinPlatformAgentDefault for SecureJarResource(paxels)
[08Sep2026 17:02:25.664] [main/DEBUG] [mixin/]: MixinPlatformAgentDefault accepted container SecureJarResource(paxels)
[08Sep2026 17:02:25.664] [main/DEBUG] [mixin/]: Instancing new FMLMixinPlatformAgent for SecureJarResource(paxels)
[08Sep2026 17:02:25.665] [main/DEBUG] [mixin/]: FMLMixinPlatformAgent rejected container SecureJarResource(paxels)
[08Sep2026 17:02:25.665] [main/DEBUG] [mixin/]: Processing prepare() for PlatformAgent[MixinPlatformAgentDefault:SecureJarResource(paxels)]
[08Sep2026 17:02:25.665] [main/DEBUG] [mixin/]: Adding mixin platform agents for container SecureJarResource(playeranimator)
[08Sep2026 17:02:25.665] [main/DEBUG] [mixin/]: Instancing new MixinPlatformAgentMinecraftForge for SecureJarResource(playeranimator)
[08Sep2026 17:02:25.665] [main/DEBUG] [mixin/]: MixinPlatformAgentMinecraftForge rejected container SecureJarResource(playeranimator)
[08Sep2026 17:02:25.665] [main/DEBUG] [mixin/]: Instancing new MixinPlatformAgentDefault for SecureJarResource(playeranimator)
[08Sep2026 17:02:25.665] [main/DEBUG] [mixin/]: MixinPlatformAgentDefault accepted container SecureJarResource(playeranimator)
[08Sep2026 17:02:25.665] [main/DEBUG] [mixin/]: Instancing new FMLMixinPlatformAgent for SecureJarResource(playeranimator)
[08Sep2026 17:02:25.665] [main/DEBUG] [mixin/]: FMLMixinPlatformAgent rejected container SecureJarResource(playeranimator)
[08Sep2026 17:02:25.665] [main/DEBUG] [mixin/]: Processing prepare() for PlatformAgent[MixinPlatformAgentDefault:SecureJarResource(playeranimator)]
[08Sep2026 17:02:25.665] [main/DEBUG] [mixin/]: Adding mixin platform agents for container SecureJarResource(jei)
[08Sep2026 17:02:25.665] [main/DEBUG] [mixin/]: Instancing new MixinPlatformAgentMinecraftForge for SecureJarResource(jei)
[08Sep2026 17:02:25.665] [main/DEBUG] [mixin/]: MixinPlatformAgentMinecraftForge rejected container SecureJarResource(jei)
[08Sep2026 17:02:25.665] [main/DEBUG] [mixin/]: Instancing new MixinPlatformAgentDefault for SecureJarResource(jei)
[08Sep2026 17:02:25.665] [main/DEBUG] [mixin/]: MixinPlatformAgentDefault accepted container SecureJarResource(jei)
[08Sep2026 17:02:25.665] [main/DEBUG] [mixin/]: Instancing new FMLMixinPlatformAgent for SecureJarResource(jei)
[08Sep2026 17:02:25.665] [main/DEBUG] [mixin/]: FMLMixinPlatformAgent rejected container SecureJarResource(jei)
[08Sep2026 17:02:25.665] [main/DEBUG] [mixin/]: Processing prepare() for PlatformAgent[MixinPlatformAgentDefault:SecureJarResource(jei)]
[08Sep2026 17:02:25.665] [main/DEBUG] [mixin/]: Adding mixin platform agents for container SecureJarResource(aeronautics)
[08Sep2026 17:02:25.665] [main/DEBUG] [mixin/]: Instancing new MixinPlatformAgentMinecraftForge for SecureJarResource(aeronautics)
[08Sep2026 17:02:25.665] [main/DEBUG] [mixin/]: MixinPlatformAgentMinecraftForge rejected container SecureJarResource(aeronautics)
[08Sep2026 17:02:25.665] [main/DEBUG] [mixin/]: Instancing new MixinPlatformAgentDefault for SecureJarResource(aeronautics)
[08Sep2026 17:02:25.666] [main/DEBUG] [mixin/]: MixinPlatformAgentDefault accepted container SecureJarResource(aeronautics)
[08Sep2026 17:02:25.666] [main/DEBUG] [mixin/]: Instancing new FMLMixinPlatformAgent for SecureJarResource(aeronautics)
[08Sep2026 17:02:25.666] [main/DEBUG] [mixin/]: FMLMixinPlatformAgent rejected container SecureJarResource(aeronautics)
[08Sep2026 17:02:25.666] [main/DEBUG] [mixin/]: Processing prepare() for PlatformAgent[MixinPlatformAgentDefault:SecureJarResource(aeronautics)]
[08Sep2026 17:02:25.666] [main/DEBUG] [mixin/]: Adding mixin platform agents for container SecureJarResource(commonnetworking)
[08Sep2026 17:02:25.666] [main/DEBUG] [mixin/]: Instancing new MixinPlatformAgentMinecraftForge for SecureJarResource(commonnetworking)
[08Sep2026 17:02:25.666] [main/DEBUG] [mixin/]: MixinPlatformAgentMinecraftForge rejected container SecureJarResource(commonnetworking)
[08Sep2026 17:02:25.666] [main/DEBUG] [mixin/]: Instancing new MixinPlatformAgentDefault for SecureJarResource(commonnetworking)
[08Sep2026 17:02:25.666] [main/DEBUG] [mixin/]: MixinPlatformAgentDefault accepted container SecureJarResource(commonnetworking)
[08Sep2026 17:02:25.666] [main/DEBUG] [mixin/]: Instancing new FMLMixinPlatformAgent for SecureJarResource(commonnetworking)
[08Sep2026 17:02:25.666] [main/DEBUG] [mixin/]: FMLMixinPlatformAgent rejected container SecureJarResource(commonnetworking)
[08Sep2026 17:02:25.666] [main/DEBUG] [mixin/]: Processing prepare() for PlatformAgent[MixinPlatformAgentDefault:SecureJarResource(commonnetworking)]
[08Sep2026 17:02:25.666] [main/DEBUG] [mixin/]: Adding mixin platform agents for container SecureJarResource(vc_gliders)
[08Sep2026 17:02:25.666] [main/DEBUG] [mixin/]: Instancing new MixinPlatformAgentMinecraftForge for SecureJarResource(vc_gliders)
[08Sep2026 17:02:25.666] [main/DEBUG] [mixin/]: MixinPlatformAgentMinecraftForge rejected container SecureJarResource(vc_gliders)
[08Sep2026 17:02:25.666] [main/DEBUG] [mixin/]: Instancing new MixinPlatformAgentDefault for SecureJarResource(vc_gliders)
[08Sep2026 17:02:25.666] [main/DEBUG] [mixin/]: MixinPlatformAgentDefault accepted container SecureJarResource(vc_gliders)
[08Sep2026 17:02:25.666] [main/DEBUG] [mixin/]: Instancing new FMLMixinPlatformAgent for SecureJarResource(vc_gliders)
[08Sep2026 17:02:25.667] [main/DEBUG] [mixin/]: FMLMixinPlatformAgent rejected container SecureJarResource(vc_gliders)
[08Sep2026 17:02:25.667] [main/DEBUG] [mixin/]: Processing prepare() for PlatformAgent[MixinPlatformAgentDefault:SecureJarResource(vc_gliders)]
[08Sep2026 17:02:25.667] [main/DEBUG] [mixin/]: Adding mixin platform agents for container SecureJarResource(aeronautics_bundled)
[08Sep2026 17:02:25.667] [main/DEBUG] [mixin/]: Instancing new MixinPlatformAgentMinecraftForge for SecureJarResource(aeronautics_bundled)
[08Sep2026 17:02:25.667] [main/DEBUG] [mixin/]: MixinPlatformAgentMinecraftForge rejected container SecureJarResource(aeronautics_bundled)
[08Sep2026 17:02:25.667] [main/DEBUG] [mixin/]: Instancing new MixinPlatformAgentDefault for SecureJarResource(aeronautics_bundled)
[08Sep2026 17:02:25.667] [main/DEBUG] [mixin/]: MixinPlatformAgentDefault accepted container SecureJarResource(aeronautics_bundled)
[08Sep2026 17:02:25.667] [main/DEBUG] [mixin/]: Instancing new FMLMixinPlatformAgent for SecureJarResource(aeronautics_bundled)
[08Sep2026 17:02:25.667] [main/DEBUG] [mixin/]: FMLMixinPlatformAgent rejected container SecureJarResource(aeronautics_bundled)
[08Sep2026 17:02:25.667] [main/DEBUG] [mixin/]: Processing prepare() for PlatformAgent[MixinPlatformAgentDefault:SecureJarResource(aeronautics_bundled)]
[08Sep2026 17:02:25.667] [main/DEBUG] [mixin/]: Adding mixin platform agents for container SecureJarResource(wthit)
[08Sep2026 17:02:25.667] [main/DEBUG] [mixin/]: Instancing new MixinPlatformAgentMinecraftForge for SecureJarResource(wthit)
[08Sep2026 17:02:25.667] [main/DEBUG] [mixin/]: MixinPlatformAgentMinecraftForge rejected container SecureJarResource(wthit)
[08Sep2026 17:02:25.667] [main/DEBUG] [mixin/]: Instancing new MixinPlatformAgentDefault for SecureJarResource(wthit)
[08Sep2026 17:02:25.667] [main/DEBUG] [mixin/]: MixinPlatformAgentDefault accepted container SecureJarResource(wthit)
[08Sep2026 17:02:25.667] [main/DEBUG] [mixin/]: Instancing new FMLMixinPlatformAgent for SecureJarResource(wthit)
[08Sep2026 17:02:25.667] [main/DEBUG] [mixin/]: FMLMixinPlatformAgent rejected container SecureJarResource(wthit)
[08Sep2026 17:02:25.668] [main/DEBUG] [mixin/]: Processing prepare() for PlatformAgent[MixinPlatformAgentDefault:SecureJarResource(wthit)]
[08Sep2026 17:02:25.668] [main/DEBUG] [mixin/]: Adding mixin platform agents for container SecureJarResource(allarrowspickup)
[08Sep2026 17:02:25.668] [main/DEBUG] [mixin/]: Instancing new MixinPlatformAgentMinecraftForge for SecureJarResource(allarrowspickup)
[08Sep2026 17:02:25.668] [main/DEBUG] [mixin/]: MixinPlatformAgentMinecraftForge rejected container SecureJarResource(allarrowspickup)
[08Sep2026 17:02:25.668] [main/DEBUG] [mixin/]: Instancing new MixinPlatformAgentDefault for SecureJarResource(allarrowspickup)
[08Sep2026 17:02:25.668] [main/DEBUG] [mixin/]: MixinPlatformAgentDefault accepted container SecureJarResource(allarrowspickup)
[08Sep2026 17:02:25.668] [main/DEBUG] [mixin/]: Instancing new FMLMixinPlatformAgent for SecureJarResource(allarrowspickup)
[08Sep2026 17:02:25.668] [main/DEBUG] [mixin/]: FMLMixinPlatformAgent rejected container SecureJarResource(allarrowspickup)
[08Sep2026 17:02:25.668] [main/DEBUG] [mixin/]: Processing prepare() for PlatformAgent[MixinPlatformAgentDefault:SecureJarResource(allarrowspickup)]
[08Sep2026 17:02:25.668] [main/DEBUG] [mixin/]: Adding mixin platform agents for container SecureJarResource(sablecompanion)
[08Sep2026 17:02:25.668] [main/DEBUG] [mixin/]: Instancing new MixinPlatformAgentMinecraftForge for SecureJarResource(sablecompanion)
[08Sep2026 17:02:25.668] [main/DEBUG] [mixin/]: MixinPlatformAgentMinecraftForge rejected container SecureJarResource(sablecompanion)
[08Sep2026 17:02:25.668] [main/DEBUG] [mixin/]: Instancing new MixinPlatformAgentDefault for SecureJarResource(sablecompanion)
[08Sep2026 17:02:25.668] [main/DEBUG] [mixin/]: MixinPlatformAgentDefault accepted container SecureJarResource(sablecompanion)
[08Sep2026 17:02:25.668] [main/DEBUG] [mixin/]: Instancing new FMLMixinPlatformAgent for SecureJarResource(sablecompanion)
[08Sep2026 17:02:25.668] [main/DEBUG] [mixin/]: FMLMixinPlatformAgent rejected container SecureJarResource(sablecompanion)
[08Sep2026 17:02:25.668] [main/DEBUG] [mixin/]: Processing prepare() for PlatformAgent[MixinPlatformAgentDefault:SecureJarResource(sablecompanion)]
[08Sep2026 17:02:25.668] [main/DEBUG] [mixin/]: Adding mixin platform agents for container SecureJarResource(flywheel)
[08Sep2026 17:02:25.668] [main/DEBUG] [mixin/]: Instancing new MixinPlatformAgentMinecraftForge for SecureJarResource(flywheel)
[08Sep2026 17:02:25.669] [main/DEBUG] [mixin/]: MixinPlatformAgentMinecraftForge rejected container SecureJarResource(flywheel)
[08Sep2026 17:02:25.669] [main/DEBUG] [mixin/]: Instancing new MixinPlatformAgentDefault for SecureJarResource(flywheel)
[08Sep2026 17:02:25.669] [main/DEBUG] [mixin/]: MixinPlatformAgentDefault accepted container SecureJarResource(flywheel)
[08Sep2026 17:02:25.669] [main/DEBUG] [mixin/]: Instancing new FMLMixinPlatformAgent for SecureJarResource(flywheel)
[08Sep2026 17:02:25.669] [main/DEBUG] [mixin/]: FMLMixinPlatformAgent rejected container SecureJarResource(flywheel)
[08Sep2026 17:02:25.669] [main/DEBUG] [mixin/]: Processing prepare() for PlatformAgent[MixinPlatformAgentDefault:SecureJarResource(flywheel)]
[08Sep2026 17:02:25.669] [main/DEBUG] [mixin/]: Adding mixin platform agents for container SecureJarResource(ponder)
[08Sep2026 17:02:25.669] [main/DEBUG] [mixin/]: Instancing new MixinPlatformAgentMinecraftForge for SecureJarResource(ponder)
[08Sep2026 17:02:25.669] [main/DEBUG] [mixin/]: MixinPlatformAgentMinecraftForge rejected container SecureJarResource(ponder)
[08Sep2026 17:02:25.669] [main/DEBUG] [mixin/]: Instancing new MixinPlatformAgentDefault for SecureJarResource(ponder)
[08Sep2026 17:02:25.669] [main/DEBUG] [mixin/]: MixinPlatformAgentDefault accepted container SecureJarResource(ponder)
[08Sep2026 17:02:25.669] [main/DEBUG] [mixin/]: Instancing new FMLMixinPlatformAgent for SecureJarResource(ponder)
[08Sep2026 17:02:25.669] [main/DEBUG] [mixin/]: FMLMixinPlatformAgent rejected container SecureJarResource(ponder)
[08Sep2026 17:02:25.669] [main/DEBUG] [mixin/]: Processing prepare() for PlatformAgent[MixinPlatformAgentDefault:SecureJarResource(ponder)]
[08Sep2026 17:02:25.669] [main/DEBUG] [mixin/]: Adding mixin platform agents for container SecureJarResource(create)
[08Sep2026 17:02:25.669] [main/DEBUG] [mixin/]: Instancing new MixinPlatformAgentMinecraftForge for SecureJarResource(create)
[08Sep2026 17:02:25.669] [main/DEBUG] [mixin/]: MixinPlatformAgentMinecraftForge rejected container SecureJarResource(create)
[08Sep2026 17:02:25.669] [main/DEBUG] [mixin/]: Instancing new MixinPlatformAgentDefault for SecureJarResource(create)
[08Sep2026 17:02:25.669] [main/DEBUG] [mixin/]: MixinPlatformAgentDefault accepted container SecureJarResource(create)
[08Sep2026 17:02:25.669] [main/DEBUG] [mixin/]: Instancing new FMLMixinPlatformAgent for SecureJarResource(create)
[08Sep2026 17:02:25.669] [main/DEBUG] [mixin/]: FMLMixinPlatformAgent rejected container SecureJarResource(create)
[08Sep2026 17:02:25.669] [main/DEBUG] [mixin/]: Processing prepare() for PlatformAgent[MixinPlatformAgentDefault:SecureJarResource(create)]
[08Sep2026 17:02:25.669] [main/DEBUG] [mixin/]: Registering mixin config: create.mixins.json source=SecureJarResource(create)
[08Sep2026 17:02:25.669] [main/DEBUG] [mixin/]: Adding mixin platform agents for container SecureJarResource(sable)
[08Sep2026 17:02:25.669] [main/DEBUG] [mixin/]: Instancing new MixinPlatformAgentMinecraftForge for SecureJarResource(sable)
[08Sep2026 17:02:25.669] [main/DEBUG] [mixin/]: MixinPlatformAgentMinecraftForge rejected container SecureJarResource(sable)
[08Sep2026 17:02:25.669] [main/DEBUG] [mixin/]: Instancing new MixinPlatformAgentDefault for SecureJarResource(sable)
[08Sep2026 17:02:25.669] [main/DEBUG] [mixin/]: MixinPlatformAgentDefault accepted container SecureJarResource(sable)
[08Sep2026 17:02:25.669] [main/DEBUG] [mixin/]: Instancing new FMLMixinPlatformAgent for SecureJarResource(sable)
[08Sep2026 17:02:25.669] [main/DEBUG] [mixin/]: FMLMixinPlatformAgent rejected container SecureJarResource(sable)
[08Sep2026 17:02:25.669] [main/DEBUG] [mixin/]: Processing prepare() for PlatformAgent[MixinPlatformAgentDefault:SecureJarResource(sable)]
[08Sep2026 17:02:25.669] [main/DEBUG] [mixin/]: Adding mixin platform agents for container SecureJarResource(journeymap)
[08Sep2026 17:02:25.669] [main/DEBUG] [mixin/]: Instancing new MixinPlatformAgentMinecraftForge for SecureJarResource(journeymap)
[08Sep2026 17:02:25.669] [main/DEBUG] [mixin/]: MixinPlatformAgentMinecraftForge rejected container SecureJarResource(journeymap)
[08Sep2026 17:02:25.669] [main/DEBUG] [mixin/]: Instancing new MixinPlatformAgentDefault for SecureJarResource(journeymap)
[08Sep2026 17:02:25.669] [main/DEBUG] [mixin/]: MixinPlatformAgentDefault accepted container SecureJarResource(journeymap)
[08Sep2026 17:02:25.669] [main/DEBUG] [mixin/]: Instancing new FMLMixinPlatformAgent for SecureJarResource(journeymap)
[08Sep2026 17:02:25.669] [main/DEBUG] [mixin/]: FMLMixinPlatformAgent rejected container SecureJarResource(journeymap)
[08Sep2026 17:02:25.669] [main/DEBUG] [mixin/]: Processing prepare() for PlatformAgent[MixinPlatformAgentDefault:SecureJarResource(journeymap)]
[08Sep2026 17:02:25.669] [main/DEBUG] [mixin/]: Adding mixin platform agents for container SecureJarResource(neoforge)
[08Sep2026 17:02:25.669] [main/DEBUG] [mixin/]: Instancing new MixinPlatformAgentMinecraftForge for SecureJarResource(neoforge)
[08Sep2026 17:02:25.669] [main/DEBUG] [mixin/]: MixinPlatformAgentMinecraftForge rejected container SecureJarResource(neoforge)
[08Sep2026 17:02:25.669] [main/DEBUG] [mixin/]: Instancing new MixinPlatformAgentDefault for SecureJarResource(neoforge)
[08Sep2026 17:02:25.670] [main/DEBUG] [mixin/]: MixinPlatformAgentDefault accepted container SecureJarResource(neoforge)
[08Sep2026 17:02:25.670] [main/DEBUG] [mixin/]: Instancing new FMLMixinPlatformAgent for SecureJarResource(neoforge)
[08Sep2026 17:02:25.670] [main/DEBUG] [mixin/]: FMLMixinPlatformAgent rejected container SecureJarResource(neoforge)
[08Sep2026 17:02:25.670] [main/DEBUG] [mixin/]: Processing prepare() for PlatformAgent[MixinPlatformAgentDefault:SecureJarResource(neoforge)]
[08Sep2026 17:02:25.670] [main/DEBUG] [mixin/]: Adding mixin platform agents for container SecureJarResource(badpackets)
[08Sep2026 17:02:25.670] [main/DEBUG] [mixin/]: Instancing new MixinPlatformAgentMinecraftForge for SecureJarResource(badpackets)
[08Sep2026 17:02:25.670] [main/DEBUG] [mixin/]: MixinPlatformAgentMinecraftForge rejected container SecureJarResource(badpackets)
[08Sep2026 17:02:25.670] [main/DEBUG] [mixin/]: Instancing new MixinPlatformAgentDefault for SecureJarResource(badpackets)
[08Sep2026 17:02:25.670] [main/DEBUG] [mixin/]: MixinPlatformAgentDefault accepted container SecureJarResource(badpackets)
[08Sep2026 17:02:25.670] [main/DEBUG] [mixin/]: Instancing new FMLMixinPlatformAgent for SecureJarResource(badpackets)
[08Sep2026 17:02:25.670] [main/DEBUG] [mixin/]: FMLMixinPlatformAgent rejected container SecureJarResource(badpackets)
[08Sep2026 17:02:25.670] [main/DEBUG] [mixin/]: Processing prepare() for PlatformAgent[MixinPlatformAgentDefault:SecureJarResource(badpackets)]
[08Sep2026 17:02:25.670] [main/DEBUG] [mixin/]: Adding mixin platform agents for container SecureJarResource(veil)
[08Sep2026 17:02:25.670] [main/DEBUG] [mixin/]: Instancing new MixinPlatformAgentMinecraftForge for SecureJarResource(veil)
[08Sep2026 17:02:25.670] [main/DEBUG] [mixin/]: MixinPlatformAgentMinecraftForge rejected container SecureJarResource(veil)
[08Sep2026 17:02:25.670] [main/DEBUG] [mixin/]: Instancing new MixinPlatformAgentDefault for SecureJarResource(veil)
[08Sep2026 17:02:25.670] [main/DEBUG] [mixin/]: MixinPlatformAgentDefault accepted container SecureJarResource(veil)
[08Sep2026 17:02:25.670] [main/DEBUG] [mixin/]: Instancing new FMLMixinPlatformAgent for SecureJarResource(veil)
[08Sep2026 17:02:25.670] [main/DEBUG] [mixin/]: FMLMixinPlatformAgent rejected container SecureJarResource(veil)
[08Sep2026 17:02:25.670] [main/DEBUG] [mixin/]: Processing prepare() for PlatformAgent[MixinPlatformAgentDefault:SecureJarResource(veil)]
[08Sep2026 17:02:25.670] [main/DEBUG] [mixin/]: Adding mixin platform agents for container SecureJarResource(musketmod)
[08Sep2026 17:02:25.670] [main/DEBUG] [mixin/]: Instancing new MixinPlatformAgentMinecraftForge for SecureJarResource(musketmod)
[08Sep2026 17:02:25.670] [main/DEBUG] [mixin/]: MixinPlatformAgentMinecraftForge rejected container SecureJarResource(musketmod)
[08Sep2026 17:02:25.670] [main/DEBUG] [mixin/]: Instancing new MixinPlatformAgentDefault for SecureJarResource(musketmod)
[08Sep2026 17:02:25.670] [main/DEBUG] [mixin/]: MixinPlatformAgentDefault accepted container SecureJarResource(musketmod)
[08Sep2026 17:02:25.670] [main/DEBUG] [mixin/]: Instancing new FMLMixinPlatformAgent for SecureJarResource(musketmod)
[08Sep2026 17:02:25.671] [main/DEBUG] [mixin/]: FMLMixinPlatformAgent rejected container SecureJarResource(musketmod)
[08Sep2026 17:02:25.671] [main/DEBUG] [mixin/]: Processing prepare() for PlatformAgent[MixinPlatformAgentDefault:SecureJarResource(musketmod)]
[08Sep2026 17:02:25.671] [main/DEBUG] [mixin/]: Adding mixin platform agents for container SecureJarResource(simulated)
[08Sep2026 17:02:25.671] [main/DEBUG] [mixin/]: Instancing new MixinPlatformAgentMinecraftForge for SecureJarResource(simulated)
[08Sep2026 17:02:25.671] [main/DEBUG] [mixin/]: MixinPlatformAgentMinecraftForge rejected container SecureJarResource(simulated)
[08Sep2026 17:02:25.671] [main/DEBUG] [mixin/]: Instancing new MixinPlatformAgentDefault for SecureJarResource(simulated)
[08Sep2026 17:02:25.671] [main/DEBUG] [mixin/]: MixinPlatformAgentDefault accepted container SecureJarResource(simulated)
[08Sep2026 17:02:25.671] [main/DEBUG] [mixin/]: Instancing new FMLMixinPlatformAgent for SecureJarResource(simulated)
[08Sep2026 17:02:25.671] [main/DEBUG] [mixin/]: FMLMixinPlatformAgent rejected container SecureJarResource(simulated)
[08Sep2026 17:02:25.671] [main/DEBUG] [mixin/]: Processing prepare() for PlatformAgent[MixinPlatformAgentDefault:SecureJarResource(simulated)]
[08Sep2026 17:02:25.671] [main/DEBUG] [mixin/]: Adding mixin platform agents for container SecureJarResource(computercraft)
[08Sep2026 17:02:25.671] [main/DEBUG] [mixin/]: Instancing new MixinPlatformAgentMinecraftForge for SecureJarResource(computercraft)
[08Sep2026 17:02:25.671] [main/DEBUG] [mixin/]: MixinPlatformAgentMinecraftForge rejected container SecureJarResource(computercraft)
[08Sep2026 17:02:25.671] [main/DEBUG] [mixin/]: Instancing new MixinPlatformAgentDefault for SecureJarResource(computercraft)
[08Sep2026 17:02:25.671] [main/DEBUG] [mixin/]: MixinPlatformAgentDefault accepted container SecureJarResource(computercraft)
[08Sep2026 17:02:25.671] [main/DEBUG] [mixin/]: Instancing new FMLMixinPlatformAgent for SecureJarResource(computercraft)
[08Sep2026 17:02:25.671] [main/DEBUG] [mixin/]: FMLMixinPlatformAgent rejected container SecureJarResource(computercraft)
[08Sep2026 17:02:25.671] [main/DEBUG] [mixin/]: Processing prepare() for PlatformAgent[MixinPlatformAgentDefault:SecureJarResource(computercraft)]
[08Sep2026 17:02:25.671] [main/DEBUG] [mixin/]: Adding mixin platform agents for container SecureJarResource(cloth_config)
[08Sep2026 17:02:25.671] [main/DEBUG] [mixin/]: Instancing new MixinPlatformAgentMinecraftForge for SecureJarResource(cloth_config)
[08Sep2026 17:02:25.671] [main/DEBUG] [mixin/]: MixinPlatformAgentMinecraftForge rejected container SecureJarResource(cloth_config)
[08Sep2026 17:02:25.671] [main/DEBUG] [mixin/]: Instancing new MixinPlatformAgentDefault for SecureJarResource(cloth_config)
[08Sep2026 17:02:25.671] [main/DEBUG] [mixin/]: MixinPlatformAgentDefault accepted container SecureJarResource(cloth_config)
[08Sep2026 17:02:25.671] [main/DEBUG] [mixin/]: Instancing new FMLMixinPlatformAgent for SecureJarResource(cloth_config)
[08Sep2026 17:02:25.671] [main/DEBUG] [mixin/]: FMLMixinPlatformAgent rejected container SecureJarResource(cloth_config)
[08Sep2026 17:02:25.671] [main/DEBUG] [mixin/]: Processing prepare() for PlatformAgent[MixinPlatformAgentDefault:SecureJarResource(cloth_config)]
[08Sep2026 17:02:25.671] [main/DEBUG] [mixin/]: Adding mixin platform agents for container SecureJarResource(journeymap_api)
[08Sep2026 17:02:25.671] [main/DEBUG] [mixin/]: Instancing new MixinPlatformAgentMinecraftForge for SecureJarResource(journeymap_api)
[08Sep2026 17:02:25.671] [main/DEBUG] [mixin/]: MixinPlatformAgentMinecraftForge rejected container SecureJarResource(journeymap_api)
[08Sep2026 17:02:25.671] [main/DEBUG] [mixin/]: Instancing new MixinPlatformAgentDefault for SecureJarResource(journeymap_api)
[08Sep2026 17:02:25.671] [main/DEBUG] [mixin/]: MixinPlatformAgentDefault accepted container SecureJarResource(journeymap_api)
[08Sep2026 17:02:25.671] [main/DEBUG] [mixin/]: Instancing new FMLMixinPlatformAgent for SecureJarResource(journeymap_api)
[08Sep2026 17:02:25.671] [main/DEBUG] [mixin/]: FMLMixinPlatformAgent rejected container SecureJarResource(journeymap_api)
[08Sep2026 17:02:25.671] [main/DEBUG] [mixin/]: Processing prepare() for PlatformAgent[MixinPlatformAgentDefault:SecureJarResource(journeymap_api)]
[08Sep2026 17:02:25.671] [main/DEBUG] [mixin/]: Adding mixin platform agents for container SecureJarResource(offroad)
[08Sep2026 17:02:25.672] [main/DEBUG] [mixin/]: Instancing new MixinPlatformAgentMinecraftForge for SecureJarResource(offroad)
[08Sep2026 17:02:25.672] [main/DEBUG] [mixin/]: MixinPlatformAgentMinecraftForge rejected container SecureJarResource(offroad)
[08Sep2026 17:02:25.672] [main/DEBUG] [mixin/]: Instancing new MixinPlatformAgentDefault for SecureJarResource(offroad)
[08Sep2026 17:02:25.672] [main/DEBUG] [mixin/]: MixinPlatformAgentDefault accepted container SecureJarResource(offroad)
[08Sep2026 17:02:25.672] [main/DEBUG] [mixin/]: Instancing new FMLMixinPlatformAgent for SecureJarResource(offroad)
[08Sep2026 17:02:25.672] [main/DEBUG] [mixin/]: FMLMixinPlatformAgent rejected container SecureJarResource(offroad)
[08Sep2026 17:02:25.672] [main/DEBUG] [mixin/]: Processing prepare() for PlatformAgent[MixinPlatformAgentDefault:SecureJarResource(offroad)]
[08Sep2026 17:02:25.672] [main/DEBUG] [mixin/]: Adding mixin platform agents for container SecureJarResource(Registrate.MC1._21._67)
[08Sep2026 17:02:25.672] [main/DEBUG] [mixin/]: Instancing new MixinPlatformAgentMinecraftForge for SecureJarResource(Registrate.MC1._21._67)
[08Sep2026 17:02:25.672] [main/DEBUG] [mixin/]: MixinPlatformAgentMinecraftForge rejected container SecureJarResource(Registrate.MC1._21._67)
[08Sep2026 17:02:25.672] [main/DEBUG] [mixin/]: Instancing new MixinPlatformAgentDefault for SecureJarResource(Registrate.MC1._21._67)
[08Sep2026 17:02:25.672] [main/DEBUG] [mixin/]: MixinPlatformAgentDefault accepted container SecureJarResource(Registrate.MC1._21._67)
[08Sep2026 17:02:25.672] [main/DEBUG] [mixin/]: Instancing new FMLMixinPlatformAgent for SecureJarResource(Registrate.MC1._21._67)
[08Sep2026 17:02:25.672] [main/DEBUG] [mixin/]: FMLMixinPlatformAgent rejected container SecureJarResource(Registrate.MC1._21._67)
[08Sep2026 17:02:25.672] [main/DEBUG] [mixin/]: Processing prepare() for PlatformAgent[MixinPlatformAgentDefault:SecureJarResource(Registrate.MC1._21._67)]
[08Sep2026 17:02:25.672] [main/DEBUG] [mixin/]: Adding mixin platform agents for container SecureJarResource(sable_rapier)
[08Sep2026 17:02:25.672] [main/DEBUG] [mixin/]: Instancing new MixinPlatformAgentMinecraftForge for SecureJarResource(sable_rapier)
[08Sep2026 17:02:25.672] [main/DEBUG] [mixin/]: MixinPlatformAgentMinecraftForge rejected container SecureJarResource(sable_rapier)
[08Sep2026 17:02:25.672] [main/DEBUG] [mixin/]: Instancing new MixinPlatformAgentDefault for SecureJarResource(sable_rapier)
[08Sep2026 17:02:25.672] [main/DEBUG] [mixin/]: MixinPlatformAgentDefault accepted container SecureJarResource(sable_rapier)
[08Sep2026 17:02:25.672] [main/DEBUG] [mixin/]: Instancing new FMLMixinPlatformAgent for SecureJarResource(sable_rapier)
[08Sep2026 17:02:25.672] [main/DEBUG] [mixin/]: FMLMixinPlatformAgent rejected container SecureJarResource(sable_rapier)
[08Sep2026 17:02:25.672] [main/DEBUG] [mixin/]: Processing prepare() for PlatformAgent[MixinPlatformAgentDefault:SecureJarResource(sable_rapier)]
[08Sep2026 17:02:25.672] [main/DEBUG] [mixin/]: Adding mixin platform agents for container SecureJarResource(mixinextras.neoforge)
[08Sep2026 17:02:25.672] [main/DEBUG] [mixin/]: Instancing new MixinPlatformAgentMinecraftForge for SecureJarResource(mixinextras.neoforge)
[08Sep2026 17:02:25.673] [main/DEBUG] [mixin/]: MixinPlatformAgentMinecraftForge rejected container SecureJarResource(mixinextras.neoforge)
[08Sep2026 17:02:25.673] [main/DEBUG] [mixin/]: Instancing new MixinPlatformAgentDefault for SecureJarResource(mixinextras.neoforge)
[08Sep2026 17:02:25.673] [main/DEBUG] [mixin/]: MixinPlatformAgentDefault accepted container SecureJarResource(mixinextras.neoforge)
[08Sep2026 17:02:25.673] [main/DEBUG] [mixin/]: Instancing new FMLMixinPlatformAgent for SecureJarResource(mixinextras.neoforge)
[08Sep2026 17:02:25.673] [main/DEBUG] [mixin/]: FMLMixinPlatformAgent rejected container SecureJarResource(mixinextras.neoforge)
[08Sep2026 17:02:25.673] [main/DEBUG] [mixin/]: Processing prepare() for PlatformAgent[MixinPlatformAgentDefault:SecureJarResource(mixinextras.neoforge)]
[08Sep2026 17:02:25.673] [main/DEBUG] [mixin/]: Registering mixin config: mixinextras.init.mixins.json source=SecureJarResource(mixinextras.neoforge)
[08Sep2026 17:02:25.673] [main/DEBUG] [mixin/]: inject() running with 32 agents
[08Sep2026 17:02:25.673] [main/DEBUG] [mixin/]: Processing inject() for PlatformAgent[MixinPlatformAgentDefault:ModLauncher Root Container(ModLauncher:4f56a0a2)]
[08Sep2026 17:02:25.673] [main/DEBUG] [mixin/]: Processing inject() for PlatformAgent[MixinPlatformAgentDefault:net.neoforged.fml.loading.mixin.FMLMixinContainerHandle@1931d99]
[08Sep2026 17:02:25.673] [main/DEBUG] [mixin/]: Processing inject() for PlatformAgent[FMLMixinPlatformAgent:null]
[08Sep2026 17:02:25.673] [main/DEBUG] [mixin/]: Processing inject() for PlatformAgent[MixinPlatformAgentDefault:SecureJarResource(mixin_synthetic)]
[08Sep2026 17:02:25.673] [main/DEBUG] [mixin/]: Processing inject() for PlatformAgent[MixinPlatformAgentDefault:SecureJarResource(minecraft)]
[08Sep2026 17:02:25.673] [main/DEBUG] [mixin/]: Processing inject() for PlatformAgent[MixinPlatformAgentDefault:SecureJarResource(inventorysorter)]
[08Sep2026 17:02:25.673] [main/DEBUG] [mixin/]: Processing inject() for PlatformAgent[MixinPlatformAgentDefault:SecureJarResource(paxels)]
[08Sep2026 17:02:25.673] [main/DEBUG] [mixin/]: Processing inject() for PlatformAgent[MixinPlatformAgentDefault:SecureJarResource(playeranimator)]
[08Sep2026 17:02:25.673] [main/DEBUG] [mixin/]: Processing inject() for PlatformAgent[MixinPlatformAgentDefault:SecureJarResource(jei)]
[08Sep2026 17:02:25.673] [main/DEBUG] [mixin/]: Processing inject() for PlatformAgent[MixinPlatformAgentDefault:SecureJarResource(aeronautics)]
[08Sep2026 17:02:25.673] [main/DEBUG] [mixin/]: Processing inject() for PlatformAgent[MixinPlatformAgentDefault:SecureJarResource(commonnetworking)]
[08Sep2026 17:02:25.673] [main/DEBUG] [mixin/]: Processing inject() for PlatformAgent[MixinPlatformAgentDefault:SecureJarResource(vc_gliders)]
[08Sep2026 17:02:25.673] [main/DEBUG] [mixin/]: Processing inject() for PlatformAgent[MixinPlatformAgentDefault:SecureJarResource(aeronautics_bundled)]
[08Sep2026 17:02:25.673] [main/DEBUG] [mixin/]: Processing inject() for PlatformAgent[MixinPlatformAgentDefault:SecureJarResource(wthit)]
[08Sep2026 17:02:25.674] [main/DEBUG] [mixin/]: Processing inject() for PlatformAgent[MixinPlatformAgentDefault:SecureJarResource(allarrowspickup)]
[08Sep2026 17:02:25.674] [main/DEBUG] [mixin/]: Processing inject() for PlatformAgent[MixinPlatformAgentDefault:SecureJarResource(sablecompanion)]
[08Sep2026 17:02:25.674] [main/DEBUG] [mixin/]: Processing inject() for PlatformAgent[MixinPlatformAgentDefault:SecureJarResource(flywheel)]
[08Sep2026 17:02:25.674] [main/DEBUG] [mixin/]: Processing inject() for PlatformAgent[MixinPlatformAgentDefault:SecureJarResource(ponder)]
[08Sep2026 17:02:25.674] [main/DEBUG] [mixin/]: Processing inject() for PlatformAgent[MixinPlatformAgentDefault:SecureJarResource(create)]
[08Sep2026 17:02:25.674] [main/DEBUG] [mixin/]: Processing inject() for PlatformAgent[MixinPlatformAgentDefault:SecureJarResource(sable)]
[08Sep2026 17:02:25.674] [main/DEBUG] [mixin/]: Processing inject() for PlatformAgent[MixinPlatformAgentDefault:SecureJarResource(journeymap)]
[08Sep2026 17:02:25.674] [main/DEBUG] [mixin/]: Processing inject() for PlatformAgent[MixinPlatformAgentDefault:SecureJarResource(neoforge)]
[08Sep2026 17:02:25.674] [main/DEBUG] [mixin/]: Processing inject() for PlatformAgent[MixinPlatformAgentDefault:SecureJarResource(badpackets)]
[08Sep2026 17:02:25.674] [main/DEBUG] [mixin/]: Processing inject() for PlatformAgent[MixinPlatformAgentDefault:SecureJarResource(veil)]
[08Sep2026 17:02:25.674] [main/DEBUG] [mixin/]: Processing inject() for PlatformAgent[MixinPlatformAgentDefault:SecureJarResource(musketmod)]
[08Sep2026 17:02:25.674] [main/DEBUG] [mixin/]: Processing inject() for PlatformAgent[MixinPlatformAgentDefault:SecureJarResource(simulated)]
[08Sep2026 17:02:25.674] [main/DEBUG] [mixin/]: Processing inject() for PlatformAgent[MixinPlatformAgentDefault:SecureJarResource(computercraft)]
[08Sep2026 17:02:25.674] [main/DEBUG] [mixin/]: Processing inject() for PlatformAgent[MixinPlatformAgentDefault:SecureJarResource(cloth_config)]
[08Sep2026 17:02:25.674] [main/DEBUG] [mixin/]: Processing inject() for PlatformAgent[MixinPlatformAgentDefault:SecureJarResource(journeymap_api)]
[08Sep2026 17:02:25.674] [main/DEBUG] [mixin/]: Processing inject() for PlatformAgent[MixinPlatformAgentDefault:SecureJarResource(offroad)]
[08Sep2026 17:02:25.674] [main/DEBUG] [mixin/]: Processing inject() for PlatformAgent[MixinPlatformAgentDefault:SecureJarResource(Registrate.MC1._21._67)]
[08Sep2026 17:02:25.674] [main/DEBUG] [mixin/]: Processing inject() for PlatformAgent[MixinPlatformAgentDefault:SecureJarResource(sable_rapier)]
[08Sep2026 17:02:25.674] [main/DEBUG] [mixin/]: Processing inject() for PlatformAgent[MixinPlatformAgentDefault:SecureJarResource(mixinextras.neoforge)]
[08Sep2026 17:02:25.674] [main/INFO] [cpw.mods.modlauncher.LaunchServiceHandler/MODLAUNCHER]: Launching target 'forgeserver' with arguments []
[08Sep2026 17:02:25.750] [main/DEBUG] [mixin/]: Preparing mixins for MixinEnvironment[DEFAULT]
[08Sep2026 17:02:25.750] [main/DEBUG] [mixin/]: Selecting config playerAnimator-common.mixins.json
[08Sep2026 17:02:25.774] [main/DEBUG] [mixin/]: Selecting config aeronautics.mixins.json
[08Sep2026 17:02:25.787] [main/WARN] [mixin/]: Reference map 'aeronautics.refmap.json' for aeronautics.mixins.json could not be read. If this is a development environment you can ignore this message
[08Sep2026 17:02:25.787] [main/DEBUG] [mixin/]: Selecting config aeronautics.neoforge.mixins.json
[08Sep2026 17:02:25.788] [main/DEBUG] [mixin/]: Selecting config vc_gliders-common.mixins.json
[08Sep2026 17:02:25.788] [main/DEBUG] [mixin/]: Selecting config wthit.mixins.json
[08Sep2026 17:02:25.791] [main/DEBUG] [mixin/]: Selecting config allarrowspickup.mixins.json
[08Sep2026 17:02:25.791] [main/DEBUG] [mixin/]: Selecting config flywheel.backend.mixins.json
[08Sep2026 17:02:25.804] [main/DEBUG] [mixin/]: Selecting config flywheel.impl.mixins.json
[08Sep2026 17:02:25.805] [main/DEBUG] [mixin/]: Selecting config flywheel.impl.neoforge.mixins.json
[08Sep2026 17:02:25.806] [main/DEBUG] [mixin/]: Selecting config ponder.mixins.json
[08Sep2026 17:02:25.807] [main/DEBUG] [mixin/]: Selecting config ponder-common.mixins.json
[08Sep2026 17:02:25.807] [main/WARN] [mixin/]: Reference map 'ponder.refmap.json' for ponder-common.mixins.json could not be read. If this is a development environment you can ignore this message
[08Sep2026 17:02:25.807] [main/DEBUG] [mixin/]: Selecting config create.mixins.json
[08Sep2026 17:02:25.812] [main/DEBUG] [mixin/]: Selecting config sable.mixins.json
[08Sep2026 17:02:25.831] [main/INFO] [dev.ryanhcode.sable.mixin.AbstractSableMixinPlugin/]: Using Vanilla renderer mixins
[08Sep2026 17:02:25.832] [main/DEBUG] [mixin/]: Selecting config sable-neoforge.mixins.json
[08Sep2026 17:02:25.832] [main/INFO] [dev.ryanhcode.sable.mixin.AbstractSableMixinPlugin/]: Using Vanilla renderer mixins
[08Sep2026 17:02:25.832] [main/DEBUG] [mixin/]: Selecting config journeymap.mixins.json
[08Sep2026 17:02:25.832] [main/DEBUG] [mixin/]: Selecting config journeymap.neoforge.mixins.json
[08Sep2026 17:02:25.832] [main/DEBUG] [mixin/]: Selecting config neoforge.mixins.json
[08Sep2026 17:02:25.833] [main/DEBUG] [mixin/]: Selecting config badpackets.mixins.json
[08Sep2026 17:02:25.833] [main/DEBUG] [mixin/]: Selecting config veil.command.mixins.json
[08Sep2026 17:02:25.852] [main/DEBUG] [mixin/]: Selecting config veil.debug.mixins.json
[08Sep2026 17:02:25.852] [main/DEBUG] [mixin/]: Selecting config veil.dynamicbuffer.mixins.json
[08Sep2026 17:02:25.852] [main/DEBUG] [mixin/]: Selecting config veil.fix.mixins.json
[08Sep2026 17:02:25.852] [main/DEBUG] [mixin/]: Selecting config veil.framebuffer.mixins.json
[08Sep2026 17:02:25.853] [main/DEBUG] [mixin/]: Selecting config veil.necromancer.mixins.json
[08Sep2026 17:02:25.853] [main/DEBUG] [mixin/]: Selecting config veil.network.mixins.json
[08Sep2026 17:02:25.853] [main/DEBUG] [mixin/]: Selecting config veil.performance.mixins.json
[08Sep2026 17:02:25.853] [main/DEBUG] [mixin/]: Selecting config veil.perspective.mixins.json
[08Sep2026 17:02:25.853] [main/DEBUG] [mixin/]: Selecting config veil.pipeline.mixins.json
[08Sep2026 17:02:25.853] [main/DEBUG] [mixin/]: Selecting config veil.quasar.mixins.json
[08Sep2026 17:02:25.854] [main/DEBUG] [mixin/]: Selecting config veil.registry.mixins.json
[08Sep2026 17:02:25.854] [main/DEBUG] [mixin/]: Selecting config veil.rendertype.mixins.json
[08Sep2026 17:02:25.854] [main/DEBUG] [mixin/]: Selecting config veil.resource.mixins.json
[08Sep2026 17:02:25.855] [main/DEBUG] [mixin/]: Selecting config veil.scheduler.mixins.json
[08Sep2026 17:02:25.855] [main/DEBUG] [mixin/]: Selecting config veil.shader.mixins.json
[08Sep2026 17:02:25.855] [main/DEBUG] [mixin/]: Selecting config veil.shader_recompile.mixins.json
[08Sep2026 17:02:25.855] [main/DEBUG] [mixin/]: Selecting config veil.neoforge.mixins.json
[08Sep2026 17:02:25.856] [main/DEBUG] [mixin/]: Selecting config musketmod.mixins.json
[08Sep2026 17:02:25.856] [main/DEBUG] [mixin/]: Selecting config simulated.mixins.json
[08Sep2026 17:02:25.856] [main/WARN] [mixin/]: Reference map 'simulated.refmap.json' for simulated.mixins.json could not be read. If this is a development environment you can ignore this message
[08Sep2026 17:02:25.856] [main/DEBUG] [mixin/]: Selecting config simulated-neoforge.mixins.json
[08Sep2026 17:02:25.857] [main/DEBUG] [mixin/]: Selecting config computercraft.mixins.json
[08Sep2026 17:02:25.857] [main/DEBUG] [mixin/]: Selecting config computercraft.forge.mixins.json
[08Sep2026 17:02:25.857] [main/DEBUG] [mixin/]: Selecting config computercraft-client.forge.mixins.json
[08Sep2026 17:02:25.857] [main/DEBUG] [mixin/]: Selecting config offroad.mixins.json
[08Sep2026 17:02:25.858] [main/WARN] [mixin/]: Reference map 'offroad.refmap.json' for offroad.mixins.json could not be read. If this is a development environment you can ignore this message
[08Sep2026 17:02:25.858] [main/DEBUG] [mixin/]: Selecting config offroad.neoforge.mixins.json
[08Sep2026 17:02:25.858] [main/DEBUG] [mixin/]: Selecting config mixinextras.init.mixins.json
[08Sep2026 17:02:25.926] [main/DEBUG] [MixinExtras|Service/]: com.llamalad7.mixinextras.service.MixinExtrasServiceImpl(version=0.5.3) is taking over from null
[08Sep2026 17:02:25.964] [main/DEBUG] [mixin/]: Registering new injector for @Inject with org.spongepowered.asm.mixin.injection.struct.CallbackInjectionInfo
[08Sep2026 17:02:25.966] [main/DEBUG] [mixin/]: Registering new injector for @ModifyArg with org.spongepowered.asm.mixin.injection.struct.ModifyArgInjectionInfo
[08Sep2026 17:02:25.967] [main/DEBUG] [mixin/]: Registering new injector for @ModifyArgs with org.spongepowered.asm.mixin.injection.struct.ModifyArgsInjectionInfo
[08Sep2026 17:02:25.967] [main/DEBUG] [mixin/]: Registering new injector for @Redirect with org.spongepowered.asm.mixin.injection.struct.RedirectInjectionInfo
[08Sep2026 17:02:25.968] [main/DEBUG] [mixin/]: Registering new injector for @ModifyVariable with org.spongepowered.asm.mixin.injection.struct.ModifyVariableInjectionInfo
[08Sep2026 17:02:25.970] [main/DEBUG] [mixin/]: Registering new injector for @ModifyConstant with org.spongepowered.asm.mixin.injection.struct.ModifyConstantInjectionInfo
[08Sep2026 17:02:25.983] [main/DEBUG] [mixin/]: Preparing playerAnimator-common.mixins.json (17)
[08Sep2026 17:02:25.983] [main/DEBUG] [mixin/]: Preparing aeronautics.mixins.json (29)
[08Sep2026 17:02:26.018] [main/TRACE] [mixin/]: Added class metadata for dev/simulated_team/simulated/util/SimAssemblyHelper to metadata cache
[08Sep2026 17:02:26.026] [main/TRACE] [mixin/]: Added class metadata for dev/ryanhcode/sable/api/SubLevelAssemblyHelper to metadata cache
[08Sep2026 17:02:26.026] [main/TRACE] [mixin/]: Added class metadata for com/simibubi/create/content/kinetics/flywheel/FlywheelBlockEntity to metadata cache
[08Sep2026 17:02:26.028] [main/TRACE] [mixin/]: Added class metadata for net/minecraft/world/entity/item/ItemEntity to metadata cache
[08Sep2026 17:02:26.032] [main/DEBUG] [net.neoforged.accesstransformer.AccessTransformer/AXFORM]: Transforming net.minecraft.world.level.block.Block METHOD popExperience(Lnet/minecraft/server/level/ServerLevel;Lnet/minecraft/core/BlockPos;I)V to access PUBLIC and LEAVE
[08Sep2026 17:02:26.062] [main/TRACE] [mixin/]: Added class metadata for net/minecraft/world/level/block/Block to metadata cache
[08Sep2026 17:02:26.063] [main/TRACE] [mixin/]: Added class metadata for com/simibubi/create/content/kinetics/waterwheel/WaterWheelBlockEntity to metadata cache
[08Sep2026 17:02:26.063] [main/TRACE] [mixin/]: Added class metadata for net/createmod/ponder/foundation/instruction/DisplayWorldSectionInstruction to metadata cache
[08Sep2026 17:02:26.064] [main/TRACE] [mixin/]: Added class metadata for net/createmod/ponder/foundation/instruction/TickingInstruction to metadata cache
[08Sep2026 17:02:26.066] [main/TRACE] [mixin/]: Added class metadata for net/createmod/ponder/foundation/element/WorldSectionElementImpl to metadata cache
[08Sep2026 17:02:26.067] [main/TRACE] [mixin/]: Added class metadata for com/simibubi/create/content/equipment/potatoCannon/PotatoProjectileEntity to metadata cache
[08Sep2026 17:02:26.067] [main/TRACE] [mixin/]: Added class metadata for com/simibubi/create/content/contraptions/bearing/BearingContraption to metadata cache
[08Sep2026 17:02:26.069] [main/DEBUG] [net.neoforged.fml.common.asm.RuntimeDistCleaner/DISTXFORM]: Removing method: dev/eriksonn/aeronautics/content/blocks/propeller/bearing/contraption/PropellerBearingContraptionEntity.applyLocalTransforms(Lcom/mojang/blaze3d/vertex/PoseStack;F)V
[08Sep2026 17:02:26.070] [main/TRACE] [mixin/]: Added class metadata for dev/eriksonn/aeronautics/content/blocks/propeller/bearing/contraption/PropellerBearingContraptionEntity to metadata cache
[08Sep2026 17:02:26.072] [main/DEBUG] [net.neoforged.fml.common.asm.RuntimeDistCleaner/DISTXFORM]: Removing method: com/simibubi/create/content/contraptions/ContraptionCollider.saveClientPlayerFromClipping(Lcom/simibubi/create/content/contraptions/AbstractContraptionEntity;Lnet/minecraft/world/phys/Vec3;)V
[08Sep2026 17:02:26.072] [main/DEBUG] [net.neoforged.fml.common.asm.RuntimeDistCleaner/DISTXFORM]: Removing method: com/simibubi/create/content/contraptions/ContraptionCollider.lockPacketReceived(IID)V
[08Sep2026 17:02:26.073] [main/DEBUG] [net.neoforged.fml.common.asm.RuntimeDistCleaner/DISTXFORM]: Removing method: com/simibubi/create/content/contraptions/ContraptionCollider.saveRemotePlayerFromClipping(Lnet/minecraft/world/entity/player/Player;Lcom/simibubi/create/content/contraptions/AbstractContraptionEntity;Lnet/minecraft/world/phys/Vec3;)V
[08Sep2026 17:02:26.073] [main/DEBUG] [net.neoforged.fml.common.asm.RuntimeDistCleaner/DISTXFORM]: Removing method: com/simibubi/create/content/contraptions/ContraptionCollider.savePlayerFromClipping(Lnet/minecraft/world/entity/player/Player;Lcom/simibubi/create/content/contraptions/AbstractContraptionEntity;Lnet/minecraft/world/phys/Vec3;D)Z
[08Sep2026 17:02:26.073] [main/DEBUG] [net.neoforged.fml.common.asm.RuntimeDistCleaner/DISTXFORM]: Removing method: com/simibubi/create/content/contraptions/ContraptionCollider.isClientPlayerEntity(Lnet/minecraft/world/entity/Entity;)Z
[08Sep2026 17:02:26.073] [main/DEBUG] [net.neoforged.fml.common.asm.RuntimeDistCleaner/DISTXFORM]: Removing lambda method: com/simibubi/create/content/contraptions/ContraptionCollider.lambda$lockPacketReceived$5(Lcom/simibubi/create/content/contraptions/AbstractContraptionEntity;)Ljava/util/Map;
[08Sep2026 17:02:26.079] [main/TRACE] [mixin/]: Added class metadata for com/simibubi/create/content/contraptions/ContraptionCollider to metadata cache
[08Sep2026 17:02:26.080] [main/TRACE] [mixin/]: Added class metadata for dev/ryanhcode/sable/SableCommonEvents to metadata cache
[08Sep2026 17:02:26.080] [main/TRACE] [mixin/]: Added class metadata for net/minecraft/world/item/ShearsItem to metadata cache
[08Sep2026 17:02:26.082] [main/TRACE] [mixin/]: Added class metadata for com/simibubi/create/content/fluids/tank/BoilerData to metadata cache
[08Sep2026 17:02:26.082] [main/DEBUG] [mixin/]: Preparing aeronautics.neoforge.mixins.json (1)
[08Sep2026 17:02:26.082] [main/DEBUG] [mixin/]: Preparing vc_gliders-common.mixins.json (8)
[08Sep2026 17:02:26.087] [main/DEBUG] [net.neoforged.accesstransformer.AccessTransformer/AXFORM]: Transforming net.minecraft.world.entity.player.Player METHOD closeContainer()V to access PUBLIC and LEAVE
[08Sep2026 17:02:26.099] [main/TRACE] [mixin/]: Added class metadata for net/minecraft/world/entity/player/Player to metadata cache
[08Sep2026 17:02:26.099] [main/DEBUG] [mixin/]: Preparing wthit.mixins.json (28)
[08Sep2026 17:02:26.106] [main/TRACE] [mixin/]: Added class metadata for net/minecraft/world/level/block/entity/AbstractFurnaceBlockEntity to metadata cache
[08Sep2026 17:02:26.107] [main/TRACE] [mixin/]: Added class metadata for net/minecraft/world/level/block/entity/BaseContainerBlockEntity to metadata cache
[08Sep2026 17:02:26.109] [main/DEBUG] [net.neoforged.accesstransformer.AccessTransformer/AXFORM]: Transforming net.minecraft.world.level.block.entity.BeaconBlockEntity FIELD beamSections to access PUBLIC and LEAVE
[08Sep2026 17:02:26.110] [main/TRACE] [mixin/]: Added class metadata for net/minecraft/world/level/block/entity/BeaconBlockEntity to metadata cache
[08Sep2026 17:02:26.112] [main/TRACE] [mixin/]: Added class metadata for net/minecraft/world/level/block/entity/BeehiveBlockEntity$BeeData to metadata cache
[08Sep2026 17:02:26.113] [main/TRACE] [mixin/]: Added class metadata for net/minecraft/world/level/block/entity/BeehiveBlockEntity to metadata cache
[08Sep2026 17:02:26.114] [main/TRACE] [mixin/]: Added class metadata for net/minecraft/world/level/block/ChiseledBookShelfBlock to metadata cache
[08Sep2026 17:02:26.115] [main/TRACE] [mixin/]: Added class metadata for net/minecraft/world/level/block/entity/ChiseledBookShelfBlockEntity to metadata cache
[08Sep2026 17:02:26.121] [main/DEBUG] [net.neoforged.accesstransformer.AccessTransformer/AXFORM]: Transforming net.minecraft.world.entity.Entity FIELD ENTITY_COUNTER to access PROTECTED and LEAVE
[08Sep2026 17:02:26.121] [main/DEBUG] [net.neoforged.accesstransformer.AccessTransformer/AXFORM]: Transforming net.minecraft.world.entity.Entity FIELD removalReason to access PUBLIC and LEAVE
[08Sep2026 17:02:26.121] [main/DEBUG] [net.neoforged.accesstransformer.AccessTransformer/AXFORM]: Transforming net.minecraft.world.entity.Entity FIELD levelCallback to access PUBLIC and LEAVE
[08Sep2026 17:02:26.121] [main/DEBUG] [net.neoforged.accesstransformer.AccessTransformer/AXFORM]: Transforming net.minecraft.world.entity.Entity METHOD getEyePosition(F)Lnet/minecraft/world/phys/Vec3; to access PUBLIC and REMOVEFINAL
[08Sep2026 17:02:26.121] [main/DEBUG] [net.neoforged.accesstransformer.AccessTransformer/AXFORM]: Transforming net.minecraft.world.entity.Entity METHOD getEncodeId()Ljava/lang/String; to access PUBLIC and LEAVE
[08Sep2026 17:02:26.121] [main/DEBUG] [net.neoforged.accesstransformer.AccessTransformer/AXFORM]: Transforming net.minecraft.world.entity.Entity METHOD setRemoved(Lnet/minecraft/world/entity/Entity$RemovalReason;)V to access PUBLIC and REMOVEFINAL
[08Sep2026 17:02:26.140] [main/TRACE] [mixin/]: Added class metadata for net/minecraft/world/entity/Entity to metadata cache
[08Sep2026 17:02:26.140] [main/TRACE] [mixin/]: Added class metadata for net/minecraft/locale/Language to metadata cache
[08Sep2026 17:02:26.141] [main/TRACE] [mixin/]: Added class metadata for net/minecraft/world/level/block/entity/LecternBlockEntity to metadata cache
[08Sep2026 17:02:26.143] [main/TRACE] [mixin/]: Added class metadata for net/minecraft/world/level/block/NoteBlock to metadata cache
[08Sep2026 17:02:26.143] [main/TRACE] [mixin/]: Added class metadata for net/minecraft/server/ReloadableServerResources to metadata cache
[08Sep2026 17:02:26.143] [main/TRACE] [mixin/]: Added class metadata for net/minecraft/world/level/block/CherryLeavesBlock to metadata cache
[08Sep2026 17:02:26.144] [main/DEBUG] [net.neoforged.accesstransformer.AccessTransformer/AXFORM]: Transforming net.minecraft.world.level.block.DeadBushBlock METHOD <init>(Lnet/minecraft/world/level/block/state/BlockBehaviour$Properties;)V to access PUBLIC and LEAVE
[08Sep2026 17:02:26.145] [main/TRACE] [mixin/]: Added class metadata for net/minecraft/world/level/block/DeadBushBlock to metadata cache
[08Sep2026 17:02:26.145] [main/TRACE] [mixin/]: Added class metadata for net/minecraft/world/level/block/LeavesBlock to metadata cache
[08Sep2026 17:02:26.146] [main/TRACE] [mixin/]: Added class metadata for net/minecraft/world/level/block/MangroveLeavesBlock to metadata cache
[08Sep2026 17:02:26.147] [main/DEBUG] [net.neoforged.accesstransformer.AccessTransformer/AXFORM]: Transforming net.minecraft.world.level.block.SeagrassBlock METHOD <init>(Lnet/minecraft/world/level/block/state/BlockBehaviour$Properties;)V to access PUBLIC and LEAVE
[08Sep2026 17:02:26.147] [main/TRACE] [mixin/]: Added class metadata for net/minecraft/world/level/block/SeagrassBlock to metadata cache
[08Sep2026 17:02:26.148] [main/DEBUG] [net.neoforged.accesstransformer.AccessTransformer/AXFORM]: Transforming net.minecraft.world.level.block.TallGrassBlock METHOD <init>(Lnet/minecraft/world/level/block/state/BlockBehaviour$Properties;)V to access PUBLIC and LEAVE
[08Sep2026 17:02:26.148] [main/TRACE] [mixin/]: Added class metadata for net/minecraft/world/level/block/TallGrassBlock to metadata cache
[08Sep2026 17:02:26.150] [main/TRACE] [mixin/]: Added class metadata for net/minecraft/world/level/block/VineBlock to metadata cache
[08Sep2026 17:02:26.150] [main/TRACE] [mixin/]: Added class metadata for net/minecraft/world/level/block/WebBlock to metadata cache
[08Sep2026 17:02:26.151] [main/TRACE] [mixin/]: Added class metadata for net/neoforged/neoforge/common/SimpleTier to metadata cache
[08Sep2026 17:02:26.151] [main/TRACE] [mixin/CATCHING]: Catching
java.lang.ClassNotFoundException: net.minecraftforge.common.ForgeTier
	at cpw.mods.securejarhandler/cpw.mods.cl.ModuleClassLoader.getMaybeTransformedClassBytes(ModuleClassLoader.java:334) ~[securejarhandler-3.0.8.jar:?]
	at MC-BOOTSTRAP/cpw.mods.modlauncher@11.0.5/cpw.mods.modlauncher.TransformingClassLoader.buildTransformedClassNodeFor(TransformingClassLoader.java:65) ~[modlauncher-11.0.5.jar%2364!/:?]
	at MC-BOOTSTRAP/cpw.mods.modlauncher@11.0.5/cpw.mods.modlauncher.LaunchPluginHandler.lambda$announceLaunch$10(LaunchPluginHandler.java:106) ~[modlauncher-11.0.5.jar%2364!/:?]
	at MC-BOOTSTRAP/org.spongepowered.mixin/org.spongepowered.asm.launch.MixinLaunchPluginLegacy.getClassNode(MixinLaunchPluginLegacy.java:227) ~[sponge-mixin-0.15.2+mixin.0.8.7.jar%2373!/:0.15.2+mixin.0.8.7]
	at MC-BOOTSTRAP/org.spongepowered.mixin/org.spongepowered.asm.mixin.transformer.ClassInfo.forName(ClassInfo.java:2029) ~[sponge-mixin-0.15.2+mixin.0.8.7.jar%2373!/:0.15.2+mixin.0.8.7]
	at MC-BOOTSTRAP/org.spongepowered.mixin/org.spongepowered.asm.mixin.transformer.MixinInfo.getTargetClass(MixinInfo.java:1017) ~[sponge-mixin-0.15.2+mixin.0.8.7.jar%2373!/:0.15.2+mixin.0.8.7]
	at MC-BOOTSTRAP/org.spongepowered.mixin/org.spongepowered.asm.mixin.transformer.MixinInfo.readTargetClasses(MixinInfo.java:1007) ~[sponge-mixin-0.15.2+mixin.0.8.7.jar%2373!/:0.15.2+mixin.0.8.7]
	at MC-BOOTSTRAP/org.spongepowered.mixin/org.spongepowered.asm.mixin.transformer.MixinInfo.parseTargets(MixinInfo.java:895) ~[sponge-mixin-0.15.2+mixin.0.8.7.jar%2373!/:0.15.2+mixin.0.8.7]
	at MC-BOOTSTRAP/org.spongepowered.mixin/org.spongepowered.asm.mixin.transformer.MixinConfig.prepareMixins(MixinConfig.java:950) ~[sponge-mixin-0.15.2+mixin.0.8.7.jar%2373!/:0.15.2+mixin.0.8.7]
	at MC-BOOTSTRAP/org.spongepowered.mixin/org.spongepowered.asm.mixin.transformer.MixinConfig.prepare(MixinConfig.java:858) ~[sponge-mixin-0.15.2+mixin.0.8.7.jar%2373!/:0.15.2+mixin.0.8.7]
	at MC-BOOTSTRAP/org.spongepowered.mixin/org.spongepowered.asm.mixin.transformer.MixinProcessor.prepareConfigs(MixinProcessor.java:540) ~[sponge-mixin-0.15.2+mixin.0.8.7.jar%2373!/:0.15.2+mixin.0.8.7]
	at MC-BOOTSTRAP/org.spongepowered.mixin/org.spongepowered.asm.mixin.transformer.MixinProcessor.select(MixinProcessor.java:462) ~[sponge-mixin-0.15.2+mixin.0.8.7.jar%2373!/:0.15.2+mixin.0.8.7]
	at MC-BOOTSTRAP/org.spongepowered.mixin/org.spongepowered.asm.mixin.transformer.MixinProcessor.checkSelect(MixinProcessor.java:438) ~[sponge-mixin-0.15.2+mixin.0.8.7.jar%2373!/:0.15.2+mixin.0.8.7]
	at MC-BOOTSTRAP/org.spongepowered.mixin/org.spongepowered.asm.mixin.transformer.MixinProcessor.applyMixins(MixinProcessor.java:290) ~[sponge-mixin-0.15.2+mixin.0.8.7.jar%2373!/:0.15.2+mixin.0.8.7]
	at MC-BOOTSTRAP/org.spongepowered.mixin/org.spongepowered.asm.mixin.transformer.MixinTransformer.transformClass(MixinTransformer.java:250) ~[sponge-mixin-0.15.2+mixin.0.8.7.jar%2373!/:0.15.2+mixin.0.8.7]
	at MC-BOOTSTRAP/org.spongepowered.mixin/org.spongepowered.asm.service.modlauncher.MixinTransformationHandler.processClass(MixinTransformationHandler.java:131) ~[sponge-mixin-0.15.2+mixin.0.8.7.jar%2373!/:0.15.2+mixin.0.8.7]
	at MC-BOOTSTRAP/org.spongepowered.mixin/org.spongepowered.asm.launch.MixinLaunchPluginLegacy.processClass(MixinLaunchPluginLegacy.java:131) ~[sponge-mixin-0.15.2+mixin.0.8.7.jar%2373!/:0.15.2+mixin.0.8.7]
	at MC-BOOTSTRAP/cpw.mods.modlauncher@11.0.5/cpw.mods.modlauncher.serviceapi.ILaunchPluginService.processClassWithFlags(ILaunchPluginService.java:156) ~[modlauncher-11.0.5.jar%2364!/:11.0.5+main.901c6ea8]
	at MC-BOOTSTRAP/cpw.mods.modlauncher@11.0.5/cpw.mods.modlauncher.LaunchPluginHandler.offerClassNodeToPlugins(LaunchPluginHandler.java:94) ~[modlauncher-11.0.5.jar%2364!/:?]
	at MC-BOOTSTRAP/cpw.mods.modlauncher@11.0.5/cpw.mods.modlauncher.ClassTransformer.transform(ClassTransformer.java:120) ~[modlauncher-11.0.5.jar%2364!/:?]
	at MC-BOOTSTRAP/cpw.mods.modlauncher@11.0.5/cpw.mods.modlauncher.TransformingClassLoader.maybeTransformClassBytes(TransformingClassLoader.java:57) ~[modlauncher-11.0.5.jar%2364!/:?]
	at cpw.mods.securejarhandler/cpw.mods.cl.ModuleClassLoader.readerToClass(ModuleClassLoader.java:190) ~[securejarhandler-3.0.8.jar:?]
	at cpw.mods.securejarhandler/cpw.mods.cl.ModuleClassLoader.lambda$findClass$20(ModuleClassLoader.java:298) ~[securejarhandler-3.0.8.jar:?]
	at cpw.mods.securejarhandler/cpw.mods.cl.ModuleClassLoader.loadFromModule(ModuleClassLoader.java:311) ~[securejarhandler-3.0.8.jar:?]
	at cpw.mods.securejarhandler/cpw.mods.cl.ModuleClassLoader.findClass(ModuleClassLoader.java:298) ~[securejarhandler-3.0.8.jar:?]
	at java.base/java.lang.ClassLoader.loadClass(ClassLoader.java:638) ~[?:?]
	at java.base/java.lang.Class.forName(Class.java:627) ~[?:?]
	at java.base/java.lang.Class.forName(Class.java:602) ~[?:?]
	at MC-BOOTSTRAP/fml_loader@4.0.43/net.neoforged.fml.loading.ImmediateWindowHandler$DummyProvider.lambda$updateModuleReads$1(ImmediateWindowHandler.java:173) ~[loader-4.0.43.jar%2359!/:4.0]
	at java.base/java.util.Optional.map(Optional.java:260) [?:?]
	at MC-BOOTSTRAP/fml_loader@4.0.43/net.neoforged.fml.loading.ImmediateWindowHandler$DummyProvider.updateModuleReads(ImmediateWindowHandler.java:173) [loader-4.0.43.jar%2359!/:4.0]
	at MC-BOOTSTRAP/fml_loader@4.0.43/net.neoforged.fml.loading.ImmediateWindowHandler.acceptGameLayer(ImmediateWindowHandler.java:94) [loader-4.0.43.jar%2359!/:4.0]
	at MC-BOOTSTRAP/fml_loader@4.0.43/net.neoforged.fml.loading.FMLLoader.beforeStart(FMLLoader.java:166) [loader-4.0.43.jar%2359!/:4.0]
	at MC-BOOTSTRAP/fml_loader@4.0.43/net.neoforged.fml.loading.targets.CommonLaunchHandler.launchService(CommonLaunchHandler.java:115) [loader-4.0.43.jar%2359!/:4.0]
	at MC-BOOTSTRAP/cpw.mods.modlauncher@11.0.5/cpw.mods.modlauncher.LaunchServiceHandlerDecorator.launch(LaunchServiceHandlerDecorator.java:30) [modlauncher-11.0.5.jar%2364!/:?]
	at MC-BOOTSTRAP/cpw.mods.modlauncher@11.0.5/cpw.mods.modlauncher.LaunchServiceHandler.launch(LaunchServiceHandler.java:53) [modlauncher-11.0.5.jar%2364!/:?]
	at MC-BOOTSTRAP/cpw.mods.modlauncher@11.0.5/cpw.mods.modlauncher.LaunchServiceHandler.launch(LaunchServiceHandler.java:71) [modlauncher-11.0.5.jar%2364!/:?]
	at MC-BOOTSTRAP/cpw.mods.modlauncher@11.0.5/cpw.mods.modlauncher.Launcher.run(Launcher.java:103) [modlauncher-11.0.5.jar%2364!/:?]
	at MC-BOOTSTRAP/cpw.mods.modlauncher@11.0.5/cpw.mods.modlauncher.Launcher.main(Launcher.java:74) [modlauncher-11.0.5.jar%2364!/:?]
	at MC-BOOTSTRAP/cpw.mods.modlauncher@11.0.5/cpw.mods.modlauncher.BootstrapLaunchConsumer.accept(BootstrapLaunchConsumer.java:26) [modlauncher-11.0.5.jar%2364!/:?]
	at MC-BOOTSTRAP/cpw.mods.modlauncher@11.0.5/cpw.mods.modlauncher.BootstrapLaunchConsumer.accept(BootstrapLaunchConsumer.java:23) [modlauncher-11.0.5.jar%2364!/:?]
	at cpw.mods.bootstraplauncher@2.0.2/cpw.mods.bootstraplauncher.BootstrapLauncher.run(BootstrapLauncher.java:210) [bootstraplauncher-2.0.2.jar:?]
	at cpw.mods.bootstraplauncher@2.0.2/cpw.mods.bootstraplauncher.BootstrapLauncher.main(BootstrapLauncher.java:69) [bootstraplauncher-2.0.2.jar:?]
[08Sep2026 17:02:26.172] [main/WARN] [mixin/]: Error loading class: net/minecraftforge/common/ForgeTier (java.lang.ClassNotFoundException: net.minecraftforge.common.ForgeTier)
[08Sep2026 17:02:26.173] [main/TRACE] [mixin/]: Added class metadata for net/minecraftforge/common/ForgeTier to metadata cache
[08Sep2026 17:02:26.174] [main/DEBUG] [mixin/]: Skipping virtual target net.minecraftforge.common.ForgeTier for wthit.mixins.json:SimpleTierMixin from mod wthit
[08Sep2026 17:02:26.174] [main/DEBUG] [mixin/]: Preparing allarrowspickup.mixins.json (2)
[08Sep2026 17:02:26.178] [main/TRACE] [mixin/]: Added class metadata for net/minecraft/world/entity/projectile/AbstractArrow to metadata cache
[08Sep2026 17:02:26.178] [main/DEBUG] [mixin/]: Preparing flywheel.backend.mixins.json (9)
[08Sep2026 17:02:26.178] [main/DEBUG] [mixin/]: Preparing flywheel.impl.mixins.json (14)
[08Sep2026 17:02:26.178] [main/DEBUG] [mixin/]: Preparing flywheel.impl.neoforge.mixins.json (1)
[08Sep2026 17:02:26.178] [main/DEBUG] [mixin/]: Preparing ponder.mixins.json (1)
[08Sep2026 17:02:26.178] [main/DEBUG] [mixin/]: Preparing ponder-common.mixins.json (12)
[08Sep2026 17:02:26.179] [main/DEBUG] [net.neoforged.accesstransformer.AccessTransformer/AXFORM]: Transforming net.minecraft.world.level.biome.BiomeManager FIELD biomeZoomSeed to access PUBLIC and LEAVE
[08Sep2026 17:02:26.180] [main/TRACE] [mixin/]: Added class metadata for net/minecraft/world/level/biome/BiomeManager to metadata cache
[08Sep2026 17:02:26.184] [main/DEBUG] [net.neoforged.accesstransformer.AccessTransformer/AXFORM]: Transforming net.minecraft.server.MinecraftServer INNERCLASS ReloadableResources to access PUBLIC and LEAVE
[08Sep2026 17:02:26.185] [main/DEBUG] [net.neoforged.accesstransformer.AccessTransformer/AXFORM]: Transforming net.minecraft.server.MinecraftServer FIELD storageSource to access PUBLIC and LEAVE
[08Sep2026 17:02:26.185] [main/DEBUG] [net.neoforged.accesstransformer.AccessTransformer/AXFORM]: Transforming net.minecraft.server.MinecraftServer FIELD nextTickTimeNanos to access PROTECTED and LEAVE
[08Sep2026 17:02:26.193] [main/TRACE] [mixin/]: Added class metadata for net/minecraft/server/MinecraftServer to metadata cache
[08Sep2026 17:02:26.194] [main/DEBUG] [mixin/]: Preparing create.mixins.json (64)
[08Sep2026 17:02:26.205] [main/TRACE] [mixin/]: Added class metadata for net/minecraft/world/item/armortrim/ArmorTrim to metadata cache
[08Sep2026 17:02:26.207] [main/TRACE] [mixin/]: Added class metadata for net/minecraft/world/level/block/BeehiveBlock to metadata cache
[08Sep2026 17:02:26.208] [main/TRACE] [mixin/]: Added class metadata for net/minecraft/world/item/BlockItem to metadata cache
[08Sep2026 17:02:26.210] [main/TRACE] [mixin/]: Added class metadata for net/minecraft/core/registries/BuiltInRegistries to metadata cache
[08Sep2026 17:02:26.217] [main/DEBUG] [net.neoforged.accesstransformer.AccessTransformer/AXFORM]: Transforming net.minecraft.world.entity.LivingEntity FIELD jumping to access PUBLIC and LEAVE
[08Sep2026 17:02:26.217] [main/DEBUG] [net.neoforged.accesstransformer.AccessTransformer/AXFORM]: Transforming net.minecraft.world.entity.LivingEntity METHOD getHitbox()Lnet/minecraft/world/phys/AABB; to access PUBLIC and LEAVE
[08Sep2026 17:02:26.217] [main/DEBUG] [net.neoforged.accesstransformer.AccessTransformer/AXFORM]: Transforming net.minecraft.world.entity.LivingEntity METHOD getCurrentSwingDuration()I to access PUBLIC and LEAVE
[08Sep2026 17:02:26.217] [main/DEBUG] [net.neoforged.accesstransformer.AccessTransformer/AXFORM]: Transforming net.minecraft.world.entity.LivingEntity METHOD dismountVehicle(Lnet/minecraft/world/entity/Entity;)V to access PUBLIC and LEAVE
[08Sep2026 17:02:26.233] [main/TRACE] [mixin/]: Added class metadata for net/minecraft/world/entity/LivingEntity to metadata cache
[08Sep2026 17:02:26.233] [main/TRACE] [mixin/]: Added class metadata for net/minecraft/world/level/storage/loot/functions/EnchantedCountIncreaseFunction to metadata cache
[08Sep2026 17:02:26.236] [main/DEBUG] [net.neoforged.accesstransformer.AccessTransformer/AXFORM]: Transforming net.minecraft.world.item.ItemStack METHOD addToTooltip(Lnet/minecraft/core/component/DataComponentType;Lnet/minecraft/world/item/Item$TooltipContext;Ljava/util/function/Consumer;Lnet/minecraft/world/item/TooltipFlag;)V to access PUBLIC and LEAVE
[08Sep2026 17:02:26.240] [main/TRACE] [mixin/]: Added class metadata for net/minecraft/world/item/ItemStack to metadata cache
[08Sep2026 17:02:26.241] [main/DEBUG] [net.neoforged.accesstransformer.AccessTransformer/AXFORM]: Transforming net.minecraft.world.level.saveddata.maps.MapItemSavedData METHOD removeDecoration(Ljava/lang/String;)V to access PUBLIC and LEAVE
[08Sep2026 17:02:26.241] [main/DEBUG] [net.neoforged.accesstransformer.AccessTransformer/AXFORM]: Transforming net.minecraft.world.level.saveddata.maps.MapItemSavedData METHOD addDecoration(Lnet/minecraft/core/Holder;Lnet/minecraft/world/level/LevelAccessor;Ljava/lang/String;DDDLnet/minecraft/network/chat/Component;)V to access PUBLIC and LEAVE
[08Sep2026 17:02:26.243] [main/TRACE] [mixin/]: Added class metadata for net/minecraft/world/level/saveddata/maps/MapItemSavedData to metadata cache
[08Sep2026 17:02:26.246] [main/DEBUG] [net.neoforged.accesstransformer.AccessTransformer/AXFORM]: Transforming net.minecraft.world.entity.Mob FIELD goalSelector to access PUBLIC and LEAVE
[08Sep2026 17:02:26.246] [main/DEBUG] [net.neoforged.accesstransformer.AccessTransformer/AXFORM]: Transforming net.minecraft.world.entity.Mob FIELD targetSelector to access PUBLIC and LEAVE
[08Sep2026 17:02:26.255] [main/TRACE] [mixin/]: Added class metadata for net/minecraft/world/entity/Mob to metadata cache
[08Sep2026 17:02:26.257] [main/TRACE] [mixin/]: Added class metadata for net/minecraft/world/entity/projectile/ProjectileUtil to metadata cache
[08Sep2026 17:02:26.259] [main/TRACE] [mixin/]: Added class metadata for net/minecraft/world/inventory/SmithingMenu to metadata cache
[08Sep2026 17:02:26.289] [main/TRACE] [mixin/]: Added class metadata for net/minecraft/world/level/material/FlowingFluid to metadata cache
[08Sep2026 17:02:26.296] [main/DEBUG] [net.neoforged.accesstransformer.AccessTransformer/AXFORM]: Transforming net.minecraft.world.level.block.state.BlockBehaviour METHOD propertiesCodec()Lcom/mojang/serialization/codecs/RecordCodecBuilder; to access PUBLIC and LEAVE
[08Sep2026 17:02:26.298] [main/TRACE] [mixin/]: Added class metadata for net/minecraft/world/level/block/state/BlockBehaviour to metadata cache
[08Sep2026 17:02:26.300] [main/DEBUG] [net.neoforged.accesstransformer.AccessTransformer/AXFORM]: Transforming net.minecraft.data.loot.BlockLootSubProvider METHOD createSelfDropDispatchTable(Lnet/minecraft/world/level/block/Block;Lnet/minecraft/world/level/storage/loot/predicates/LootItemCondition$Builder;Lnet/minecraft/world/level/storage/loot/entries/LootPoolEntryContainer$Builder;)Lnet/minecraft/world/level/storage/loot/LootTable$Builder; to access PROTECTED and LEAVE
[08Sep2026 17:02:26.300] [main/DEBUG] [net.neoforged.accesstransformer.AccessTransformer/AXFORM]: Transforming net.minecraft.data.loot.BlockLootSubProvider METHOD createSilkTouchOnlyTable(Lnet/minecraft/world/level/ItemLike;)Lnet/minecraft/world/level/storage/loot/LootTable$Builder; to access PROTECTED and LEAVE
[08Sep2026 17:02:26.300] [main/DEBUG] [net.neoforged.accesstransformer.AccessTransformer/AXFORM]: Transforming net.minecraft.data.loot.BlockLootSubProvider METHOD createPotFlowerItemTable(Lnet/minecraft/world/level/ItemLike;)Lnet/minecraft/world/level/storage/loot/LootTable$Builder; to access PROTECTED and LEAVE
[08Sep2026 17:02:26.305] [main/TRACE] [mixin/]: Added class metadata for net/minecraft/data/loot/BlockLootSubProvider to metadata cache
[08Sep2026 17:02:26.308] [main/TRACE] [mixin/]: Added class metadata for net/minecraft/world/level/block/ConcretePowderBlock to metadata cache
[08Sep2026 17:02:26.309] [main/DEBUG] [net.neoforged.accesstransformer.AccessTransformer/AXFORM]: Transforming net.minecraft.world.level.block.CropBlock METHOD <init>(Lnet/minecraft/world/level/block/state/BlockBehaviour$Properties;)V to access PUBLIC and LEAVE
[08Sep2026 17:02:26.309] [main/DEBUG] [net.neoforged.accesstransformer.AccessTransformer/AXFORM]: Transforming net.minecraft.world.level.block.CropBlock METHOD hasSufficientLight(Lnet/minecraft/world/level/LevelReader;Lnet/minecraft/core/BlockPos;)Z to access PUBLIC and LEAVE
[08Sep2026 17:02:26.310] [main/TRACE] [mixin/]: Added class metadata for net/minecraft/world/level/block/CropBlock to metadata cache
[08Sep2026 17:02:26.312] [main/DEBUG] [net.neoforged.accesstransformer.AccessTransformer/AXFORM]: Transforming net.minecraft.world.level.block.DispenserBlock METHOD <init>(Lnet/minecraft/world/level/block/state/BlockBehaviour$Properties;)V to access PUBLIC and LEAVE
[08Sep2026 17:02:26.325] [main/TRACE] [mixin/]: Added class metadata for net/minecraft/world/level/block/DispenserBlock to metadata cache
[08Sep2026 17:02:26.327] [main/TRACE] [mixin/]: Added class metadata for net/minecraft/world/entity/item/FallingBlockEntity to metadata cache
[08Sep2026 17:02:26.328] [main/TRACE] [mixin/]: Added class metadata for net/neoforged/neoforge/fluids/FluidInteractionRegistry to metadata cache
[08Sep2026 17:02:26.332] [main/DEBUG] [net.neoforged.accesstransformer.AccessTransformer/AXFORM]: Transforming net.minecraft.gametest.framework.GameTestHelper FIELD testInfo to access PUBLIC and LEAVE
[08Sep2026 17:02:26.337] [main/TRACE] [mixin/]: Added class metadata for net/minecraft/gametest/framework/GameTestHelper to metadata cache
[08Sep2026 17:02:26.338] [main/TRACE] [mixin/]: Added class metadata for net/minecraft/world/entity/decoration/ItemFrame to metadata cache
[08Sep2026 17:02:26.340] [main/DEBUG] [net.neoforged.accesstransformer.AccessTransformer/AXFORM]: Transforming net.minecraft.data.models.ItemModelGenerators INNERCLASS TrimModelData to access PUBLIC and LEAVE
[08Sep2026 17:02:26.340] [main/DEBUG] [net.neoforged.accesstransformer.AccessTransformer/AXFORM]: Transforming net.minecraft.data.models.ItemModelGenerators FIELD GENERATED_TRIM_MODELS to access PUBLIC and LEAVE
[08Sep2026 17:02:26.341] [main/DEBUG] [net.neoforged.accesstransformer.AccessTransformer/AXFORM]: Transforming net.minecraft.data.models.ItemModelGenerators FIELD output to access PUBLIC and LEAVE
[08Sep2026 17:02:26.341] [main/DEBUG] [net.neoforged.accesstransformer.AccessTransformer/AXFORM]: Transforming net.minecraft.data.models.ItemModelGenerators METHOD generateFlatItem(Lnet/minecraft/world/item/Item;Lnet/minecraft/data/models/model/ModelTemplate;)V to access PUBLIC and LEAVE
[08Sep2026 17:02:26.341] [main/DEBUG] [net.neoforged.accesstransformer.AccessTransformer/AXFORM]: Transforming net.minecraft.data.models.ItemModelGenerators METHOD generateFlatItem(Lnet/minecraft/world/item/Item;Ljava/lang/String;Lnet/minecraft/data/models/model/ModelTemplate;)V to access PUBLIC and LEAVE
[08Sep2026 17:02:26.343] [main/TRACE] [mixin/]: Added class metadata for net/minecraft/data/models/ItemModelGenerators to metadata cache
[08Sep2026 17:02:26.344] [main/TRACE] [mixin/]: Added class metadata for net/neoforged/neoforge/items/ItemStackHandler to metadata cache
[08Sep2026 17:02:26.362] [main/TRACE] [mixin/]: Added class metadata for net/minecraft/core/MappedRegistry to metadata cache
[08Sep2026 17:02:26.363] [main/TRACE] [mixin/]: Added class metadata for net/minecraft/world/entity/vehicle/MinecartFurnace to metadata cache
[08Sep2026 17:02:26.366] [main/TRACE] [mixin/]: Added class metadata for net/minecraft/world/effect/MobEffectInstance to metadata cache
[08Sep2026 17:02:26.367] [main/TRACE] [mixin/]: Added class metadata for net/minecraft/nbt/NbtAccounter to metadata cache
[08Sep2026 17:02:26.367] [main/DEBUG] [net.neoforged.accesstransformer.AccessTransformer/AXFORM]: Transforming net.minecraft.world.item.alchemy.PotionBrewing INNERCLASS Mix to access PUBLIC and LEAVE
[08Sep2026 17:02:26.367] [main/DEBUG] [net.neoforged.accesstransformer.AccessTransformer/AXFORM]: Transforming net.minecraft.world.item.alchemy.PotionBrewing FIELD containers to access PUBLIC and LEAVE
[08Sep2026 17:02:26.367] [main/DEBUG] [net.neoforged.accesstransformer.AccessTransformer/AXFORM]: Transforming net.minecraft.world.item.alchemy.PotionBrewing FIELD potionMixes to access PUBLIC and LEAVE
[08Sep2026 17:02:26.367] [main/DEBUG] [net.neoforged.accesstransformer.AccessTransformer/AXFORM]: Transforming net.minecraft.world.item.alchemy.PotionBrewing FIELD containerMixes to access PUBLIC and LEAVE
[08Sep2026 17:02:26.370] [main/TRACE] [mixin/]: Added class metadata for net/minecraft/world/item/alchemy/PotionBrewing to metadata cache
[08Sep2026 17:02:26.371] [main/TRACE] [mixin/]: Added class metadata for net/minecraft/core/dispenser/ProjectileDispenseBehavior to metadata cache
[08Sep2026 17:02:26.375] [main/DEBUG] [net.neoforged.accesstransformer.AccessTransformer/AXFORM]: Transforming net.minecraft.server.level.ServerLevel FIELD entityManager to access PUBLIC and LEAVE
[08Sep2026 17:02:26.375] [main/DEBUG] [net.neoforged.accesstransformer.AccessTransformer/AXFORM]: Transforming net.minecraft.server.level.ServerLevel METHOD getEntities()Lnet/minecraft/world/level/entity/LevelEntityGetter; to access PUBLIC and LEAVE
[08Sep2026 17:02:26.384] [main/TRACE] [mixin/]: Added class metadata for net/minecraft/server/level/ServerLevel to metadata cache
[08Sep2026 17:02:26.385] [main/DEBUG] [net.neoforged.accesstransformer.AccessTransformer/AXFORM]: Transforming net.minecraft.world.item.crafting.ShapedRecipe FIELD pattern to access PUBLIC and LEAVE
[08Sep2026 17:02:26.386] [main/TRACE] [mixin/]: Added class metadata for net/minecraft/world/item/crafting/ShapedRecipe to metadata cache
[08Sep2026 17:02:26.387] [main/TRACE] [mixin/]: Added class metadata for net/minecraft/world/level/block/state/StateHolder to metadata cache
[08Sep2026 17:02:26.389] [main/TRACE] [mixin/]: Added class metadata for net/minecraft/SystemReport to metadata cache
[08Sep2026 17:02:26.389] [main/DEBUG] [net.neoforged.accesstransformer.AccessTransformer/AXFORM]: Transforming net.minecraft.world.item.context.UseOnContext METHOD <init>(Lnet/minecraft/world/level/Level;Lnet/minecraft/world/entity/player/Player;Lnet/minecraft/world/InteractionHand;Lnet/minecraft/world/item/ItemStack;Lnet/minecraft/world/phys/BlockHitResult;)V to access PUBLIC and LEAVE
[08Sep2026 17:02:26.390] [main/TRACE] [mixin/]: Added class metadata for net/minecraft/world/item/context/UseOnContext to metadata cache
[08Sep2026 17:02:26.392] [main/TRACE] [mixin/]: Added class metadata for net/minecraft/util/datafix/fixes/BlockPosFormatAndRenamesFix to metadata cache
[08Sep2026 17:02:26.396] [main/DEBUG] [net.neoforged.accesstransformer.AccessTransformer/AXFORM]: Transforming net.minecraft.util.datafix.fixes.ItemStackComponentizationFix INNERCLASS ItemStackData to access PUBLIC and LEAVE
[08Sep2026 17:02:26.435] [main/TRACE] [mixin/]: Added class metadata for net/minecraft/util/datafix/fixes/ItemStackComponentizationFix to metadata cache
[08Sep2026 17:02:26.463] [main/TRACE] [mixin/]: Added class metadata for net/minecraft/util/datafix/schemas/V1460 to metadata cache
[08Sep2026 17:02:26.468] [main/DEBUG] [mixin/]: Preparing sable.mixins.json (228)
[08Sep2026 17:02:26.626] [main/DEBUG] [net.neoforged.accesstransformer.AccessTransformer/AXFORM]: Transforming net.minecraft.world.item.context.BlockPlaceContext METHOD <init>(Lnet/minecraft/world/level/Level;Lnet/minecraft/world/entity/player/Player;Lnet/minecraft/world/InteractionHand;Lnet/minecraft/world/item/ItemStack;Lnet/minecraft/world/phys/BlockHitResult;)V to access PUBLIC and LEAVE
[08Sep2026 17:02:26.627] [main/TRACE] [mixin/]: Added class metadata for net/minecraft/world/item/context/BlockPlaceContext to metadata cache
[08Sep2026 17:02:26.628] [main/TRACE] [mixin/]: Added class metadata for net/minecraft/world/level/EntityGetter to metadata cache
[08Sep2026 17:02:26.628] [main/TRACE] [mixin/]: Added class metadata for net/minecraft/world/level/block/state/BlockState to metadata cache
[08Sep2026 17:02:26.629] [main/TRACE] [mixin/]: Added class metadata for net/minecraft/world/level/chunk/LevelChunkSection to metadata cache
[08Sep2026 17:02:26.630] [main/TRACE] [mixin/]: Added class metadata for net/minecraft/world/level/BlockGetter to metadata cache
[08Sep2026 17:02:26.631] [main/DEBUG] [net.neoforged.accesstransformer.AccessTransformer/AXFORM]: Transforming net.minecraft.world.level.ClipContext FIELD block to access PUBLIC and LEAVE
[08Sep2026 17:02:26.631] [main/DEBUG] [net.neoforged.accesstransformer.AccessTransformer/AXFORM]: Transforming net.minecraft.world.level.ClipContext FIELD fluid to access PUBLIC and LEAVE
[08Sep2026 17:02:26.631] [main/DEBUG] [net.neoforged.accesstransformer.AccessTransformer/AXFORM]: Transforming net.minecraft.world.level.ClipContext FIELD collisionContext to access PUBLIC and LEAVE
[08Sep2026 17:02:26.631] [main/TRACE] [mixin/]: Added class metadata for net/minecraft/world/level/ClipContext to metadata cache
[08Sep2026 17:02:26.632] [main/TRACE] [mixin/]: Added class metadata for net/minecraft/world/phys/HitResult to metadata cache
[08Sep2026 17:02:26.632] [main/TRACE] [mixin/]: Added class metadata for net/minecraft/commands/synchronization/ArgumentTypeInfos to metadata cache
[08Sep2026 17:02:26.634] [main/TRACE] [mixin/]: Added class metadata for net/minecraft/server/commands/data/DataCommands to metadata cache
[08Sep2026 17:02:26.638] [main/TRACE] [mixin/]: Added class metadata for net/minecraft/server/commands/ExecuteCommand to metadata cache
[08Sep2026 17:02:26.639] [main/TRACE] [mixin/]: Added class metadata for dan200/computercraft/shared/peripheral/modem/wireless/WirelessNetwork to metadata cache
[08Sep2026 17:02:26.640] [main/TRACE] [mixin/]: Added class metadata for net/minecraft/world/level/block/entity/ConduitBlockEntity to metadata cache
[08Sep2026 17:02:26.641] [main/DEBUG] [net.neoforged.accesstransformer.AccessTransformer/AXFORM]: Transforming net.minecraft.world.damagesource.CombatTracker FIELD INTENTIONAL_GAME_DESIGN_STYLE to access PUBLIC and LEAVE
[08Sep2026 17:02:26.641] [main/DEBUG] [net.neoforged.accesstransformer.AccessTransformer/AXFORM]: Transforming net.minecraft.world.damagesource.CombatTracker METHOD getFallMessage(Lnet/minecraft/world/damagesource/CombatEntry;Lnet/minecraft/world/entity/Entity;)Lnet/minecraft/network/chat/Component; to access PUBLIC and LEAVE
[08Sep2026 17:02:26.641] [main/DEBUG] [net.neoforged.accesstransformer.AccessTransformer/AXFORM]: Transforming net.minecraft.world.damagesource.CombatTracker METHOD getMostSignificantFall()Lnet/minecraft/world/damagesource/CombatEntry; to access PUBLIC and LEAVE
[08Sep2026 17:02:26.642] [main/TRACE] [mixin/]: Added class metadata for net/minecraft/world/damagesource/CombatTracker to metadata cache
[08Sep2026 17:02:26.643] [main/TRACE] [mixin/]: Added class metadata for net/minecraft/world/level/block/entity/EnchantingTableBlockEntity to metadata cache
[08Sep2026 17:02:26.644] [main/TRACE] [mixin/]: Added class metadata for net/minecraft/server/level/ServerEntity to metadata cache
[08Sep2026 17:02:26.644] [main/TRACE] [mixin/]: Added class metadata for net/minecraft/network/protocol/game/ClientboundMoveEntityPacket$Pos to metadata cache
[08Sep2026 17:02:26.645] [main/TRACE] [mixin/]: Added class metadata for net/minecraft/network/protocol/game/ClientboundMoveEntityPacket$PosRot to metadata cache
[08Sep2026 17:02:26.645] [main/TRACE] [mixin/]: Added class metadata for net/minecraft/network/protocol/game/ClientboundTeleportEntityPacket to metadata cache
[08Sep2026 17:02:26.645] [main/TRACE] [mixin/]: Added class metadata for net/minecraft/network/protocol/game/ServerboundMovePlayerPacket to metadata cache
[08Sep2026 17:02:26.649] [main/DEBUG] [net.neoforged.accesstransformer.AccessTransformer/AXFORM]: Transforming net.minecraft.server.network.ServerGamePacketListenerImpl FIELD aboveGroundTickCount to access PUBLIC and LEAVE
[08Sep2026 17:02:26.649] [main/DEBUG] [net.neoforged.accesstransformer.AccessTransformer/AXFORM]: Transforming net.minecraft.server.network.ServerGamePacketListenerImpl FIELD aboveGroundVehicleTickCount to access PUBLIC and LEAVE
[08Sep2026 17:02:26.655] [main/TRACE] [mixin/]: Added class metadata for net/minecraft/server/network/ServerGamePacketListenerImpl to metadata cache
[08Sep2026 17:02:26.658] [main/DEBUG] [net.neoforged.accesstransformer.AccessTransformer/AXFORM]: Transforming net.minecraft.server.level.ServerPlayer INNERCLASS RespawnPosAngle to access PUBLIC and LEAVE
[08Sep2026 17:02:26.658] [main/DEBUG] [net.neoforged.accesstransformer.AccessTransformer/AXFORM]: Transforming net.minecraft.server.level.ServerPlayer METHOD findRespawnAndUseSpawnBlock(Lnet/minecraft/server/level/ServerLevel;Lnet/minecraft/core/BlockPos;FZZ)Ljava/util/Optional; to access PUBLIC and LEAVE
[08Sep2026 17:02:26.658] [main/DEBUG] [net.neoforged.accesstransformer.AccessTransformer/AXFORM]: Transforming net.minecraft.server.level.ServerPlayer METHOD checkRidingStatistics(DDD)V to access PUBLIC and LEAVE
[08Sep2026 17:02:26.664] [main/TRACE] [mixin/]: Added class metadata for net/minecraft/server/level/ServerPlayer to metadata cache
[08Sep2026 17:02:26.664] [main/TRACE] [mixin/]: Added class metadata for net/minecraft/world/entity/ai/goal/EatBlockGoal to metadata cache
[08Sep2026 17:02:26.665] [main/TRACE] [mixin/]: Added class metadata for net/minecraft/world/phys/shapes/CollisionContext to metadata cache
[08Sep2026 17:02:26.666] [main/TRACE] [mixin/]: Added class metadata for net/minecraft/world/entity/Leashable to metadata cache
[08Sep2026 17:02:26.667] [main/TRACE] [mixin/]: Added class metadata for net/minecraft/world/level/pathfinder/FlyNodeEvaluator to metadata cache
[08Sep2026 17:02:26.667] [main/TRACE] [mixin/]: Added class metadata for net/minecraft/world/entity/ai/navigation/GroundPathNavigation to metadata cache
[08Sep2026 17:02:26.667] [main/TRACE] [mixin/]: Added class metadata for net/minecraft/world/level/pathfinder/PathfindingContext to metadata cache
[08Sep2026 17:02:26.668] [main/TRACE] [mixin/]: Added class metadata for net/minecraft/world/level/pathfinder/Path to metadata cache
[08Sep2026 17:02:26.669] [main/TRACE] [mixin/]: Added class metadata for net/minecraft/world/entity/ai/navigation/PathNavigation to metadata cache
[08Sep2026 17:02:26.670] [main/TRACE] [mixin/]: Added class metadata for net/minecraft/world/entity/ai/util/RandomPos to metadata cache
[08Sep2026 17:02:26.673] [main/TRACE] [mixin/]: Added class metadata for net/minecraft/world/level/pathfinder/WalkNodeEvaluator to metadata cache
[08Sep2026 17:02:26.688] [main/TRACE] [mixin/]: Added class metadata for net/minecraft/world/entity/EntityType to metadata cache
[08Sep2026 17:02:26.692] [main/TRACE] [mixin/]: Added class metadata for net/minecraft/world/entity/vehicle/AbstractMinecart to metadata cache
[08Sep2026 17:02:26.694] [main/DEBUG] [net.neoforged.accesstransformer.AccessTransformer/AXFORM]: Transforming net.minecraft.world.level.Level FIELD oRainLevel to access PUBLIC and LEAVE
[08Sep2026 17:02:26.694] [main/DEBUG] [net.neoforged.accesstransformer.AccessTransformer/AXFORM]: Transforming net.minecraft.world.level.Level FIELD rainLevel to access PUBLIC and LEAVE
[08Sep2026 17:02:26.694] [main/DEBUG] [net.neoforged.accesstransformer.AccessTransformer/AXFORM]: Transforming net.minecraft.world.level.Level FIELD oThunderLevel to access PUBLIC and LEAVE
[08Sep2026 17:02:26.694] [main/DEBUG] [net.neoforged.accesstransformer.AccessTransformer/AXFORM]: Transforming net.minecraft.world.level.Level FIELD thunderLevel to access PUBLIC and LEAVE
[08Sep2026 17:02:26.697] [main/TRACE] [mixin/]: Added class metadata for net/minecraft/world/level/Level to metadata cache
[08Sep2026 17:02:26.698] [main/TRACE] [mixin/]: Added class metadata for net/minecraft/server/level/ChunkMap$TrackedEntity to metadata cache
[08Sep2026 17:02:26.699] [main/DEBUG] [net.neoforged.accesstransformer.AccessTransformer/AXFORM]: Transforming net.minecraft.world.level.entity.PersistentEntitySectionManager FIELD sectionStorage to access PUBLIC and LEAVE
[08Sep2026 17:02:26.701] [main/TRACE] [mixin/]: Added class metadata for net/minecraft/world/level/entity/PersistentEntitySectionManager to metadata cache
[08Sep2026 17:02:26.701] [main/DEBUG] [net.neoforged.accesstransformer.AccessTransformer/AXFORM]: Transforming net.minecraft.world.entity.projectile.Projectile FIELD ownerUUID to access PUBLIC and LEAVE
[08Sep2026 17:02:26.701] [main/DEBUG] [net.neoforged.accesstransformer.AccessTransformer/AXFORM]: Transforming net.minecraft.world.entity.projectile.Projectile METHOD <init>(Lnet/minecraft/world/entity/EntityType;Lnet/minecraft/world/level/Level;)V to access PROTECTED and LEAVE
[08Sep2026 17:02:26.702] [main/TRACE] [mixin/]: Added class metadata for net/minecraft/world/entity/projectile/Projectile to metadata cache
[08Sep2026 17:02:26.704] [main/DEBUG] [net.neoforged.accesstransformer.AccessTransformer/AXFORM]: Transforming net.minecraft.server.level.ChunkMap INNERCLASS DistanceManager to access PUBLIC and LEAVE
[08Sep2026 17:02:26.704] [main/DEBUG] [net.neoforged.accesstransformer.AccessTransformer/AXFORM]: Transforming net.minecraft.server.level.ChunkMap FIELD updatingChunkMap to access PUBLIC and LEAVE
[08Sep2026 17:02:26.704] [main/DEBUG] [net.neoforged.accesstransformer.AccessTransformer/AXFORM]: Transforming net.minecraft.server.level.ChunkMap FIELD visibleChunkMap to access PUBLIC and LEAVE
[08Sep2026 17:02:26.704] [main/DEBUG] [net.neoforged.accesstransformer.AccessTransformer/AXFORM]: Transforming net.minecraft.server.level.ChunkMap FIELD toDrop to access PUBLIC and LEAVE
[08Sep2026 17:02:26.704] [main/DEBUG] [net.neoforged.accesstransformer.AccessTransformer/AXFORM]: Transforming net.minecraft.server.level.ChunkMap FIELD modified to access PUBLIC and LEAVE
[08Sep2026 17:02:26.705] [main/DEBUG] [net.neoforged.accesstransformer.AccessTransformer/AXFORM]: Transforming net.minecraft.server.level.ChunkMap FIELD chunkSaveCooldowns to access PUBLIC and LEAVE
[08Sep2026 17:02:26.705] [main/DEBUG] [net.neoforged.accesstransformer.AccessTransformer/AXFORM]: Transforming net.minecraft.server.level.ChunkMap FIELD unloadQueue to access PUBLIC and LEAVE
[08Sep2026 17:02:26.705] [main/DEBUG] [net.neoforged.accesstransformer.AccessTransformer/AXFORM]: Transforming net.minecraft.server.level.ChunkMap METHOD getVisibleChunkIfPresent(J)Lnet/minecraft/server/level/ChunkHolder; to access PUBLIC and LEAVE
[08Sep2026 17:02:26.705] [main/DEBUG] [net.neoforged.accesstransformer.AccessTransformer/AXFORM]: Transforming net.minecraft.server.level.ChunkMap METHOD scheduleUnload(JLnet/minecraft/server/level/ChunkHolder;)V to access PUBLIC and LEAVE
[08Sep2026 17:02:26.705] [main/DEBUG] [net.neoforged.accesstransformer.AccessTransformer/AXFORM]: Transforming net.minecraft.server.level.ChunkMap METHOD saveChunkIfNeeded(Lnet/minecraft/server/level/ChunkHolder;)Z to access PUBLIC and LEAVE
[08Sep2026 17:02:26.705] [main/DEBUG] [net.neoforged.accesstransformer.AccessTransformer/AXFORM]: Transforming net.minecraft.server.level.ChunkMap METHOD getChunks()Ljava/lang/Iterable; to access PUBLIC and LEAVE
[08Sep2026 17:02:26.705] [main/DEBUG] [net.neoforged.accesstransformer.AccessTransformer/AXFORM]: Transforming net.minecraft.server.level.ChunkMap METHOD onFullChunkStatusChange(Lnet/minecraft/world/level/ChunkPos;Lnet/minecraft/server/level/FullChunkStatus;)V to access PUBLIC and LEAVE
[08Sep2026 17:02:26.712] [main/TRACE] [mixin/]: Added class metadata for net/minecraft/server/level/ChunkMap to metadata cache
[08Sep2026 17:02:26.713] [main/TRACE] [mixin/]: Added class metadata for net/minecraft/world/entity/ai/goal/FleeSunGoal to metadata cache
[08Sep2026 17:02:26.713] [main/TRACE] [mixin/]: Added class metadata for net/minecraft/world/entity/TamableAnimal to metadata cache
[08Sep2026 17:02:26.714] [main/DEBUG] [net.neoforged.accesstransformer.AccessTransformer/AXFORM]: Transforming net.minecraft.world.entity.item.PrimedTnt METHOD explode()V to access PROTECTED and LEAVE
[08Sep2026 17:02:26.715] [main/TRACE] [mixin/]: Added class metadata for net/minecraft/world/entity/item/PrimedTnt to metadata cache
[08Sep2026 17:02:26.715] [main/TRACE] [mixin/]: Added class metadata for net/minecraft/world/entity/projectile/ThrownTrident to metadata cache
[08Sep2026 17:02:26.717] [main/TRACE] [mixin/]: Added class metadata for net/minecraft/world/level/Explosion to metadata cache
[08Sep2026 17:02:26.718] [main/DEBUG] [net.neoforged.accesstransformer.AccessTransformer/AXFORM]: Transforming net.minecraft.gametest.framework.GameTestInfo FIELD sequences to access PUBLIC and LEAVE
[08Sep2026 17:02:26.718] [main/TRACE] [mixin/]: Added class metadata for net/minecraft/gametest/framework/GameTestInfo to metadata cache
[08Sep2026 17:02:26.720] [main/TRACE] [mixin/]: Added class metadata for net/minecraft/gametest/framework/StructureUtils to metadata cache
[08Sep2026 17:02:26.722] [main/TRACE] [mixin/]: Added class metadata for net/minecraft/gametest/framework/TestCommand to metadata cache
[08Sep2026 17:02:26.723] [main/TRACE] [mixin/]: Added class metadata for net/minecraft/world/level/block/BellBlock to metadata cache
[08Sep2026 17:02:26.723] [main/TRACE] [mixin/]: Added class metadata for net/minecraft/world/level/block/TntBlock to metadata cache
[08Sep2026 17:02:26.724] [main/DEBUG] [net.neoforged.accesstransformer.AccessTransformer/AXFORM]: Transforming net.minecraft.server.level.ServerChunkCache INNERCLASS MainThreadExecutor to access PUBLIC and LEAVE
[08Sep2026 17:02:26.724] [main/DEBUG] [net.neoforged.accesstransformer.AccessTransformer/AXFORM]: Transforming net.minecraft.server.level.ServerChunkCache INNERCLASS ChunkAndHolder to access PUBLIC and LEAVE
[08Sep2026 17:02:26.724] [main/DEBUG] [net.neoforged.accesstransformer.AccessTransformer/AXFORM]: Transforming net.minecraft.server.level.ServerChunkCache FIELD level to access PUBLIC and LEAVE
[08Sep2026 17:02:26.726] [main/TRACE] [mixin/]: Added class metadata for net/minecraft/server/level/ServerChunkCache to metadata cache
[08Sep2026 17:02:26.729] [main/TRACE] [mixin/]: Added class metadata for net/minecraft/server/players/PlayerList to metadata cache
[08Sep2026 17:02:26.732] [main/TRACE] [mixin/]: Added class metadata for net/minecraft/world/level/chunk/LevelChunk to metadata cache
[08Sep2026 17:02:26.732] [main/TRACE] [mixin/]: Added class metadata for net/minecraft/world/level/BlockAndTintGetter to metadata cache
[08Sep2026 17:02:26.733] [main/TRACE] [mixin/]: Added class metadata for net/minecraft/world/ticks/LevelChunkTicks to metadata cache
[08Sep2026 17:02:26.735] [main/TRACE] [mixin/]: Added class metadata for net/minecraft/world/level/block/NetherPortalBlock to metadata cache
[08Sep2026 17:02:26.735] [main/DEBUG] [net.neoforged.accesstransformer.AccessTransformer/AXFORM]: Transforming net.minecraft.world.level.biome.Biome INNERCLASS ClimateSettings to access PUBLIC and LEAVE
[08Sep2026 17:02:26.738] [main/TRACE] [mixin/]: Added class metadata for net/minecraft/world/level/biome/Biome to metadata cache
[08Sep2026 17:02:26.739] [main/DEBUG] [net.neoforged.accesstransformer.AccessTransformer/AXFORM]: Transforming net.minecraft.world.item.Item FIELD components to access PRIVATE and REMOVEFINAL
[08Sep2026 17:02:26.739] [main/DEBUG] [net.neoforged.accesstransformer.AccessTransformer/AXFORM]: Transforming net.minecraft.world.item.Item METHOD getPlayerPOVHitResult(Lnet/minecraft/world/level/Level;Lnet/minecraft/world/entity/player/Player;Lnet/minecraft/world/level/ClipContext$Fluid;)Lnet/minecraft/world/phys/BlockHitResult; to access PUBLIC and LEAVE
[08Sep2026 17:02:26.740] [main/TRACE] [mixin/]: Added class metadata for net/minecraft/world/item/Item to metadata cache
[08Sep2026 17:02:26.741] [main/TRACE] [mixin/]: Added class metadata for net/minecraft/world/level/gameevent/EuclideanGameEventListenerRegistry to metadata cache
[08Sep2026 17:02:26.741] [main/TRACE] [mixin/]: Added class metadata for net/minecraft/world/level/gameevent/GameEventDispatcher to metadata cache
[08Sep2026 17:02:26.742] [main/TRACE] [mixin/]: Added class metadata for net/minecraft/world/level/gameevent/vibrations/VibrationSystem$Listener to metadata cache
[08Sep2026 17:02:26.742] [main/TRACE] [mixin/]: Added class metadata for net/minecraft/world/level/gameevent/vibrations/VibrationSystem$Ticker to metadata cache
[08Sep2026 17:02:26.743] [main/TRACE] [mixin/]: Added class metadata for net/minecraft/world/level/block/entity/SignBlockEntity to metadata cache
[08Sep2026 17:02:26.744] [main/DEBUG] [net.neoforged.accesstransformer.AccessTransformer/AXFORM]: Transforming net.minecraft.network.Connection FIELD channel to access PUBLIC and LEAVE
[08Sep2026 17:02:26.747] [main/TRACE] [mixin/]: Added class metadata for net/minecraft/network/Connection to metadata cache
[08Sep2026 17:02:26.748] [main/TRACE] [mixin/]: Added class metadata for net/minecraft/server/network/ServerConnectionListener to metadata cache
[08Sep2026 17:02:26.748] [main/TRACE] [mixin/]: Added class metadata for net/minecraft/world/phys/shapes/BitSetDiscreteVoxelShape to metadata cache
[08Sep2026 17:02:26.749] [main/TRACE] [mixin/]: Added class metadata for net/minecraft/world/phys/shapes/DiscreteVoxelShape to metadata cache
[08Sep2026 17:02:26.750] [main/TRACE] [mixin/]: Added class metadata for net/minecraft/world/phys/shapes/VoxelShape to metadata cache
[08Sep2026 17:02:26.751] [main/TRACE] [mixin/]: Added class metadata for net/minecraft/world/level/material/WaterFluid to metadata cache
[08Sep2026 17:02:26.752] [main/TRACE] [mixin/]: Added class metadata for net/minecraft/world/level/border/WorldBorder to metadata cache
[08Sep2026 17:02:26.752] [main/DEBUG] [mixin/]: Preparing sable-neoforge.mixins.json (159)
[08Sep2026 17:02:26.803] [main/TRACE] [mixin/]: Added class metadata for com/simibubi/create/content/kinetics/fan/AirCurrent to metadata cache
[08Sep2026 17:02:26.804] [main/TRACE] [mixin/]: Added class metadata for com/simibubi/create/content/kinetics/fan/processing/FanProcessingType to metadata cache
[08Sep2026 17:02:26.806] [main/TRACE] [mixin/]: Added class metadata for com/simibubi/create/content/processing/basin/BasinBlockEntity to metadata cache
[08Sep2026 17:02:26.807] [main/TRACE] [mixin/]: Added class metadata for com/simibubi/create/content/processing/basin/BasinOperatingBlockEntity to metadata cache
[08Sep2026 17:02:26.807] [main/TRACE] [mixin/]: Added class metadata for com/simibubi/create/foundation/blockEntity/behaviour/BlockEntityBehaviour to metadata cache
[08Sep2026 17:02:26.808] [main/TRACE] [mixin/]: Added class metadata for com/simibubi/create/content/kinetics/base/BlockBreakingMovementBehaviour to metadata cache
[08Sep2026 17:02:26.808] [main/DEBUG] [net.neoforged.fml.common.asm.RuntimeDistCleaner/DISTXFORM]: Removing method: com/simibubi/create/content/kinetics/saw/SawMovementBehaviour.renderInContraption(Lcom/simibubi/create/content/contraptions/behaviour/MovementContext;Lcom/simibubi/create/foundation/virtualWorld/VirtualRenderWorld;Lcom/simibubi/create/content/contraptions/render/ContraptionMatrices;Lnet/minecraft/client/renderer/MultiBufferSource;)V
[08Sep2026 17:02:26.809] [main/TRACE] [mixin/]: Added class metadata for com/simibubi/create/content/kinetics/saw/SawMovementBehaviour to metadata cache
[08Sep2026 17:02:26.809] [main/TRACE] [mixin/]: Added class metadata for com/simibubi/create/content/contraptions/actors/harvester/HarvesterMovementBehaviour to metadata cache
[08Sep2026 17:02:26.810] [main/TRACE] [mixin/]: Added class metadata for com/simibubi/create/content/contraptions/actors/harvester/HarvesterBlockEntity to metadata cache
[08Sep2026 17:02:26.810] [main/TRACE] [mixin/]: Added class metadata for com/simibubi/create/content/contraptions/actors/harvester/HarvesterBlock to metadata cache
[08Sep2026 17:02:26.812] [main/TRACE] [mixin/]: Added class metadata for com/simibubi/create/content/kinetics/belt/BeltBlockEntity to metadata cache
[08Sep2026 17:02:26.814] [main/TRACE] [mixin/]: Added class metadata for com/simibubi/create/content/kinetics/belt/BeltBlock to metadata cache
[08Sep2026 17:02:26.815] [main/TRACE] [mixin/]: Added class metadata for com/simibubi/create/content/kinetics/belt/transport/BeltMovementHandler to metadata cache
[08Sep2026 17:02:26.815] [main/TRACE] [mixin/]: Added class metadata for com/simibubi/create/foundation/block/BigOutlines to metadata cache
[08Sep2026 17:02:26.815] [main/TRACE] [mixin/]: Added class metadata for com/simibubi/create/content/kinetics/saw/SawBlock to metadata cache
[08Sep2026 17:02:26.816] [main/TRACE] [mixin/]: Added class metadata for com/simibubi/create/content/kinetics/drill/DrillBlock to metadata cache
[08Sep2026 17:02:26.816] [main/TRACE] [mixin/]: Added class metadata for com/simibubi/create/content/kinetics/base/BlockBreakingKineticBlockEntity to metadata cache
[08Sep2026 17:02:26.818] [main/DEBUG] [net.neoforged.fml.common.asm.RuntimeDistCleaner/DISTXFORM]: Removing method: com/simibubi/create/content/equipment/blueprint/BlueprintEntity.lerpTo(DDDFFI)V
[08Sep2026 17:02:26.819] [main/TRACE] [mixin/]: Added class metadata for com/simibubi/create/content/equipment/blueprint/BlueprintEntity to metadata cache
[08Sep2026 17:02:26.821] [main/TRACE] [mixin/]: Added class metadata for com/simibubi/create/content/kinetics/chainConveyor/ChainConveyorBlockEntity to metadata cache
[08Sep2026 17:02:26.822] [main/TRACE] [mixin/]: Added class metadata for com/simibubi/create/content/kinetics/chainConveyor/ChainConveyorBlock to metadata cache
[08Sep2026 17:02:26.823] [main/DEBUG] [net.neoforged.fml.common.asm.RuntimeDistCleaner/DISTXFORM]: Removing method: com/simibubi/create/content/contraptions/AbstractContraptionEntity.handleStallPacket(Lcom/simibubi/create/content/contraptions/ContraptionStallPacket;)V
[08Sep2026 17:02:26.823] [main/DEBUG] [net.neoforged.fml.common.asm.RuntimeDistCleaner/DISTXFORM]: Removing method: com/simibubi/create/content/contraptions/AbstractContraptionEntity.handleBlockChangedPacket(Lcom/simibubi/create/content/contraptions/ContraptionBlockChangedPacket;)V
[08Sep2026 17:02:26.823] [main/DEBUG] [net.neoforged.fml.common.asm.RuntimeDistCleaner/DISTXFORM]: Removing method: com/simibubi/create/content/contraptions/AbstractContraptionEntity.handleDisassemblyPacket(Lcom/simibubi/create/content/contraptions/ContraptionDisassemblyPacket;)V
[08Sep2026 17:02:26.823] [main/DEBUG] [net.neoforged.fml.common.asm.RuntimeDistCleaner/DISTXFORM]: Removing method: com/simibubi/create/content/contraptions/AbstractContraptionEntity.handleBlockChange(Lnet/minecraft/core/BlockPos;Lnet/minecraft/world/level/block/state/BlockState;)V
[08Sep2026 17:02:26.823] [main/DEBUG] [net.neoforged.fml.common.asm.RuntimeDistCleaner/DISTXFORM]: Removing method: com/simibubi/create/content/contraptions/AbstractContraptionEntity.applyLocalTransforms(Lcom/mojang/blaze3d/vertex/PoseStack;F)V
[08Sep2026 17:02:26.824] [main/TRACE] [mixin/]: Added class metadata for com/simibubi/create/content/contraptions/AbstractContraptionEntity to metadata cache
[08Sep2026 17:02:26.825] [main/TRACE] [mixin/]: Added class metadata for com/simibubi/create/foundation/collision/Matrix3d to metadata cache
[08Sep2026 17:02:26.826] [main/TRACE] [mixin/]: Added class metadata for com/simibubi/create/content/kinetics/crusher/CrushingWheelBlock to metadata cache
[08Sep2026 17:02:26.826] [main/DEBUG] [net.neoforged.fml.common.asm.RuntimeDistCleaner/DISTXFORM]: Removing method: com/simibubi/create/content/kinetics/crusher/CrushingWheelControllerBlockEntity.tickAudio()V
[08Sep2026 17:02:26.828] [main/TRACE] [mixin/]: Added class metadata for com/simibubi/create/content/kinetics/crusher/CrushingWheelControllerBlockEntity to metadata cache
[08Sep2026 17:02:26.829] [main/DEBUG] [net.neoforged.fml.common.asm.RuntimeDistCleaner/DISTXFORM]: Removing method: com/simibubi/create/content/kinetics/deployer/DeployerBlockEntity.getHandPose()Ldev/engine_room/flywheel/lib/model/baked/PartialModel;
[08Sep2026 17:02:26.829] [main/DEBUG] [net.neoforged.fml.common.asm.RuntimeDistCleaner/DISTXFORM]: Removing method: com/simibubi/create/content/kinetics/deployer/DeployerBlockEntity.getHandOffset(F)F
[08Sep2026 17:02:26.831] [main/TRACE] [mixin/]: Added class metadata for com/simibubi/create/content/kinetics/deployer/DeployerBlockEntity to metadata cache
[08Sep2026 17:02:26.831] [main/DEBUG] [net.neoforged.fml.common.asm.RuntimeDistCleaner/DISTXFORM]: Removing method: com/simibubi/create/content/redstone/displayLink/ClickToLinkBlockItem.clientTick()V
[08Sep2026 17:02:26.831] [main/DEBUG] [net.neoforged.fml.common.asm.RuntimeDistCleaner/DISTXFORM]: Removing method: com/simibubi/create/content/redstone/displayLink/ClickToLinkBlockItem.getSelectionBounds(Lnet/minecraft/core/BlockPos;)Lnet/minecraft/world/phys/AABB;
[08Sep2026 17:02:26.832] [main/TRACE] [mixin/]: Added class metadata for com/simibubi/create/content/redstone/displayLink/ClickToLinkBlockItem to metadata cache
[08Sep2026 17:02:26.833] [main/TRACE] [mixin/]: Added class metadata for com/simibubi/create/content/redstone/displayLink/DisplayLinkBlockEntity to metadata cache
[08Sep2026 17:02:26.833] [main/DEBUG] [net.neoforged.fml.common.asm.RuntimeDistCleaner/DISTXFORM]: Removing method: com/simibubi/create/content/redstone/displayLink/DisplayLinkBlock.displayScreen(Lcom/simibubi/create/content/redstone/displayLink/DisplayLinkBlockEntity;Lnet/minecraft/world/entity/player/Player;)V
[08Sep2026 17:02:26.834] [main/TRACE] [mixin/]: Added class metadata for com/simibubi/create/content/redstone/displayLink/DisplayLinkBlock to metadata cache
[08Sep2026 17:02:26.835] [main/DEBUG] [net.neoforged.fml.common.asm.RuntimeDistCleaner/DISTXFORM]: Removing method: com/simibubi/create/content/logistics/depot/EjectorBlockEntity.getRenderBoundingBox()Lnet/minecraft/world/phys/AABB;
[08Sep2026 17:02:26.837] [main/TRACE] [mixin/]: Added class metadata for com/simibubi/create/content/logistics/depot/EjectorBlockEntity to metadata cache
[08Sep2026 17:02:26.838] [main/TRACE] [mixin/]: Added class metadata for com/simibubi/create/content/logistics/depot/EjectorBlock to metadata cache
[08Sep2026 17:02:26.839] [main/DEBUG] [net.neoforged.fml.common.asm.RuntimeDistCleaner/DISTXFORM]: Removing method: com/simibubi/create/content/contraptions/elevator/ElevatorControlsHandler.onScroll(D)Z
[08Sep2026 17:02:26.839] [main/TRACE] [mixin/]: Added class metadata for com/simibubi/create/content/contraptions/elevator/ElevatorControlsHandler to metadata cache
[08Sep2026 17:02:26.840] [main/TRACE] [mixin/]: Added class metadata for com/simibubi/create/content/processing/basin/BasinBlock to metadata cache
[08Sep2026 17:02:26.840] [main/TRACE] [mixin/]: Added class metadata for com/simibubi/create/content/kinetics/millstone/MillstoneBlock to metadata cache
[08Sep2026 17:02:26.841] [main/TRACE] [mixin/]: Added class metadata for com/simibubi/create/content/contraptions/actors/seat/SeatBlock to metadata cache
[08Sep2026 17:02:26.842] [main/TRACE] [mixin/]: Added class metadata for com/simibubi/create/content/logistics/factoryBoard/FactoryPanelConnectionHandler to metadata cache
[08Sep2026 17:02:26.842] [main/TRACE] [mixin/]: Added class metadata for com/simibubi/create/content/kinetics/fan/EncasedFanBlockEntity to metadata cache
[08Sep2026 17:02:26.843] [main/TRACE] [mixin/]: Added class metadata for com/simibubi/create/content/fluids/OpenEndedPipe to metadata cache
[08Sep2026 17:02:26.843] [main/TRACE] [mixin/]: Added class metadata for com/simibubi/create/content/kinetics/chainConveyor/ChainConveyorShape to metadata cache
[08Sep2026 17:02:26.843] [main/TRACE] [mixin/]: Added class metadata for com/simibubi/create/content/kinetics/chainConveyor/ChainPackageInteractionHandler to metadata cache
[08Sep2026 17:02:26.843] [main/TRACE] [mixin/]: Added class metadata for com/simibubi/create/content/kinetics/chainConveyor/ChainPackageInteractionPacket to metadata cache
[08Sep2026 17:02:26.845] [main/TRACE] [mixin/]: Added class metadata for com/simibubi/create/content/logistics/packagePort/frogport/FrogportBlockEntity to metadata cache
[08Sep2026 17:02:26.845] [main/TRACE] [mixin/]: Added class metadata for com/simibubi/create/content/logistics/packagePort/frogport/FrogportBlock to metadata cache
[08Sep2026 17:02:26.847] [main/TRACE] [mixin/]: Added class metadata for com/simibubi/create/content/logistics/packagePort/PackagePortPlacementPacket to metadata cache
[08Sep2026 17:02:26.848] [main/TRACE] [mixin/]: Added class metadata for com/simibubi/create/content/logistics/packagePort/PackagePortTarget$ChainConveyorFrogportTarget to metadata cache
[08Sep2026 17:02:26.848] [main/TRACE] [mixin/]: Added class metadata for com/simibubi/create/content/logistics/packagePort/PackagePortTargetSelectionHandler to metadata cache
[08Sep2026 17:02:26.849] [main/TRACE] [mixin/]: Added class metadata for com/simibubi/create/content/logistics/funnel/FunnelBlock to metadata cache
[08Sep2026 17:02:26.849] [main/TRACE] [mixin/]: Added class metadata for com/simibubi/create/content/fluids/hosePulley/HosePulleyBlockEntity to metadata cache
[08Sep2026 17:02:26.850] [main/TRACE] [mixin/]: Added class metadata for com/simibubi/create/content/fluids/hosePulley/HosePulleyFluidHandler to metadata cache
[08Sep2026 17:02:26.851] [main/TRACE] [mixin/]: Added class metadata for com/simibubi/create/content/equipment/bell/AbstractBellBlock to metadata cache
[08Sep2026 17:02:26.851] [main/TRACE] [mixin/]: Added class metadata for com/simibubi/create/foundation/blockEntity/behaviour/inventory/CapManipulationBehaviourBase to metadata cache
[08Sep2026 17:02:26.853] [main/TRACE] [mixin/]: Added class metadata for com/simibubi/create/content/logistics/chute/ChuteBlockEntity to metadata cache
[08Sep2026 17:02:26.854] [main/DEBUG] [net.neoforged.fml.common.asm.RuntimeDistCleaner/DISTXFORM]: Removing method: com/simibubi/create/content/redstone/link/controller/LecternControllerBlockEntity.tryToggleActive()V
[08Sep2026 17:02:26.854] [main/TRACE] [mixin/]: Added class metadata for com/simibubi/create/content/redstone/link/controller/LecternControllerBlockEntity to metadata cache
[08Sep2026 17:02:26.855] [main/TRACE] [mixin/]: Added class metadata for com/simibubi/create/content/redstone/link/controller/LecternControllerBlock to metadata cache
[08Sep2026 17:02:26.857] [main/TRACE] [mixin/]: Added class metadata for com/simibubi/create/content/kinetics/mechanicalArm/ArmBlockEntity to metadata cache
[08Sep2026 17:02:26.858] [main/TRACE] [mixin/]: Added class metadata for com/simibubi/create/content/kinetics/mechanicalArm/ArmInteractionPointHandler to metadata cache
[08Sep2026 17:02:26.864] [main/TRACE] [mixin/]: Added class metadata for com/simibubi/create/content/kinetics/fan/NozzleBlockEntity to metadata cache
[08Sep2026 17:02:26.866] [main/TRACE] [mixin/]: Added class metadata for com/simibubi/create/foundation/utility/RaycastHelper to metadata cache
[08Sep2026 17:02:26.869] [main/TRACE] [mixin/]: Added class metadata for com/simibubi/create/AllBlockEntityTypes to metadata cache
[08Sep2026 17:02:26.870] [main/TRACE] [mixin/]: Added class metadata for com/simibubi/create/content/redstone/contact/RedstoneContactBlock to metadata cache
[08Sep2026 17:02:26.870] [main/TRACE] [mixin/]: Added class metadata for com/simibubi/create/content/redstone/link/RedstoneLinkNetworkHandler to metadata cache
[08Sep2026 17:02:26.871] [main/TRACE] [mixin/]: Added class metadata for com/simibubi/create/content/contraptions/bearing/SailBlock to metadata cache
[08Sep2026 17:02:26.872] [main/DEBUG] [net.neoforged.fml.common.asm.RuntimeDistCleaner/DISTXFORM]: Removing method: com/simibubi/create/content/kinetics/saw/SawBlockEntity.tickAudio()V
[08Sep2026 17:02:26.873] [main/TRACE] [mixin/]: Added class metadata for com/simibubi/create/content/kinetics/saw/SawBlockEntity to metadata cache
[08Sep2026 17:02:26.873] [main/TRACE] [mixin/]: Added class metadata for com/simibubi/create/content/schematics/client/tools/DeployTool to metadata cache
[08Sep2026 17:02:26.874] [main/TRACE] [mixin/]: Added class metadata for com/simibubi/create/content/schematics/client/SchematicAndQuillHandler to metadata cache
[08Sep2026 17:02:26.875] [main/TRACE] [mixin/]: Added class metadata for com/simibubi/create/content/schematics/SchematicExport to metadata cache
[08Sep2026 17:02:26.875] [main/TRACE] [mixin/]: Added class metadata for net/createmod/catnip/levelWrappers/SchematicLevel to metadata cache
[08Sep2026 17:02:26.876] [main/TRACE] [mixin/]: Added class metadata for com/simibubi/create/content/schematics/packet/SchematicPlacePacket to metadata cache
[08Sep2026 17:02:26.877] [main/TRACE] [mixin/]: Added class metadata for com/simibubi/create/content/schematics/SchematicPrinter to metadata cache
[08Sep2026 17:02:26.878] [main/TRACE] [mixin/]: Added class metadata for com/simibubi/create/content/schematics/client/tools/SchematicToolBase to metadata cache
[08Sep2026 17:02:26.887] [main/TRACE] [mixin/]: Added class metadata for net/minecraft/world/level/levelgen/structure/templatesystem/StructureTemplate to metadata cache
[08Sep2026 17:02:26.893] [main/TRACE] [mixin/]: Added class metadata for com/simibubi/create/content/contraptions/Contraption to metadata cache
[08Sep2026 17:02:26.893] [main/DEBUG] [net.neoforged.fml.common.asm.RuntimeDistCleaner/DISTXFORM]: Removing method: com/simibubi/create/content/contraptions/chassis/StickerBlockEntity.playSound(Z)V
[08Sep2026 17:02:26.893] [main/TRACE] [mixin/]: Added class metadata for com/simibubi/create/content/contraptions/chassis/StickerBlockEntity to metadata cache
[08Sep2026 17:02:26.894] [main/TRACE] [mixin/]: Added class metadata for com/simibubi/create/content/contraptions/chassis/StickerBlock to metadata cache
[08Sep2026 17:02:26.895] [main/TRACE] [mixin/]: Added class metadata for com/simibubi/create/content/logistics/stockTicker/StockTickerInteractionHandler to metadata cache
[08Sep2026 17:02:26.896] [main/TRACE] [mixin/]: Added class metadata for com/simibubi/create/content/contraptions/glue/SuperGlueEntity to metadata cache
[08Sep2026 17:02:26.897] [main/TRACE] [mixin/]: Added class metadata for com/simibubi/create/content/contraptions/glue/SuperGlueRemovalPacket to metadata cache
[08Sep2026 17:02:26.897] [main/TRACE] [mixin/]: Added class metadata for com/simibubi/create/content/contraptions/glue/SuperGlueSelectionHandler to metadata cache
[08Sep2026 17:02:26.898] [main/TRACE] [mixin/]: Added class metadata for com/simibubi/create/content/equipment/toolbox/ToolboxHandlerClient to metadata cache
[08Sep2026 17:02:26.898] [main/TRACE] [mixin/]: Added class metadata for com/simibubi/create/content/equipment/toolbox/ToolboxHandler to metadata cache
[08Sep2026 17:02:26.899] [main/TRACE] [mixin/]: Added class metadata for com/simibubi/create/content/trains/track/CurvedTrackDestroyPacket to metadata cache
[08Sep2026 17:02:26.899] [main/DEBUG] [net.neoforged.fml.common.asm.RuntimeDistCleaner/DISTXFORM]: Removing method: com/simibubi/create/content/trains/track/TrackBlockItem.sendExtenderPacket(Lnet/neoforged/neoforge/event/entity/player/PlayerInteractEvent$RightClickBlock;)V
[08Sep2026 17:02:26.900] [main/TRACE] [mixin/]: Added class metadata for com/simibubi/create/content/trains/track/TrackBlockItem to metadata cache
[08Sep2026 17:02:26.900] [main/DEBUG] [net.neoforged.fml.common.asm.RuntimeDistCleaner/DISTXFORM]: Removing method: com/simibubi/create/content/trains/track/TrackTargetingBlockItem.useOnCurve(Lcom/simibubi/create/content/trains/track/TrackBlockOutline$BezierPointSelection;Lnet/minecraft/world/item/ItemStack;)Z
[08Sep2026 17:02:26.901] [main/TRACE] [mixin/]: Added class metadata for com/simibubi/create/content/trains/track/TrackTargetingBlockItem to metadata cache
[08Sep2026 17:02:26.902] [main/DEBUG] [net.neoforged.fml.common.asm.RuntimeDistCleaner/DISTXFORM]: Removing method: com/simibubi/create/content/trains/track/TrackBlock.prepareAssemblyOverlay(Lnet/minecraft/world/level/BlockGetter;Lnet/minecraft/core/BlockPos;Lnet/minecraft/world/level/block/state/BlockState;Lnet/minecraft/core/Direction;Lcom/mojang/blaze3d/vertex/PoseStack;)Ldev/engine_room/flywheel/lib/model/baked/PartialModel;
[08Sep2026 17:02:26.902] [main/DEBUG] [net.neoforged.fml.common.asm.RuntimeDistCleaner/DISTXFORM]: Removing method: com/simibubi/create/content/trains/track/TrackBlock.prepareTrackOverlay(Ldev/engine_room/flywheel/lib/transform/Affine;Lnet/minecraft/world/level/BlockGetter;Lnet/minecraft/core/BlockPos;Lnet/minecraft/world/level/block/state/BlockState;Lcom/simibubi/create/content/trains/track/BezierTrackPointLocation;Lnet/minecraft/core/Direction$AxisDirection;Lcom/simibubi/create/content/trains/track/TrackTargetingBehaviour$RenderedTrackOverlayType;)Ldev/engine_room/flywheel/lib/model/baked/PartialModel;
[08Sep2026 17:02:26.906] [main/TRACE] [mixin/]: Added class metadata for com/simibubi/create/content/trains/track/TrackBlock to metadata cache
[08Sep2026 17:02:26.907] [main/TRACE] [mixin/]: Added class metadata for com/simibubi/create/content/trains/graph/TrackGraphVisualizer to metadata cache
[08Sep2026 17:02:26.908] [main/DEBUG] [net.neoforged.fml.common.asm.RuntimeDistCleaner/DISTXFORM]: Removing method: com/simibubi/create/content/trains/track/TrackPlacement.clientTick()V
[08Sep2026 17:02:26.908] [main/DEBUG] [net.neoforged.fml.common.asm.RuntimeDistCleaner/DISTXFORM]: Removing method: com/simibubi/create/content/trains/track/TrackPlacement.line(ILnet/minecraft/world/phys/Vec3;Lnet/minecraft/world/phys/Vec3;Lnet/minecraft/world/phys/Vec3;)V
[08Sep2026 17:02:26.911] [main/TRACE] [mixin/]: Added class metadata for com/simibubi/create/content/trains/track/TrackPlacement to metadata cache
[08Sep2026 17:02:26.912] [main/TRACE] [mixin/]: Added class metadata for com/simibubi/create/content/kinetics/turntable/TurntableBlock to metadata cache
[08Sep2026 17:02:26.912] [main/TRACE] [mixin/]: Added class metadata for com/simibubi/create/content/kinetics/gearbox/VerticalGearboxItem to metadata cache
[08Sep2026 17:02:26.913] [main/DEBUG] [net.neoforged.fml.common.asm.RuntimeDistCleaner/DISTXFORM]: Removing method: com/simibubi/create/content/equipment/zapper/ZapperItem.appendHoverText(Lnet/minecraft/world/item/ItemStack;Lnet/minecraft/world/item/Item$TooltipContext;Ljava/util/List;Lnet/minecraft/world/item/TooltipFlag;)V
[08Sep2026 17:02:26.913] [main/DEBUG] [net.neoforged.fml.common.asm.RuntimeDistCleaner/DISTXFORM]: Removing method: com/simibubi/create/content/equipment/zapper/ZapperItem.openHandgunGUI(Lnet/minecraft/world/item/ItemStack;Lnet/minecraft/world/InteractionHand;)V
[08Sep2026 17:02:26.913] [main/TRACE] [mixin/]: Added class metadata for com/simibubi/create/content/equipment/zapper/ZapperItem to metadata cache
[08Sep2026 17:02:26.913] [main/DEBUG] [mixin/]: Preparing journeymap.mixins.json (24)
[08Sep2026 17:02:26.914] [main/DEBUG] [mixin/]: Preparing journeymap.neoforge.mixins.json (2)
[08Sep2026 17:02:26.914] [main/DEBUG] [mixin/]: Preparing neoforge.mixins.json (2)
[08Sep2026 17:02:26.915] [main/DEBUG] [net.neoforged.accesstransformer.AccessTransformer/AXFORM]: Transforming net.minecraft.world.level.block.entity.BlockEntityType INNERCLASS BlockEntitySupplier to access PUBLIC and LEAVE
[08Sep2026 17:02:26.916] [main/TRACE] [mixin/]: Added class metadata for net/minecraft/world/level/block/entity/BlockEntityType to metadata cache
[08Sep2026 17:02:26.916] [main/DEBUG] [mixin/]: Preparing badpackets.mixins.json (12)
[08Sep2026 17:02:26.919] [main/TRACE] [mixin/]: Added class metadata for net/minecraft/network/protocol/common/ClientboundCustomPayloadPacket to metadata cache
[08Sep2026 17:02:26.919] [main/TRACE] [mixin/]: Added class metadata for net/minecraft/network/protocol/common/custom/CustomPacketPayload$1 to metadata cache
[08Sep2026 17:02:26.919] [main/TRACE] [mixin/]: Added class metadata for net/minecraft/network/protocol/common/ServerboundCustomPayloadPacket to metadata cache
[08Sep2026 17:02:26.920] [main/DEBUG] [net.neoforged.accesstransformer.AccessTransformer/AXFORM]: Transforming net.minecraft.server.network.ServerCommonPacketListenerImpl FIELD connection to access PUBLIC and LEAVE
[08Sep2026 17:02:26.921] [main/TRACE] [mixin/]: Added class metadata for net/minecraft/server/network/ServerCommonPacketListenerImpl to metadata cache
[08Sep2026 17:02:26.922] [main/DEBUG] [net.neoforged.accesstransformer.AccessTransformer/AXFORM]: Transforming net.minecraft.server.network.ServerConfigurationPacketListenerImpl METHOD finishCurrentTask(Lnet/minecraft/server/network/ConfigurationTask$Type;)V to access PUBLIC and LEAVE
[08Sep2026 17:02:26.922] [main/TRACE] [mixin/]: Added class metadata for net/minecraft/server/network/ServerConfigurationPacketListenerImpl to metadata cache
[08Sep2026 17:02:26.922] [main/DEBUG] [mixin/]: Preparing veil.command.mixins.json (1)
[08Sep2026 17:02:26.922] [main/DEBUG] [mixin/]: Preparing veil.debug.mixins.json (15)
[08Sep2026 17:02:26.927] [main/TRACE] [mixin/]: Added class metadata for net/minecraft/server/packs/resources/SimpleReloadInstance to metadata cache
[08Sep2026 17:02:26.927] [main/DEBUG] [mixin/]: Preparing veil.dynamicbuffer.mixins.json (2)
[08Sep2026 17:02:26.927] [main/DEBUG] [mixin/]: Preparing veil.fix.mixins.json (3)
[08Sep2026 17:02:26.935] [main/TRACE] [mixin/]: Added class metadata for org/joml/MemUtil$MemUtilUnsafe to metadata cache
[08Sep2026 17:02:26.936] [main/TRACE] [mixin/]: Added class metadata for org/joml/MemUtil to metadata cache
[08Sep2026 17:02:26.936] [main/DEBUG] [mixin/]: Preparing veil.framebuffer.mixins.json (1)
[08Sep2026 17:02:26.936] [main/DEBUG] [mixin/]: Preparing veil.necromancer.mixins.json (2)
[08Sep2026 17:02:26.936] [main/DEBUG] [mixin/]: Preparing veil.network.mixins.json (3)
[08Sep2026 17:02:26.936] [main/DEBUG] [mixin/]: Preparing veil.performance.mixins.json (4)
[08Sep2026 17:02:26.936] [main/DEBUG] [mixin/]: Preparing veil.perspective.mixins.json (3)
[08Sep2026 17:02:26.936] [main/DEBUG] [mixin/]: Preparing veil.pipeline.mixins.json (19)
[08Sep2026 17:02:26.936] [main/DEBUG] [mixin/]: Preparing veil.quasar.mixins.json (2)
[08Sep2026 17:02:26.936] [main/DEBUG] [mixin/]: Preparing veil.registry.mixins.json (1)
[08Sep2026 17:02:26.938] [main/TRACE] [mixin/]: Added class metadata for net/minecraft/resources/RegistryDataLoader$RegistryData to metadata cache
[08Sep2026 17:02:26.938] [main/DEBUG] [mixin/]: Preparing veil.rendertype.mixins.json (6)
[08Sep2026 17:02:26.938] [main/DEBUG] [mixin/]: Preparing veil.resource.mixins.json (6)
[08Sep2026 17:02:26.939] [main/TRACE] [mixin/]: Added class metadata for net/minecraft/server/packs/VanillaPackResources to metadata cache
[08Sep2026 17:02:26.939] [main/DEBUG] [mixin/]: Preparing veil.scheduler.mixins.json (1)
[08Sep2026 17:02:26.939] [main/DEBUG] [mixin/]: Preparing veil.shader.mixins.json (4)
[08Sep2026 17:02:26.939] [main/DEBUG] [mixin/]: Preparing veil.shader_recompile.mixins.json (3)
[08Sep2026 17:02:26.939] [main/DEBUG] [mixin/]: Preparing veil.neoforge.mixins.json (34)
[08Sep2026 17:02:26.941] [main/TRACE] [mixin/]: Added class metadata for net/neoforged/neoforge/registries/DeferredRegister to metadata cache
[08Sep2026 17:02:26.941] [main/TRACE] [mixin/]: Added class metadata for net/minecraft/core/registries/Registries to metadata cache
[08Sep2026 17:02:26.942] [main/TRACE] [mixin/]: Added class metadata for net/minecraft/server/packs/PathPackResources to metadata cache
[08Sep2026 17:02:26.942] [main/DEBUG] [mixin/]: Preparing musketmod.mixins.json (11)
[08Sep2026 17:02:26.944] [main/DEBUG] [net.neoforged.accesstransformer.AccessTransformer/AXFORM]: Transforming net.minecraft.world.entity.monster.AbstractSkeleton METHOD getStepSound()Lnet/minecraft/sounds/SoundEvent; to access PROTECTED and LEAVE
[08Sep2026 17:02:26.945] [main/TRACE] [mixin/]: Added class metadata for net/minecraft/world/entity/monster/AbstractSkeleton to metadata cache
[08Sep2026 17:02:26.946] [main/TRACE] [mixin/]: Added class metadata for ewewukek/musketmod/GunItem to metadata cache
[08Sep2026 17:02:26.947] [main/TRACE] [mixin/]: Added class metadata for net/minecraft/world/entity/monster/Pillager to metadata cache
[08Sep2026 17:02:26.947] [main/DEBUG] [mixin/]: Preparing simulated.mixins.json (86)
[08Sep2026 17:02:26.956] [main/TRACE] [mixin/]: Added class metadata for net/minecraft/world/phys/AABB to metadata cache
[08Sep2026 17:02:26.957] [main/DEBUG] [net.neoforged.fml.common.asm.RuntimeDistCleaner/DISTXFORM]: Removing method: com/simibubi/create/content/contraptions/ControlledContraptionEntity.lerpTo(DDDFFI)V
[08Sep2026 17:02:26.957] [main/DEBUG] [net.neoforged.fml.common.asm.RuntimeDistCleaner/DISTXFORM]: Removing method: com/simibubi/create/content/contraptions/ControlledContraptionEntity.applyLocalTransforms(Lcom/mojang/blaze3d/vertex/PoseStack;F)V
[08Sep2026 17:02:26.958] [main/TRACE] [mixin/]: Added class metadata for com/simibubi/create/content/contraptions/ControlledContraptionEntity to metadata cache
[08Sep2026 17:02:26.958] [main/TRACE] [mixin/]: Added class metadata for com/simibubi/create/foundation/data/CreateBlockEntityBuilder to metadata cache
[08Sep2026 17:02:26.959] [main/TRACE] [mixin/]: Added class metadata for net/createmod/ponder/foundation/element/ParrotElementImpl to metadata cache
[08Sep2026 17:02:26.959] [main/TRACE] [mixin/]: Added class metadata for com/simibubi/create/content/redstone/link/RedstoneLinkBlockEntity to metadata cache
[08Sep2026 17:02:26.961] [main/TRACE] [mixin/]: Added class metadata for dev/ryanhcode/sable/sublevel/ServerSubLevel to metadata cache
[08Sep2026 17:02:26.961] [main/TRACE] [mixin/]: Added class metadata for com/simibubi/create/content/decoration/girder/GirderBlock to metadata cache
[08Sep2026 17:02:26.962] [main/TRACE] [mixin/]: Added class metadata for com/simibubi/create/content/contraptions/bearing/ClockworkBearingBlockEntity to metadata cache
[08Sep2026 17:02:26.963] [main/TRACE] [mixin/]: Added class metadata for com/simibubi/create/content/contraptions/elevator/ElevatorPulleyBlockEntity to metadata cache
[08Sep2026 17:02:26.964] [main/TRACE] [mixin/]: Added class metadata for com/simibubi/create/content/contraptions/piston/LinearActuatorBlockEntity to metadata cache
[08Sep2026 17:02:26.965] [main/TRACE] [mixin/]: Added class metadata for com/simibubi/create/content/contraptions/bearing/MechanicalBearingBlockEntity to metadata cache
[08Sep2026 17:02:26.966] [main/DEBUG] [net.neoforged.accesstransformer.AccessTransformer/AXFORM]: Transforming net.minecraft.world.item.CreativeModeTab INNERCLASS TabVisibility to access PUBLIC and LEAVE
[08Sep2026 17:02:26.967] [main/TRACE] [mixin/]: Added class metadata for net/minecraft/world/item/CreativeModeTab to metadata cache
[08Sep2026 17:02:26.967] [main/TRACE] [mixin/]: Added class metadata for com/simibubi/create/foundation/item/KineticStats to metadata cache
[08Sep2026 17:02:26.967] [main/TRACE] [mixin/]: Added class metadata for dev/ryanhcode/sable/sublevel/render/dispatcher/VanillaSubLevelRenderDispatcher to metadata cache
[08Sep2026 17:02:26.968] [main/DEBUG] [net.neoforged.fml.common.asm.RuntimeDistCleaner/DISTXFORM]: Removing method: com/simibubi/create/content/equipment/extendoGrip/ExtendoGripItem.dontMissEntitiesWhenYouHaveHighReachDistance(Lnet/neoforged/neoforge/client/event/InputEvent$InteractionKeyMappingTriggered;)V
[08Sep2026 17:02:26.968] [main/DEBUG] [net.neoforged.fml.common.asm.RuntimeDistCleaner/DISTXFORM]: Removing method: com/simibubi/create/content/equipment/extendoGrip/ExtendoGripItem.notifyServerOfLongRangeAttacks(Lnet/neoforged/neoforge/event/entity/player/AttackEntityEvent;)V
[08Sep2026 17:02:26.968] [main/DEBUG] [net.neoforged.fml.common.asm.RuntimeDistCleaner/DISTXFORM]: Removing method: com/simibubi/create/content/equipment/extendoGrip/ExtendoGripItem.notifyServerOfLongRangeInteractions(Lnet/neoforged/neoforge/event/entity/player/PlayerInteractEvent$EntityInteract;)V
[08Sep2026 17:02:26.968] [main/DEBUG] [net.neoforged.fml.common.asm.RuntimeDistCleaner/DISTXFORM]: Removing method: com/simibubi/create/content/equipment/extendoGrip/ExtendoGripItem.notifyServerOfLongRangeSpecificInteractions(Lnet/neoforged/neoforge/event/entity/player/PlayerInteractEvent$EntityInteractSpecific;)V
[08Sep2026 17:02:26.968] [main/DEBUG] [net.neoforged.fml.common.asm.RuntimeDistCleaner/DISTXFORM]: Removing method: com/simibubi/create/content/equipment/extendoGrip/ExtendoGripItem.initializeClient(Ljava/util/function/Consumer;)V
[08Sep2026 17:02:26.968] [main/DEBUG] [net.neoforged.fml.common.asm.RuntimeDistCleaner/DISTXFORM]: Removing lambda method: com/simibubi/create/content/equipment/extendoGrip/ExtendoGripItem.lambda$dontMissEntitiesWhenYouHaveHighReachDistance$2(Lnet/minecraft/world/entity/Entity;)Z
[08Sep2026 17:02:26.969] [main/TRACE] [mixin/]: Added class metadata for com/simibubi/create/content/equipment/extendoGrip/ExtendoGripItem to metadata cache
[08Sep2026 17:02:26.970] [main/TRACE] [mixin/]: Added class metadata for com/simibubi/create/content/kinetics/simpleRelays/encased/EncasedCogwheelBlock to metadata cache
[08Sep2026 17:02:26.970] [main/TRACE] [mixin/]: Added class metadata for com/simibubi/create/content/kinetics/base/GeneratingKineticBlockEntity to metadata cache
[08Sep2026 17:02:26.971] [main/DEBUG] [net.neoforged.fml.common.asm.RuntimeDistCleaner/DISTXFORM]: Removing method: com/simibubi/create/content/kinetics/base/KineticBlockEntity.tickAudio()V
[08Sep2026 17:02:26.972] [main/TRACE] [mixin/]: Added class metadata for com/simibubi/create/content/kinetics/base/KineticBlockEntity to metadata cache
[08Sep2026 17:02:26.972] [main/TRACE] [mixin/]: Added class metadata for com/simibubi/create/content/kinetics/base/KineticBlock to metadata cache
[08Sep2026 17:02:26.973] [main/TRACE] [mixin/]: Added class metadata for com/simibubi/create/content/kinetics/KineticNetwork to metadata cache
[08Sep2026 17:02:26.974] [main/TRACE] [mixin/]: Added class metadata for com/simibubi/create/content/kinetics/RotationPropagator to metadata cache
[08Sep2026 17:02:26.974] [main/TRACE] [mixin/]: Added class metadata for com/simibubi/create/content/kinetics/base/HorizontalKineticBlock to metadata cache
[08Sep2026 17:02:26.975] [main/TRACE] [mixin/]: Added class metadata for com/simibubi/create/content/kinetics/base/DirectionalAxisKineticBlock to metadata cache
[08Sep2026 17:02:26.975] [main/TRACE] [mixin/]: Added class metadata for com/simibubi/create/content/kinetics/base/DirectionalKineticBlock to metadata cache
[08Sep2026 17:02:26.975] [main/TRACE] [mixin/]: Added class metadata for com/simibubi/create/content/kinetics/base/HorizontalAxisKineticBlock to metadata cache
[08Sep2026 17:02:26.976] [main/TRACE] [mixin/]: Added class metadata for com/simibubi/create/content/kinetics/base/RotatedPillarKineticBlock to metadata cache
[08Sep2026 17:02:26.977] [main/TRACE] [mixin/]: Added class metadata for net/minecraft/world/item/ArmorStandItem to metadata cache
[08Sep2026 17:02:26.977] [main/DEBUG] [net.neoforged.fml.common.asm.RuntimeDistCleaner/DISTXFORM]: Removing method: com/simibubi/create/content/redstone/link/controller/LinkedControllerItem.toggleBindMode(Lnet/minecraft/core/BlockPos;)V
[08Sep2026 17:02:26.977] [main/DEBUG] [net.neoforged.fml.common.asm.RuntimeDistCleaner/DISTXFORM]: Removing method: com/simibubi/create/content/redstone/link/controller/LinkedControllerItem.toggleActive()V
[08Sep2026 17:02:26.977] [main/DEBUG] [net.neoforged.fml.common.asm.RuntimeDistCleaner/DISTXFORM]: Removing method: com/simibubi/create/content/redstone/link/controller/LinkedControllerItem.initializeClient(Ljava/util/function/Consumer;)V
[08Sep2026 17:02:26.978] [main/TRACE] [mixin/]: Added class metadata for com/simibubi/create/content/redstone/link/controller/LinkedControllerItem to metadata cache
[08Sep2026 17:02:26.978] [main/TRACE] [mixin/]: Added class metadata for net/minecraft/world/item/CompassItem to metadata cache
[08Sep2026 17:02:26.979] [main/TRACE] [mixin/]: Added class metadata for com/simibubi/create/content/redstone/nixieTube/NixieTubeBlock to metadata cache
[08Sep2026 17:02:26.980] [main/TRACE] [mixin/]: Added class metadata for com/simibubi/create/content/redstone/link/RedstoneLinkBlock to metadata cache
[08Sep2026 17:02:26.981] [main/TRACE] [mixin/]: Added class metadata for net/createmod/ponder/foundation/element/TextWindowElement to metadata cache
[08Sep2026 17:02:26.981] [main/TRACE] [mixin/]: Added class metadata for mezz/jei/library/plugins/vanilla/ingredients/ItemStackListFactory to metadata cache
[08Sep2026 17:02:26.982] [main/TRACE] [mixin/]: Added class metadata for net/minecraft/world/item/TooltipFlag$Default to metadata cache
[08Sep2026 17:02:26.982] [main/TRACE] [mixin/]: Added class metadata for net/minecraft/world/level/block/ComparatorBlock to metadata cache
[08Sep2026 17:02:26.984] [main/TRACE] [mixin/]: Added class metadata for net/minecraft/world/level/storage/PrimaryLevelData to metadata cache
[08Sep2026 17:02:26.984] [main/DEBUG] [mixin/]: Preparing simulated-neoforge.mixins.json (12)
[08Sep2026 17:02:26.985] [main/DEBUG] [net.neoforged.fml.common.asm.RuntimeDistCleaner/DISTXFORM]: Removing method: dev/simulated_team/simulated/neoforge/mixin/item_renderer/PhysicsStaffItemMixin.initializeClient(Ljava/util/function/Consumer;)V
[08Sep2026 17:02:26.985] [main/DEBUG] [net.neoforged.fml.common.asm.RuntimeDistCleaner/DISTXFORM]: Removing method: dev/simulated_team/simulated/neoforge/mixin/self_mixins/PlungerLauncherItemMixin.initializeClient(Ljava/util/function/Consumer;)V
[08Sep2026 17:02:26.986] [main/TRACE] [mixin/]: Added class metadata for dev/ryanhcode/sable/neoforge/mixinhelper/compatibility/create/harvester/HarvesterTicker to metadata cache
[08Sep2026 17:02:26.986] [main/TRACE] [mixin/]: Added class metadata for dev/simulated_team/simulated/content/physics_staff/PhysicsStaffItem to metadata cache
[08Sep2026 17:02:26.986] [main/TRACE] [mixin/]: Added class metadata for dev/simulated_team/simulated/multiloader/CommonRedstoneBlock to metadata cache
[08Sep2026 17:02:26.987] [main/DEBUG] [net.neoforged.fml.common.asm.RuntimeDistCleaner/DISTXFORM]: Removing method: dev/simulated_team/simulated/content/entities/diagram/DiagramEntity.lerpTo(DDDFFI)V
[08Sep2026 17:02:26.988] [main/TRACE] [mixin/]: Added class metadata for dev/simulated_team/simulated/content/entities/diagram/DiagramEntity to metadata cache
[08Sep2026 17:02:26.989] [main/TRACE] [mixin/]: Added class metadata for dev/simulated_team/simulated/content/entities/honey_glue/HoneyGlueEntity to metadata cache
[08Sep2026 17:02:26.990] [main/TRACE] [mixin/]: Added class metadata for dev/simulated_team/simulated/content/items/plunger_launcher/PlungerLauncherItem to metadata cache
[08Sep2026 17:02:26.990] [main/DEBUG] [mixin/]: Preparing computercraft.mixins.json (3)
[08Sep2026 17:02:26.993] [main/TRACE] [mixin/]: Added class metadata for net/minecraft/util/datafix/DataFixers to metadata cache
[08Sep2026 17:02:26.993] [main/DEBUG] [mixin/]: Preparing computercraft.forge.mixins.json (1)
[08Sep2026 17:02:26.994] [main/TRACE] [mixin/]: Added class metadata for net/minecraft/util/datafix/schemas/V3818_3 to metadata cache
[08Sep2026 17:02:26.994] [main/DEBUG] [mixin/]: Preparing computercraft-client.forge.mixins.json (2)
[08Sep2026 17:02:26.994] [main/DEBUG] [mixin/]: Preparing offroad.mixins.json (5)
[08Sep2026 17:02:26.996] [main/TRACE] [mixin/]: Added class metadata for com/simibubi/create/content/contraptions/MountedStorageManager to metadata cache
[08Sep2026 17:02:26.996] [main/TRACE] [mixin/]: Added class metadata for dev/ryanhcode/offroad/content/entities/BoreheadContraptionEntity to metadata cache
[08Sep2026 17:02:26.996] [main/DEBUG] [mixin/]: Preparing offroad.neoforge.mixins.json (1)
[08Sep2026 17:02:26.997] [main/TRACE] [mixin/]: Added class metadata for com/simibubi/create/api/contraption/storage/item/MountedItemStorage to metadata cache
[08Sep2026 17:02:26.997] [main/DEBUG] [mixin/]: Preparing mixinextras.init.mixins.json (0)
[08Sep2026 17:02:27.003] [main/TRACE] [mixin/]: Added class metadata for dev/ryanhcode/sable/api/SubLevelAssemblyHelper$AssemblyTransform to metadata cache
[08Sep2026 17:02:27.004] [main/TRACE] [mixin/]: Added class metadata for com/simibubi/create/foundation/blockEntity/SmartBlockEntity to metadata cache
[08Sep2026 17:02:27.004] [main/TRACE] [mixin/]: Added class metadata for net/minecraft/core/HolderLookup$Provider to metadata cache
[08Sep2026 17:02:27.006] [main/TRACE] [mixin/]: Added class metadata for dev/eriksonn/aeronautics/index/AeroTags$ItemTags to metadata cache
[08Sep2026 17:02:27.006] [main/TRACE] [mixin/]: Added class metadata for net/minecraft/core/component/DataComponentPatch$Builder to metadata cache
[08Sep2026 17:02:27.006] [main/TRACE] [mixin/]: Added class metadata for dev/eriksonn/aeronautics/index/AeroTags$BlockTags to metadata cache
[08Sep2026 17:02:27.009] [main/TRACE] [mixin/]: Added class metadata for java/lang/invoke/MethodHandles$Lookup to metadata cache
[08Sep2026 17:02:27.010] [main/TRACE] [mixin/]: Added class metadata for net/createmod/ponder/foundation/instruction/FadeIntoSceneInstruction to metadata cache
[08Sep2026 17:02:27.012] [main/TRACE] [mixin/]: Added class metadata for org/spongepowered/asm/mixin/injection/At$Shift to metadata cache
[08Sep2026 17:02:27.012] [main/TRACE] [mixin/]: Added class metadata for net/createmod/catnip/config/ConfigBase$ConfigInt to metadata cache
[08Sep2026 17:02:27.012] [main/TRACE] [mixin/]: Added class metadata for dev/ryanhcode/sable/api/block/BlockSubLevelLiftProvider$LiftProviderContext to metadata cache
[08Sep2026 17:02:27.013] [main/TRACE] [mixin/]: Added class metadata for net/minecraft/world/item/component/Tool$Rule to metadata cache
[08Sep2026 17:02:27.016] [main/TRACE] [mixin/]: Added class metadata for net/minecraft/world/level/block/entity/BeehiveBlockEntity$Occupant to metadata cache
[08Sep2026 17:02:27.017] [main/TRACE] [mixin/]: Added class metadata for net/minecraft/server/ReloadableServerRegistries$Holder to metadata cache
[08Sep2026 17:02:27.017] [main/TRACE] [mixin/]: Added class metadata for net/minecraft/core/RegistryAccess$Frozen to metadata cache
[08Sep2026 17:02:27.018] [main/TRACE] [mixin/CATCHING]: Catching
java.lang.ClassNotFoundException: net.minecraftforge.common.ForgeTier
	at cpw.mods.securejarhandler/cpw.mods.cl.ModuleClassLoader.getMaybeTransformedClassBytes(ModuleClassLoader.java:334) ~[securejarhandler-3.0.8.jar:?]
	at MC-BOOTSTRAP/cpw.mods.modlauncher@11.0.5/cpw.mods.modlauncher.TransformingClassLoader.buildTransformedClassNodeFor(TransformingClassLoader.java:65) ~[modlauncher-11.0.5.jar%2364!/:?]
	at MC-BOOTSTRAP/cpw.mods.modlauncher@11.0.5/cpw.mods.modlauncher.LaunchPluginHandler.lambda$announceLaunch$10(LaunchPluginHandler.java:106) ~[modlauncher-11.0.5.jar%2364!/:?]
	at MC-BOOTSTRAP/org.spongepowered.mixin/org.spongepowered.asm.launch.MixinLaunchPluginLegacy.getClassNode(MixinLaunchPluginLegacy.java:227) ~[sponge-mixin-0.15.2+mixin.0.8.7.jar%2373!/:0.15.2+mixin.0.8.7]
	at MC-BOOTSTRAP/org.spongepowered.mixin/org.spongepowered.asm.mixin.transformer.ClassInfo.forName(ClassInfo.java:2029) ~[sponge-mixin-0.15.2+mixin.0.8.7.jar%2373!/:0.15.2+mixin.0.8.7]
	at MC-BOOTSTRAP/org.spongepowered.mixin/org.spongepowered.asm.mixin.transformer.MixinPreProcessorStandard.prepareInnerClasses(MixinPreProcessorStandard.java:206) ~[sponge-mixin-0.15.2+mixin.0.8.7.jar%2373!/:0.15.2+mixin.0.8.7]
	at MC-BOOTSTRAP/org.spongepowered.mixin/org.spongepowered.asm.mixin.transformer.MixinPreProcessorStandard.prepare(MixinPreProcessorStandard.java:178) ~[sponge-mixin-0.15.2+mixin.0.8.7.jar%2373!/:0.15.2+mixin.0.8.7]
	at MC-BOOTSTRAP/org.spongepowered.mixin/org.spongepowered.asm.mixin.transformer.MixinInfo$State.validate(MixinInfo.java:322) ~[sponge-mixin-0.15.2+mixin.0.8.7.jar%2373!/:0.15.2+mixin.0.8.7]
	at MC-BOOTSTRAP/org.spongepowered.mixin/org.spongepowered.asm.mixin.transformer.MixinInfo.validate(MixinInfo.java:913) ~[sponge-mixin-0.15.2+mixin.0.8.7.jar%2373!/:0.15.2+mixin.0.8.7]
	at MC-BOOTSTRAP/org.spongepowered.mixin/org.spongepowered.asm.mixin.transformer.MixinConfig.postInitialise(MixinConfig.java:884) ~[sponge-mixin-0.15.2+mixin.0.8.7.jar%2373!/:0.15.2+mixin.0.8.7]
	at MC-BOOTSTRAP/org.spongepowered.mixin/org.spongepowered.asm.mixin.transformer.MixinProcessor.prepareConfigs(MixinProcessor.java:568) ~[sponge-mixin-0.15.2+mixin.0.8.7.jar%2373!/:0.15.2+mixin.0.8.7]
	at MC-BOOTSTRAP/org.spongepowered.mixin/org.spongepowered.asm.mixin.transformer.MixinProcessor.select(MixinProcessor.java:462) ~[sponge-mixin-0.15.2+mixin.0.8.7.jar%2373!/:0.15.2+mixin.0.8.7]
	at MC-BOOTSTRAP/org.spongepowered.mixin/org.spongepowered.asm.mixin.transformer.MixinProcessor.checkSelect(MixinProcessor.java:438) ~[sponge-mixin-0.15.2+mixin.0.8.7.jar%2373!/:0.15.2+mixin.0.8.7]
	at MC-BOOTSTRAP/org.spongepowered.mixin/org.spongepowered.asm.mixin.transformer.MixinProcessor.applyMixins(MixinProcessor.java:290) ~[sponge-mixin-0.15.2+mixin.0.8.7.jar%2373!/:0.15.2+mixin.0.8.7]
	at MC-BOOTSTRAP/org.spongepowered.mixin/org.spongepowered.asm.mixin.transformer.MixinTransformer.transformClass(MixinTransformer.java:250) ~[sponge-mixin-0.15.2+mixin.0.8.7.jar%2373!/:0.15.2+mixin.0.8.7]
	at MC-BOOTSTRAP/org.spongepowered.mixin/org.spongepowered.asm.service.modlauncher.MixinTransformationHandler.processClass(MixinTransformationHandler.java:131) ~[sponge-mixin-0.15.2+mixin.0.8.7.jar%2373!/:0.15.2+mixin.0.8.7]
	at MC-BOOTSTRAP/org.spongepowered.mixin/org.spongepowered.asm.launch.MixinLaunchPluginLegacy.processClass(MixinLaunchPluginLegacy.java:131) ~[sponge-mixin-0.15.2+mixin.0.8.7.jar%2373!/:0.15.2+mixin.0.8.7]
	at MC-BOOTSTRAP/cpw.mods.modlauncher@11.0.5/cpw.mods.modlauncher.serviceapi.ILaunchPluginService.processClassWithFlags(ILaunchPluginService.java:156) ~[modlauncher-11.0.5.jar%2364!/:11.0.5+main.901c6ea8]
	at MC-BOOTSTRAP/cpw.mods.modlauncher@11.0.5/cpw.mods.modlauncher.LaunchPluginHandler.offerClassNodeToPlugins(LaunchPluginHandler.java:94) ~[modlauncher-11.0.5.jar%2364!/:?]
	at MC-BOOTSTRAP/cpw.mods.modlauncher@11.0.5/cpw.mods.modlauncher.ClassTransformer.transform(ClassTransformer.java:120) ~[modlauncher-11.0.5.jar%2364!/:?]
	at MC-BOOTSTRAP/cpw.mods.modlauncher@11.0.5/cpw.mods.modlauncher.TransformingClassLoader.maybeTransformClassBytes(TransformingClassLoader.java:57) ~[modlauncher-11.0.5.jar%2364!/:?]
	at cpw.mods.securejarhandler/cpw.mods.cl.ModuleClassLoader.readerToClass(ModuleClassLoader.java:190) ~[securejarhandler-3.0.8.jar:?]
	at cpw.mods.securejarhandler/cpw.mods.cl.ModuleClassLoader.lambda$findClass$20(ModuleClassLoader.java:298) ~[securejarhandler-3.0.8.jar:?]
	at cpw.mods.securejarhandler/cpw.mods.cl.ModuleClassLoader.loadFromModule(ModuleClassLoader.java:311) ~[securejarhandler-3.0.8.jar:?]
	at cpw.mods.securejarhandler/cpw.mods.cl.ModuleClassLoader.findClass(ModuleClassLoader.java:298) ~[securejarhandler-3.0.8.jar:?]
	at java.base/java.lang.ClassLoader.loadClass(ClassLoader.java:638) ~[?:?]
	at java.base/java.lang.Class.forName(Class.java:627) ~[?:?]
	at java.base/java.lang.Class.forName(Class.java:602) ~[?:?]
	at MC-BOOTSTRAP/fml_loader@4.0.43/net.neoforged.fml.loading.ImmediateWindowHandler$DummyProvider.lambda$updateModuleReads$1(ImmediateWindowHandler.java:173) ~[loader-4.0.43.jar%2359!/:4.0]
	at java.base/java.util.Optional.map(Optional.java:260) [?:?]
	at MC-BOOTSTRAP/fml_loader@4.0.43/net.neoforged.fml.loading.ImmediateWindowHandler$DummyProvider.updateModuleReads(ImmediateWindowHandler.java:173) [loader-4.0.43.jar%2359!/:4.0]
	at MC-BOOTSTRAP/fml_loader@4.0.43/net.neoforged.fml.loading.ImmediateWindowHandler.acceptGameLayer(ImmediateWindowHandler.java:94) [loader-4.0.43.jar%2359!/:4.0]
	at MC-BOOTSTRAP/fml_loader@4.0.43/net.neoforged.fml.loading.FMLLoader.beforeStart(FMLLoader.java:166) [loader-4.0.43.jar%2359!/:4.0]
	at MC-BOOTSTRAP/fml_loader@4.0.43/net.neoforged.fml.loading.targets.CommonLaunchHandler.launchService(CommonLaunchHandler.java:115) [loader-4.0.43.jar%2359!/:4.0]
	at MC-BOOTSTRAP/cpw.mods.modlauncher@11.0.5/cpw.mods.modlauncher.LaunchServiceHandlerDecorator.launch(LaunchServiceHandlerDecorator.java:30) [modlauncher-11.0.5.jar%2364!/:?]
	at MC-BOOTSTRAP/cpw.mods.modlauncher@11.0.5/cpw.mods.modlauncher.LaunchServiceHandler.launch(LaunchServiceHandler.java:53) [modlauncher-11.0.5.jar%2364!/:?]
	at MC-BOOTSTRAP/cpw.mods.modlauncher@11.0.5/cpw.mods.modlauncher.LaunchServiceHandler.launch(LaunchServiceHandler.java:71) [modlauncher-11.0.5.jar%2364!/:?]
	at MC-BOOTSTRAP/cpw.mods.modlauncher@11.0.5/cpw.mods.modlauncher.Launcher.run(Launcher.java:103) [modlauncher-11.0.5.jar%2364!/:?]
	at MC-BOOTSTRAP/cpw.mods.modlauncher@11.0.5/cpw.mods.modlauncher.Launcher.main(Launcher.java:74) [modlauncher-11.0.5.jar%2364!/:?]
	at MC-BOOTSTRAP/cpw.mods.modlauncher@11.0.5/cpw.mods.modlauncher.BootstrapLaunchConsumer.accept(BootstrapLaunchConsumer.java:26) [modlauncher-11.0.5.jar%2364!/:?]
	at MC-BOOTSTRAP/cpw.mods.modlauncher@11.0.5/cpw.mods.modlauncher.BootstrapLaunchConsumer.accept(BootstrapLaunchConsumer.java:23) [modlauncher-11.0.5.jar%2364!/:?]
	at cpw.mods.bootstraplauncher@2.0.2/cpw.mods.bootstraplauncher.BootstrapLauncher.run(BootstrapLauncher.java:210) [bootstraplauncher-2.0.2.jar:?]
	at cpw.mods.bootstraplauncher@2.0.2/cpw.mods.bootstraplauncher.BootstrapLauncher.main(BootstrapLauncher.java:69) [bootstraplauncher-2.0.2.jar:?]
[08Sep2026 17:02:27.018] [main/WARN] [mixin/]: Error loading class: net/minecraftforge/common/ForgeTier (java.lang.ClassNotFoundException: net.minecraftforge.common.ForgeTier)
[08Sep2026 17:02:27.019] [main/TRACE] [mixin/]: Added class metadata for net/minecraftforge/common/ForgeTier to metadata cache
[08Sep2026 17:02:27.019] [main/TRACE] [mixin/]: Added class metadata for java/lang/StackWalker$Option to metadata cache
[08Sep2026 17:02:27.020] [main/TRACE] [mixin/]: Added class metadata for java/lang/StackWalker$StackFrame to metadata cache
[08Sep2026 17:02:27.020] [main/TRACE] [mixin/CATCHING]: Catching
java.lang.ClassNotFoundException: net.minecraftforge.common.ForgeTier
	at cpw.mods.securejarhandler/cpw.mods.cl.ModuleClassLoader.getMaybeTransformedClassBytes(ModuleClassLoader.java:334) ~[securejarhandler-3.0.8.jar:?]
	at MC-BOOTSTRAP/cpw.mods.modlauncher@11.0.5/cpw.mods.modlauncher.TransformingClassLoader.buildTransformedClassNodeFor(TransformingClassLoader.java:65) ~[modlauncher-11.0.5.jar%2364!/:?]
	at MC-BOOTSTRAP/cpw.mods.modlauncher@11.0.5/cpw.mods.modlauncher.LaunchPluginHandler.lambda$announceLaunch$10(LaunchPluginHandler.java:106) ~[modlauncher-11.0.5.jar%2364!/:?]
	at MC-BOOTSTRAP/org.spongepowered.mixin/org.spongepowered.asm.launch.MixinLaunchPluginLegacy.getClassNode(MixinLaunchPluginLegacy.java:227) ~[sponge-mixin-0.15.2+mixin.0.8.7.jar%2373!/:0.15.2+mixin.0.8.7]
	at MC-BOOTSTRAP/org.spongepowered.mixin/org.spongepowered.asm.mixin.transformer.ClassInfo.forName(ClassInfo.java:2029) ~[sponge-mixin-0.15.2+mixin.0.8.7.jar%2373!/:0.15.2+mixin.0.8.7]
	at MC-BOOTSTRAP/org.spongepowered.mixin/org.spongepowered.asm.mixin.transformer.MixinPreProcessorStandard.prepareInnerClasses(MixinPreProcessorStandard.java:206) ~[sponge-mixin-0.15.2+mixin.0.8.7.jar%2373!/:0.15.2+mixin.0.8.7]
	at MC-BOOTSTRAP/org.spongepowered.mixin/org.spongepowered.asm.mixin.transformer.MixinPreProcessorStandard.prepare(MixinPreProcessorStandard.java:178) ~[sponge-mixin-0.15.2+mixin.0.8.7.jar%2373!/:0.15.2+mixin.0.8.7]
	at MC-BOOTSTRAP/org.spongepowered.mixin/org.spongepowered.asm.mixin.transformer.MixinInfo$State.validateChanges(MixinInfo.java:442) ~[sponge-mixin-0.15.2+mixin.0.8.7.jar%2373!/:0.15.2+mixin.0.8.7]
	at MC-BOOTSTRAP/org.spongepowered.mixin/org.spongepowered.asm.mixin.transformer.MixinInfo$State.validate(MixinInfo.java:342) ~[sponge-mixin-0.15.2+mixin.0.8.7.jar%2373!/:0.15.2+mixin.0.8.7]
	at MC-BOOTSTRAP/org.spongepowered.mixin/org.spongepowered.asm.mixin.transformer.MixinInfo.validate(MixinInfo.java:913) ~[sponge-mixin-0.15.2+mixin.0.8.7.jar%2373!/:0.15.2+mixin.0.8.7]
	at MC-BOOTSTRAP/org.spongepowered.mixin/org.spongepowered.asm.mixin.transformer.MixinConfig.postInitialise(MixinConfig.java:884) ~[sponge-mixin-0.15.2+mixin.0.8.7.jar%2373!/:0.15.2+mixin.0.8.7]
	at MC-BOOTSTRAP/org.spongepowered.mixin/org.spongepowered.asm.mixin.transformer.MixinProcessor.prepareConfigs(MixinProcessor.java:568) ~[sponge-mixin-0.15.2+mixin.0.8.7.jar%2373!/:0.15.2+mixin.0.8.7]
	at MC-BOOTSTRAP/org.spongepowered.mixin/org.spongepowered.asm.mixin.transformer.MixinProcessor.select(MixinProcessor.java:462) ~[sponge-mixin-0.15.2+mixin.0.8.7.jar%2373!/:0.15.2+mixin.0.8.7]
	at MC-BOOTSTRAP/org.spongepowered.mixin/org.spongepowered.asm.mixin.transformer.MixinProcessor.checkSelect(MixinProcessor.java:438) ~[sponge-mixin-0.15.2+mixin.0.8.7.jar%2373!/:0.15.2+mixin.0.8.7]
	at MC-BOOTSTRAP/org.spongepowered.mixin/org.spongepowered.asm.mixin.transformer.MixinProcessor.applyMixins(MixinProcessor.java:290) ~[sponge-mixin-0.15.2+mixin.0.8.7.jar%2373!/:0.15.2+mixin.0.8.7]
	at MC-BOOTSTRAP/org.spongepowered.mixin/org.spongepowered.asm.mixin.transformer.MixinTransformer.transformClass(MixinTransformer.java:250) ~[sponge-mixin-0.15.2+mixin.0.8.7.jar%2373!/:0.15.2+mixin.0.8.7]
	at MC-BOOTSTRAP/org.spongepowered.mixin/org.spongepowered.asm.service.modlauncher.MixinTransformationHandler.processClass(MixinTransformationHandler.java:131) ~[sponge-mixin-0.15.2+mixin.0.8.7.jar%2373!/:0.15.2+mixin.0.8.7]
	at MC-BOOTSTRAP/org.spongepowered.mixin/org.spongepowered.asm.launch.MixinLaunchPluginLegacy.processClass(MixinLaunchPluginLegacy.java:131) ~[sponge-mixin-0.15.2+mixin.0.8.7.jar%2373!/:0.15.2+mixin.0.8.7]
	at MC-BOOTSTRAP/cpw.mods.modlauncher@11.0.5/cpw.mods.modlauncher.serviceapi.ILaunchPluginService.processClassWithFlags(ILaunchPluginService.java:156) ~[modlauncher-11.0.5.jar%2364!/:11.0.5+main.901c6ea8]
	at MC-BOOTSTRAP/cpw.mods.modlauncher@11.0.5/cpw.mods.modlauncher.LaunchPluginHandler.offerClassNodeToPlugins(LaunchPluginHandler.java:94) ~[modlauncher-11.0.5.jar%2364!/:?]
	at MC-BOOTSTRAP/cpw.mods.modlauncher@11.0.5/cpw.mods.modlauncher.ClassTransformer.transform(ClassTransformer.java:120) ~[modlauncher-11.0.5.jar%2364!/:?]
	at MC-BOOTSTRAP/cpw.mods.modlauncher@11.0.5/cpw.mods.modlauncher.TransformingClassLoader.maybeTransformClassBytes(TransformingClassLoader.java:57) ~[modlauncher-11.0.5.jar%2364!/:?]
	at cpw.mods.securejarhandler/cpw.mods.cl.ModuleClassLoader.readerToClass(ModuleClassLoader.java:190) ~[securejarhandler-3.0.8.jar:?]
	at cpw.mods.securejarhandler/cpw.mods.cl.ModuleClassLoader.lambda$findClass$20(ModuleClassLoader.java:298) ~[securejarhandler-3.0.8.jar:?]
	at cpw.mods.securejarhandler/cpw.mods.cl.ModuleClassLoader.loadFromModule(ModuleClassLoader.java:311) ~[securejarhandler-3.0.8.jar:?]
	at cpw.mods.securejarhandler/cpw.mods.cl.ModuleClassLoader.findClass(ModuleClassLoader.java:298) ~[securejarhandler-3.0.8.jar:?]
	at java.base/java.lang.ClassLoader.loadClass(ClassLoader.java:638) ~[?:?]
	at java.base/java.lang.Class.forName(Class.java:627) ~[?:?]
	at java.base/java.lang.Class.forName(Class.java:602) ~[?:?]
	at MC-BOOTSTRAP/fml_loader@4.0.43/net.neoforged.fml.loading.ImmediateWindowHandler$DummyProvider.lambda$updateModuleReads$1(ImmediateWindowHandler.java:173) ~[loader-4.0.43.jar%2359!/:4.0]
	at java.base/java.util.Optional.map(Optional.java:260) [?:?]
	at MC-BOOTSTRAP/fml_loader@4.0.43/net.neoforged.fml.loading.ImmediateWindowHandler$DummyProvider.updateModuleReads(ImmediateWindowHandler.java:173) [loader-4.0.43.jar%2359!/:4.0]
	at MC-BOOTSTRAP/fml_loader@4.0.43/net.neoforged.fml.loading.ImmediateWindowHandler.acceptGameLayer(ImmediateWindowHandler.java:94) [loader-4.0.43.jar%2359!/:4.0]
	at MC-BOOTSTRAP/fml_loader@4.0.43/net.neoforged.fml.loading.FMLLoader.beforeStart(FMLLoader.java:166) [loader-4.0.43.jar%2359!/:4.0]
	at MC-BOOTSTRAP/fml_loader@4.0.43/net.neoforged.fml.loading.targets.CommonLaunchHandler.launchService(CommonLaunchHandler.java:115) [loader-4.0.43.jar%2359!/:4.0]
	at MC-BOOTSTRAP/cpw.mods.modlauncher@11.0.5/cpw.mods.modlauncher.LaunchServiceHandlerDecorator.launch(LaunchServiceHandlerDecorator.java:30) [modlauncher-11.0.5.jar%2364!/:?]
	at MC-BOOTSTRAP/cpw.mods.modlauncher@11.0.5/cpw.mods.modlauncher.LaunchServiceHandler.launch(LaunchServiceHandler.java:53) [modlauncher-11.0.5.jar%2364!/:?]
	at MC-BOOTSTRAP/cpw.mods.modlauncher@11.0.5/cpw.mods.modlauncher.LaunchServiceHandler.launch(LaunchServiceHandler.java:71) [modlauncher-11.0.5.jar%2364!/:?]
	at MC-BOOTSTRAP/cpw.mods.modlauncher@11.0.5/cpw.mods.modlauncher.Launcher.run(Launcher.java:103) [modlauncher-11.0.5.jar%2364!/:?]
	at MC-BOOTSTRAP/cpw.mods.modlauncher@11.0.5/cpw.mods.modlauncher.Launcher.main(Launcher.java:74) [modlauncher-11.0.5.jar%2364!/:?]
	at MC-BOOTSTRAP/cpw.mods.modlauncher@11.0.5/cpw.mods.modlauncher.BootstrapLaunchConsumer.accept(BootstrapLaunchConsumer.java:26) [modlauncher-11.0.5.jar%2364!/:?]
	at MC-BOOTSTRAP/cpw.mods.modlauncher@11.0.5/cpw.mods.modlauncher.BootstrapLaunchConsumer.accept(BootstrapLaunchConsumer.java:23) [modlauncher-11.0.5.jar%2364!/:?]
	at cpw.mods.bootstraplauncher@2.0.2/cpw.mods.bootstraplauncher.BootstrapLauncher.run(BootstrapLauncher.java:210) [bootstraplauncher-2.0.2.jar:?]
	at cpw.mods.bootstraplauncher@2.0.2/cpw.mods.bootstraplauncher.BootstrapLauncher.main(BootstrapLauncher.java:69) [bootstraplauncher-2.0.2.jar:?]
[08Sep2026 17:02:27.021] [main/WARN] [mixin/]: Error loading class: net/minecraftforge/common/ForgeTier (java.lang.ClassNotFoundException: net.minecraftforge.common.ForgeTier)
[08Sep2026 17:02:27.021] [main/TRACE] [mixin/]: Added class metadata for net/minecraftforge/common/ForgeTier to metadata cache
[08Sep2026 17:02:27.022] [main/TRACE] [mixin/]: Added class metadata for net/minecraft/world/entity/projectile/AbstractArrow$Pickup to metadata cache
[08Sep2026 17:02:27.022] [main/TRACE] [mixin/]: Added class metadata for net/neoforged/neoforge/common/ModConfigSpec$BooleanValue to metadata cache
[08Sep2026 17:02:27.023] [main/TRACE] [mixin/]: Added class metadata for net/minecraft/world/level/storage/LevelStorageSource$LevelStorageAccess to metadata cache
[08Sep2026 17:02:27.024] [main/TRACE] [mixin/CATCHING]: Catching
java.lang.ClassNotFoundException: org.jetbrains.annotations.ApiStatus$ScheduledForRemoval
	at cpw.mods.securejarhandler/cpw.mods.cl.ModuleClassLoader.getMaybeTransformedClassBytes(ModuleClassLoader.java:334) ~[securejarhandler-3.0.8.jar:?]
	at MC-BOOTSTRAP/cpw.mods.modlauncher@11.0.5/cpw.mods.modlauncher.TransformingClassLoader.buildTransformedClassNodeFor(TransformingClassLoader.java:65) ~[modlauncher-11.0.5.jar%2364!/:?]
	at MC-BOOTSTRAP/cpw.mods.modlauncher@11.0.5/cpw.mods.modlauncher.LaunchPluginHandler.lambda$announceLaunch$10(LaunchPluginHandler.java:106) ~[modlauncher-11.0.5.jar%2364!/:?]
	at MC-BOOTSTRAP/org.spongepowered.mixin/org.spongepowered.asm.launch.MixinLaunchPluginLegacy.getClassNode(MixinLaunchPluginLegacy.java:227) ~[sponge-mixin-0.15.2+mixin.0.8.7.jar%2373!/:0.15.2+mixin.0.8.7]
	at MC-BOOTSTRAP/org.spongepowered.mixin/org.spongepowered.asm.mixin.transformer.ClassInfo.forName(ClassInfo.java:2029) ~[sponge-mixin-0.15.2+mixin.0.8.7.jar%2373!/:0.15.2+mixin.0.8.7]
	at MC-BOOTSTRAP/org.spongepowered.mixin/org.spongepowered.asm.mixin.transformer.MixinInfo$State.readInnerClasses(MixinInfo.java:429) ~[sponge-mixin-0.15.2+mixin.0.8.7.jar%2373!/:0.15.2+mixin.0.8.7]
	at MC-BOOTSTRAP/org.spongepowered.mixin/org.spongepowered.asm.mixin.transformer.MixinInfo$State.validate(MixinInfo.java:339) ~[sponge-mixin-0.15.2+mixin.0.8.7.jar%2373!/:0.15.2+mixin.0.8.7]
	at MC-BOOTSTRAP/org.spongepowered.mixin/org.spongepowered.asm.mixin.transformer.MixinInfo.validate(MixinInfo.java:913) ~[sponge-mixin-0.15.2+mixin.0.8.7.jar%2373!/:0.15.2+mixin.0.8.7]
	at MC-BOOTSTRAP/org.spongepowered.mixin/org.spongepowered.asm.mixin.transformer.MixinConfig.postInitialise(MixinConfig.java:884) ~[sponge-mixin-0.15.2+mixin.0.8.7.jar%2373!/:0.15.2+mixin.0.8.7]
	at MC-BOOTSTRAP/org.spongepowered.mixin/org.spongepowered.asm.mixin.transformer.MixinProcessor.prepareConfigs(MixinProcessor.java:568) ~[sponge-mixin-0.15.2+mixin.0.8.7.jar%2373!/:0.15.2+mixin.0.8.7]
	at MC-BOOTSTRAP/org.spongepowered.mixin/org.spongepowered.asm.mixin.transformer.MixinProcessor.select(MixinProcessor.java:462) ~[sponge-mixin-0.15.2+mixin.0.8.7.jar%2373!/:0.15.2+mixin.0.8.7]
	at MC-BOOTSTRAP/org.spongepowered.mixin/org.spongepowered.asm.mixin.transformer.MixinProcessor.checkSelect(MixinProcessor.java:438) ~[sponge-mixin-0.15.2+mixin.0.8.7.jar%2373!/:0.15.2+mixin.0.8.7]
	at MC-BOOTSTRAP/org.spongepowered.mixin/org.spongepowered.asm.mixin.transformer.MixinProcessor.applyMixins(MixinProcessor.java:290) ~[sponge-mixin-0.15.2+mixin.0.8.7.jar%2373!/:0.15.2+mixin.0.8.7]
	at MC-BOOTSTRAP/org.spongepowered.mixin/org.spongepowered.asm.mixin.transformer.MixinTransformer.transformClass(MixinTransformer.java:250) ~[sponge-mixin-0.15.2+mixin.0.8.7.jar%2373!/:0.15.2+mixin.0.8.7]
	at MC-BOOTSTRAP/org.spongepowered.mixin/org.spongepowered.asm.service.modlauncher.MixinTransformationHandler.processClass(MixinTransformationHandler.java:131) ~[sponge-mixin-0.15.2+mixin.0.8.7.jar%2373!/:0.15.2+mixin.0.8.7]
	at MC-BOOTSTRAP/org.spongepowered.mixin/org.spongepowered.asm.launch.MixinLaunchPluginLegacy.processClass(MixinLaunchPluginLegacy.java:131) ~[sponge-mixin-0.15.2+mixin.0.8.7.jar%2373!/:0.15.2+mixin.0.8.7]
	at MC-BOOTSTRAP/cpw.mods.modlauncher@11.0.5/cpw.mods.modlauncher.serviceapi.ILaunchPluginService.processClassWithFlags(ILaunchPluginService.java:156) ~[modlauncher-11.0.5.jar%2364!/:11.0.5+main.901c6ea8]
	at MC-BOOTSTRAP/cpw.mods.modlauncher@11.0.5/cpw.mods.modlauncher.LaunchPluginHandler.offerClassNodeToPlugins(LaunchPluginHandler.java:94) ~[modlauncher-11.0.5.jar%2364!/:?]
	at MC-BOOTSTRAP/cpw.mods.modlauncher@11.0.5/cpw.mods.modlauncher.ClassTransformer.transform(ClassTransformer.java:120) ~[modlauncher-11.0.5.jar%2364!/:?]
	at MC-BOOTSTRAP/cpw.mods.modlauncher@11.0.5/cpw.mods.modlauncher.TransformingClassLoader.maybeTransformClassBytes(TransformingClassLoader.java:57) ~[modlauncher-11.0.5.jar%2364!/:?]
	at cpw.mods.securejarhandler/cpw.mods.cl.ModuleClassLoader.readerToClass(ModuleClassLoader.java:190) ~[securejarhandler-3.0.8.jar:?]
	at cpw.mods.securejarhandler/cpw.mods.cl.ModuleClassLoader.lambda$findClass$20(ModuleClassLoader.java:298) ~[securejarhandler-3.0.8.jar:?]
	at cpw.mods.securejarhandler/cpw.mods.cl.ModuleClassLoader.loadFromModule(ModuleClassLoader.java:311) ~[securejarhandler-3.0.8.jar:?]
	at cpw.mods.securejarhandler/cpw.mods.cl.ModuleClassLoader.findClass(ModuleClassLoader.java:298) ~[securejarhandler-3.0.8.jar:?]
	at java.base/java.lang.ClassLoader.loadClass(ClassLoader.java:638) ~[?:?]
	at java.base/java.lang.Class.forName(Class.java:627) ~[?:?]
	at java.base/java.lang.Class.forName(Class.java:602) ~[?:?]
	at MC-BOOTSTRAP/fml_loader@4.0.43/net.neoforged.fml.loading.ImmediateWindowHandler$DummyProvider.lambda$updateModuleReads$1(ImmediateWindowHandler.java:173) ~[loader-4.0.43.jar%2359!/:4.0]
	at java.base/java.util.Optional.map(Optional.java:260) [?:?]
	at MC-BOOTSTRAP/fml_loader@4.0.43/net.neoforged.fml.loading.ImmediateWindowHandler$DummyProvider.updateModuleReads(ImmediateWindowHandler.java:173) [loader-4.0.43.jar%2359!/:4.0]
	at MC-BOOTSTRAP/fml_loader@4.0.43/net.neoforged.fml.loading.ImmediateWindowHandler.acceptGameLayer(ImmediateWindowHandler.java:94) [loader-4.0.43.jar%2359!/:4.0]
	at MC-BOOTSTRAP/fml_loader@4.0.43/net.neoforged.fml.loading.FMLLoader.beforeStart(FMLLoader.java:166) [loader-4.0.43.jar%2359!/:4.0]
	at MC-BOOTSTRAP/fml_loader@4.0.43/net.neoforged.fml.loading.targets.CommonLaunchHandler.launchService(CommonLaunchHandler.java:115) [loader-4.0.43.jar%2359!/:4.0]
	at MC-BOOTSTRAP/cpw.mods.modlauncher@11.0.5/cpw.mods.modlauncher.LaunchServiceHandlerDecorator.launch(LaunchServiceHandlerDecorator.java:30) [modlauncher-11.0.5.jar%2364!/:?]
	at MC-BOOTSTRAP/cpw.mods.modlauncher@11.0.5/cpw.mods.modlauncher.LaunchServiceHandler.launch(LaunchServiceHandler.java:53) [modlauncher-11.0.5.jar%2364!/:?]
	at MC-BOOTSTRAP/cpw.mods.modlauncher@11.0.5/cpw.mods.modlauncher.LaunchServiceHandler.launch(LaunchServiceHandler.java:71) [modlauncher-11.0.5.jar%2364!/:?]
	at MC-BOOTSTRAP/cpw.mods.modlauncher@11.0.5/cpw.mods.modlauncher.Launcher.run(Launcher.java:103) [modlauncher-11.0.5.jar%2364!/:?]
	at MC-BOOTSTRAP/cpw.mods.modlauncher@11.0.5/cpw.mods.modlauncher.Launcher.main(Launcher.java:74) [modlauncher-11.0.5.jar%2364!/:?]
	at MC-BOOTSTRAP/cpw.mods.modlauncher@11.0.5/cpw.mods.modlauncher.BootstrapLaunchConsumer.accept(BootstrapLaunchConsumer.java:26) [modlauncher-11.0.5.jar%2364!/:?]
	at MC-BOOTSTRAP/cpw.mods.modlauncher@11.0.5/cpw.mods.modlauncher.BootstrapLaunchConsumer.accept(BootstrapLaunchConsumer.java:23) [modlauncher-11.0.5.jar%2364!/:?]
	at cpw.mods.bootstraplauncher@2.0.2/cpw.mods.bootstraplauncher.BootstrapLauncher.run(BootstrapLauncher.java:210) [bootstraplauncher-2.0.2.jar:?]
	at cpw.mods.bootstraplauncher@2.0.2/cpw.mods.bootstraplauncher.BootstrapLauncher.main(BootstrapLauncher.java:69) [bootstraplauncher-2.0.2.jar:?]
[08Sep2026 17:02:27.026] [main/WARN] [mixin/]: Error loading class: org/jetbrains/annotations/ApiStatus$ScheduledForRemoval (java.lang.ClassNotFoundException: org.jetbrains.annotations.ApiStatus$ScheduledForRemoval)
[08Sep2026 17:02:27.026] [main/TRACE] [mixin/]: Added class metadata for org/jetbrains/annotations/ApiStatus$ScheduledForRemoval to metadata cache
[08Sep2026 17:02:27.026] [main/TRACE] [mixin/]: Added class metadata for com/simibubi/create/content/equipment/clipboard/ClipboardOverrides$ClipboardType to metadata cache
[08Sep2026 17:02:27.028] [main/TRACE] [mixin/]: Added class metadata for net/createmod/catnip/config/ConfigBase$ConfigBool to metadata cache
[08Sep2026 17:02:27.028] [main/TRACE] [mixin/]: Added class metadata for net/minecraft/world/item/enchantment/ItemEnchantments$Mutable to metadata cache
[08Sep2026 17:02:27.030] [main/TRACE] [mixin/]: Added class metadata for net/minecraft/core/Direction$Axis to metadata cache
[08Sep2026 17:02:27.030] [main/TRACE] [mixin/]: Added class metadata for net/minecraft/world/level/storage/loot/predicates/LootItemCondition$Builder to metadata cache
[08Sep2026 17:02:27.031] [main/TRACE] [mixin/]: Added class metadata for net/neoforged/neoforge/fluids/FluidInteractionRegistry$InteractionInformation to metadata cache
[08Sep2026 17:02:27.031] [main/DEBUG] [net.neoforged.accesstransformer.AccessTransformer/AXFORM]: Transforming net.minecraft.data.models.ItemModelGenerators$TrimModelData CLASS to access PUBLIC and LEAVE
[08Sep2026 17:02:27.033] [main/DEBUG] [net.neoforged.accesstransformer.AccessTransformer/AXFORM]: Transforming net.minecraft.data.models.ItemModelGenerators$TrimModelData METHOD <init>(Ljava/lang/String;FLjava/util/Map;)V to access PUBLIC and LEAVE
[08Sep2026 17:02:27.033] [main/TRACE] [mixin/]: Added class metadata for net/minecraft/data/models/ItemModelGenerators$TrimModelData to metadata cache
[08Sep2026 17:02:27.033] [main/TRACE] [mixin/]: Added class metadata for net/minecraft/core/Holder$Reference to metadata cache
[08Sep2026 17:02:27.034] [main/DEBUG] [net.neoforged.accesstransformer.AccessTransformer/AXFORM]: Transforming net.minecraft.world.item.alchemy.PotionBrewing$Mix CLASS to access PUBLIC and LEAVE
[08Sep2026 17:02:27.034] [main/TRACE] [mixin/]: Added class metadata for net/minecraft/world/item/alchemy/PotionBrewing$Mix to metadata cache
[08Sep2026 17:02:27.035] [main/TRACE] [mixin/]: Added class metadata for net/minecraft/world/item/ProjectileItem$DispenseConfig to metadata cache
[08Sep2026 17:02:27.036] [main/TRACE] [mixin/]: Added class metadata for com/simibubi/create/foundation/utility/DataFixerHelper$BlockPosFixer to metadata cache
[08Sep2026 17:02:27.036] [main/TRACE] [mixin/]: Added class metadata for com/mojang/datafixers/DSL$TypeReference to metadata cache
[08Sep2026 17:02:27.037] [main/TRACE] [mixin/]: Added class metadata for com/mojang/datafixers/DataFix to metadata cache
[08Sep2026 17:02:27.038] [main/DEBUG] [net.neoforged.accesstransformer.AccessTransformer/AXFORM]: Transforming net.minecraft.util.datafix.fixes.ItemStackComponentizationFix$ItemStackData CLASS to access PUBLIC and LEAVE
[08Sep2026 17:02:27.038] [main/TRACE] [mixin/]: Added class metadata for net/minecraft/util/datafix/fixes/ItemStackComponentizationFix$ItemStackData to metadata cache
[08Sep2026 17:02:27.040] [main/TRACE] [mixin/]: Added class metadata for java/util/Map$Entry to metadata cache
[08Sep2026 17:02:27.040] [main/TRACE] [mixin/]: Added class metadata for dev/ryanhcode/sable/physics/config/block_properties/PhysicsBlockPropertyTypes$PhysicsBlockPropertyType to metadata cache
[08Sep2026 17:02:27.041] [main/TRACE] [mixin/]: Added class metadata for net/minecraft/core/BlockPos$MutableBlockPos to metadata cache
[08Sep2026 17:02:27.041] [main/TRACE] [mixin/]: Added class metadata for net/minecraft/world/level/ClipContext$Block to metadata cache
[08Sep2026 17:02:27.042] [main/TRACE] [mixin/]: Added class metadata for net/minecraft/world/level/ClipContext$Fluid to metadata cache
[08Sep2026 17:02:27.042] [main/TRACE] [mixin/]: Added class metadata for net/minecraft/world/phys/HitResult$Type to metadata cache
[08Sep2026 17:02:27.043] [main/TRACE] [mixin/]: Added class metadata for dev/ryanhcode/sable/api/command/SubLevelArgumentType$Info to metadata cache
[08Sep2026 17:02:27.043] [main/TRACE] [mixin/]: Added class metadata for net/minecraft/commands/synchronization/ArgumentTypeInfo$Template to metadata cache
[08Sep2026 17:02:27.043] [main/TRACE] [mixin/]: Added class metadata for net/minecraft/server/commands/data/DataCommands$DataProvider to metadata cache
[08Sep2026 17:02:27.048] [main/TRACE] [mixin/]: Added class metadata for net/minecraft/world/level/pathfinder/NodeEvaluator to metadata cache
[08Sep2026 17:02:27.050] [main/TRACE] [mixin/]: Added class metadata for net/minecraft/commands/arguments/EntityAnchorArgument$Anchor to metadata cache
[08Sep2026 17:02:27.052] [main/DEBUG] [net.neoforged.accesstransformer.AccessTransformer/AXFORM]: Transforming net.minecraft.world.entity.vehicle.VehicleEntity METHOD getDropItem()Lnet/minecraft/world/item/Item; to access PROTECTED and LEAVE
[08Sep2026 17:02:27.052] [main/TRACE] [mixin/]: Added class metadata for net/minecraft/world/entity/vehicle/VehicleEntity to metadata cache
[08Sep2026 17:02:27.053] [main/TRACE] [mixin/]: Added class metadata for dev/ryanhcode/sable/sublevel/entity_collision/SubLevelEntityCollision$CollisionInfo to metadata cache
[08Sep2026 17:02:27.053] [main/TRACE] [mixin/]: Added class metadata for net/minecraft/world/entity/Entity$RemovalReason to metadata cache
[08Sep2026 17:02:27.053] [main/TRACE] [mixin/]: Added class metadata for dev/ryanhcode/sable/sublevel/entity_collision/SubLevelEntityCollision$FirstCollisionInfo to metadata cache
[08Sep2026 17:02:27.054] [main/TRACE] [mixin/]: Added class metadata for net/minecraft/world/entity/LivingEntity$Fallsounds to metadata cache
[08Sep2026 17:02:27.055] [main/DEBUG] [net.neoforged.accesstransformer.AccessTransformer/AXFORM]: Transforming net.minecraft.server.level.ChunkMap$DistanceManager CLASS to access PUBLIC and LEAVE
[08Sep2026 17:02:27.055] [main/TRACE] [mixin/]: Added class metadata for net/minecraft/server/level/ChunkMap$DistanceManager to metadata cache
[08Sep2026 17:02:27.057] [main/TRACE] [mixin/]: Added class metadata for net/minecraft/world/level/Level$ExplosionInteraction to metadata cache
[08Sep2026 17:02:27.059] [main/TRACE] [mixin/]: Added class metadata for net/minecraft/BlockUtil$FoundRectangle to metadata cache
[08Sep2026 17:02:27.060] [main/TRACE] [mixin/]: Added class metadata for dev/ryanhcode/sable/sublevel/tracking_points/SubLevelTrackingPointSavedData$TakenLoginPoint to metadata cache
[08Sep2026 17:02:27.060] [main/DEBUG] [net.neoforged.accesstransformer.AccessTransformer/AXFORM]: Transforming net.minecraft.server.level.ServerPlayer$RespawnPosAngle CLASS to access PUBLIC and LEAVE
[08Sep2026 17:02:27.060] [main/DEBUG] [net.neoforged.accesstransformer.AccessTransformer/AXFORM]: Transforming net.minecraft.server.level.ServerPlayer$RespawnPosAngle METHOD <init>(Lnet/minecraft/world/phys/Vec3;F)V to access PUBLIC and LEAVE
[08Sep2026 17:02:27.061] [main/TRACE] [mixin/]: Added class metadata for net/minecraft/server/level/ServerPlayer$RespawnPosAngle to metadata cache
[08Sep2026 17:02:27.061] [main/TRACE] [mixin/]: Added class metadata for net/minecraft/world/level/gameevent/GameEvent$Context to metadata cache
[08Sep2026 17:02:27.062] [main/TRACE] [mixin/]: Added class metadata for net/minecraft/world/level/gameevent/vibrations/VibrationSystem$Data to metadata cache
[08Sep2026 17:02:27.062] [main/TRACE] [mixin/]: Added class metadata for net/minecraft/world/level/gameevent/vibrations/VibrationSystem$User to metadata cache
[08Sep2026 17:02:27.063] [main/TRACE] [mixin/]: Added class metadata for net/minecraft/world/level/block/entity/BlockEntity to metadata cache
[08Sep2026 17:02:27.064] [main/TRACE] [mixin/]: Added class metadata for dev/ryanhcode/sable/mixin/udp/ConnectionMixin$1 to metadata cache
[08Sep2026 17:02:27.064] [main/TRACE] [mixin/]: Added class metadata for dev/ryanhcode/sable/mixin/udp/ConnectionMixin$2 to metadata cache
[08Sep2026 17:02:27.066] [main/DEBUG] [mixin/]: Inner class dev/ryanhcode/sable/mixin/udp/ConnectionMixin$2 in dev/ryanhcode/sable/mixin/udp/ConnectionMixin on net/minecraft/network/Connection gets unique name net/minecraft/network/Connection$Anonymous$a738a2cd4a3943b489e86b65e2e1b784
[08Sep2026 17:02:27.066] [main/DEBUG] [mixin/]: Inner class dev/ryanhcode/sable/mixin/udp/ConnectionMixin$1 in dev/ryanhcode/sable/mixin/udp/ConnectionMixin on net/minecraft/network/Connection gets unique name net/minecraft/network/Connection$Anonymous$928759b48fd8478ab24d29d449a5623f
[08Sep2026 17:02:27.067] [main/TRACE] [mixin/]: Added class metadata for dev/ryanhcode/sable/mixin/udp/ServerConnectionListenerMixin$1 to metadata cache
[08Sep2026 17:02:27.067] [main/TRACE] [mixin/]: Added class metadata for dev/ryanhcode/sable/mixin/udp/ServerConnectionListenerMixin$2 to metadata cache
[08Sep2026 17:02:27.067] [main/DEBUG] [mixin/]: Inner class dev/ryanhcode/sable/mixin/udp/ServerConnectionListenerMixin$2 in dev/ryanhcode/sable/mixin/udp/ServerConnectionListenerMixin on net/minecraft/server/network/ServerConnectionListener gets unique name net/minecraft/server/network/ServerConnectionListener$Anonymous$bc9ef59b8acd486295f1b83fd7f304af
[08Sep2026 17:02:27.068] [main/DEBUG] [mixin/]: Inner class dev/ryanhcode/sable/mixin/udp/ServerConnectionListenerMixin$1 in dev/ryanhcode/sable/mixin/udp/ServerConnectionListenerMixin on net/minecraft/server/network/ServerConnectionListener gets unique name net/minecraft/server/network/ServerConnectionListener$Anonymous$d2514a0be0fc4990b2d8813b62c6c96b
[08Sep2026 17:02:27.069] [main/DEBUG] [net.neoforged.fml.common.asm.RuntimeDistCleaner/DISTXFORM]: Removing method: com/simibubi/create/foundation/blockEntity/CachedRenderBBBlockEntity.getRenderBoundingBox()Lnet/minecraft/world/phys/AABB;
[08Sep2026 17:02:27.069] [main/TRACE] [mixin/]: Added class metadata for com/simibubi/create/foundation/blockEntity/CachedRenderBBBlockEntity to metadata cache
[08Sep2026 17:02:27.069] [main/TRACE] [mixin/]: Added class metadata for com/simibubi/create/foundation/blockEntity/SyncedBlockEntity to metadata cache
[08Sep2026 17:02:27.070] [main/TRACE] [mixin/]: Added class metadata for com/simibubi/create/content/processing/burner/BlazeBurnerBlock$HeatLevel to metadata cache
[08Sep2026 17:02:27.071] [main/TRACE] [mixin/]: Added class metadata for net/createmod/catnip/animation/LerpedFloat$Chaser to metadata cache
[08Sep2026 17:02:27.072] [main/TRACE] [mixin/]: Added class metadata for net/minecraft/world/level/block/state/BlockBehaviour$Properties to metadata cache
[08Sep2026 17:02:27.073] [main/TRACE] [mixin/]: Added class metadata for com/simibubi/create/content/contraptions/actors/AttachedActorBlock to metadata cache
[08Sep2026 17:02:27.073] [main/TRACE] [mixin/]: Added class metadata for com/simibubi/create/content/kinetics/belt/transport/BeltMovementHandler$TransportedEntityInfo to metadata cache
[08Sep2026 17:02:27.073] [main/TRACE] [mixin/]: Added class metadata for com/simibubi/create/foundation/utility/RaycastHelper$PredicateTraceResult to metadata cache
[08Sep2026 17:02:27.074] [main/DEBUG] [net.neoforged.accesstransformer.AccessTransformer/AXFORM]: Transforming net.minecraft.world.entity.decoration.HangingEntity METHOD recalculateBoundingBox()V to access PUBLIC and REMOVEFINAL
[08Sep2026 17:02:27.074] [main/DEBUG] [net.neoforged.accesstransformer.AccessTransformer/AXFORM]: Transforming net.minecraft.world.entity.decoration.HangingEntity METHOD calculateSupportBox()Lnet/minecraft/world/phys/AABB; to access PUBLIC and LEAVE
[08Sep2026 17:02:27.074] [main/TRACE] [mixin/]: Added class metadata for net/minecraft/world/entity/decoration/HangingEntity to metadata cache
[08Sep2026 17:02:27.075] [main/TRACE] [mixin/]: Added class metadata for net/minecraft/world/entity/decoration/BlockAttachedEntity to metadata cache
[08Sep2026 17:02:27.075] [main/TRACE] [mixin/]: Added class metadata for com/simibubi/create/content/kinetics/chainConveyor/ChainConveyorBlockEntity$ConnectionStats to metadata cache
[08Sep2026 17:02:27.076] [main/TRACE] [mixin/]: Added class metadata for net/minecraft/world/level/levelgen/structure/templatesystem/StructureTemplate$StructureBlockInfo to metadata cache
[08Sep2026 17:02:27.077] [main/TRACE] [mixin/]: Added class metadata for com/simibubi/create/content/contraptions/AbstractContraptionEntity$ContraptionRotationState to metadata cache
[08Sep2026 17:02:27.078] [main/TRACE] [mixin/]: Added class metadata for com/simibubi/create/content/redstone/displayLink/LinkWithBulbBlockEntity to metadata cache
[08Sep2026 17:02:27.079] [main/TRACE] [mixin/]: Added class metadata for com/simibubi/create/content/logistics/depot/EjectorBlockEntity$State to metadata cache
[08Sep2026 17:02:27.079] [main/TRACE] [mixin/]: Added class metadata for net/minecraft/core/Direction$AxisDirection to metadata cache
[08Sep2026 17:02:27.080] [main/TRACE] [mixin/]: Added class metadata for com/simibubi/create/content/kinetics/chainConveyor/ChainConveyorBlockEntity$ConnectedPort to metadata cache
[08Sep2026 17:02:27.081] [main/TRACE] [mixin/]: Added class metadata for com/simibubi/create/content/kinetics/chainConveyor/ChainConveyorPackage$ChainConveyorPackagePhysicsData to metadata cache
[08Sep2026 17:02:27.082] [main/TRACE] [mixin/]: Added class metadata for net/neoforged/neoforge/fluids/capability/IFluidHandler$FluidAction to metadata cache
[08Sep2026 17:02:27.082] [main/TRACE] [mixin/]: Added class metadata for net/neoforged/neoforge/capabilities/Capabilities$ItemHandler to metadata cache
[08Sep2026 17:02:27.083] [main/TRACE] [mixin/]: Added class metadata for com/tterrag/registrate/builders/BlockEntityBuilder$BlockEntityFactory to metadata cache
[08Sep2026 17:02:27.083] [main/TRACE] [mixin/]: Added class metadata for com/simibubi/create/foundation/block/WrenchableDirectionalBlock to metadata cache
[08Sep2026 17:02:27.084] [main/TRACE] [mixin/]: Added class metadata for com/simibubi/create/content/schematics/client/tools/PlacementToolBase to metadata cache
[08Sep2026 17:02:27.085] [main/TRACE] [mixin/]: Added class metadata for net/createmod/catnip/outliner/Outline$OutlineParams to metadata cache
[08Sep2026 17:02:27.085] [main/TRACE] [mixin/]: Added class metadata for dev/ryanhcode/sable/api/schematic/SubLevelSchematicSerializationContext$Type to metadata cache
[08Sep2026 17:02:27.085] [main/TRACE] [mixin/]: Added class metadata for dev/ryanhcode/sable/api/schematic/SubLevelSchematicSerializationContext$SchematicMapping to metadata cache
[08Sep2026 17:02:27.086] [main/TRACE] [mixin/]: Added class metadata for com/simibubi/create/content/schematics/SchematicExport$SchematicExportResult to metadata cache
[08Sep2026 17:02:27.086] [main/TRACE] [mixin/]: Added class metadata for dev/ryanhcode/sable/neoforge/mixinterface/compatibility/create/schematics/SchematicLevelExtension$SchematicSubLevel to metadata cache
[08Sep2026 17:02:27.087] [main/TRACE] [mixin/]: Added class metadata for dev/ryanhcode/sable/neoforge/mixin/compatibility/create/schematics/SchematicPrinterMixin$1 to metadata cache
[08Sep2026 17:02:27.087] [main/TRACE] [mixin/]: Added class metadata for dev/ryanhcode/sable/neoforge/mixinterface/compatibility/create/schematics/StructureTemplateExtension$SubLevelTemplate to metadata cache
[08Sep2026 17:02:27.087] [main/TRACE] [mixin/]: Added class metadata for net/minecraft/util/AbortableIterationConsumer$Continuation to metadata cache
[08Sep2026 17:02:27.090] [main/TRACE] [mixin/]: Added class metadata for net/minecraft/network/protocol/common/custom/CustomPacketPayload$Type to metadata cache
[08Sep2026 17:02:27.090] [main/TRACE] [mixin/]: Added class metadata for lol/bai/badpackets/impl/registry/ChannelCodecFinder$Holder to metadata cache
[08Sep2026 17:02:27.091] [main/TRACE] [mixin/]: Added class metadata for lol/bai/badpackets/impl/handler/ServerConfigPacketHandler$CallbackTask to metadata cache
[08Sep2026 17:02:27.091] [main/TRACE] [mixin/]: Added class metadata for lol/bai/badpackets/impl/handler/ServerConfigPacketHandler$CustomTask to metadata cache
[08Sep2026 17:02:27.091] [main/TRACE] [mixin/]: Added class metadata for net/minecraft/server/network/ConfigurationTask$Type to metadata cache
[08Sep2026 17:02:27.091] [main/TRACE] [mixin/]: Added class metadata for lol/bai/badpackets/impl/handler/ServerConfigPacketHandler$TaskFinisher to metadata cache
[08Sep2026 17:02:27.092] [main/TRACE] [mixin/]: Added class metadata for foundry/veil/api/network/VeilPacketManager$PacketSink to metadata cache
[08Sep2026 17:02:27.092] [main/DEBUG] [net.neoforged.accesstransformer.AccessTransformer/AXFORM]: Transforming net.minecraft.resources.RegistryDataLoader$Loader CLASS to access PUBLIC and LEAVE
[08Sep2026 17:02:27.093] [main/TRACE] [mixin/]: Added class metadata for net/minecraft/resources/RegistryDataLoader$Loader to metadata cache
[08Sep2026 17:02:27.093] [main/TRACE] [mixin/]: Added class metadata for foundry/veil/mixin/resource/ResourceVanillaPackResourcesMixin$1 to metadata cache
[08Sep2026 17:02:27.093] [main/TRACE] [mixin/]: Added class metadata for foundry/veil/ext/PackResourcesExtension$PackResourceConsumer to metadata cache
[08Sep2026 17:02:27.093] [main/DEBUG] [mixin/]: Inner class foundry/veil/mixin/resource/ResourceVanillaPackResourcesMixin$1 in foundry/veil/mixin/resource/ResourceVanillaPackResourcesMixin on net/minecraft/server/packs/VanillaPackResources gets unique name net/minecraft/server/packs/VanillaPackResources$Anonymous$af721626cded4a53ac0340fa85a53c26
[08Sep2026 17:02:27.093] [main/TRACE] [mixin/]: Added class metadata for foundry/veil/forge/mixin/resources/PathPackResourcesMixin$1 to metadata cache
[08Sep2026 17:02:27.094] [main/DEBUG] [mixin/]: Inner class foundry/veil/forge/mixin/resources/PathPackResourcesMixin$1 in foundry/veil/forge/mixin/resources/PathPackResourcesMixin on net/minecraft/server/packs/PathPackResources gets unique name net/minecraft/server/packs/PathPackResources$Anonymous$b5e90d493b0645d0b733b1d952edefd8
[08Sep2026 17:02:27.095] [main/TRACE] [mixin/]: Added class metadata for ewewukek/musketmod/mixin/AbstractSkeletonMixin$1 to metadata cache
[08Sep2026 17:02:27.095] [main/DEBUG] [mixin/]: Inner class ewewukek/musketmod/mixin/AbstractSkeletonMixin$1 in ewewukek/musketmod/mixin/AbstractSkeletonMixin on net/minecraft/world/entity/monster/AbstractSkeleton gets unique name net/minecraft/world/entity/monster/AbstractSkeleton$Anonymous$f0279e53c2b846edbd76ac4ac1e94217
[08Sep2026 17:02:27.095] [main/TRACE] [mixin/]: Added class metadata for ewewukek/musketmod/mixin/PillagerMixin$1 to metadata cache
[08Sep2026 17:02:27.096] [main/TRACE] [mixin/]: Added class metadata for net/minecraft/world/entity/monster/AbstractIllager$IllagerArmPose to metadata cache
[08Sep2026 17:02:27.096] [main/DEBUG] [mixin/]: Inner class ewewukek/musketmod/mixin/PillagerMixin$1 in ewewukek/musketmod/mixin/PillagerMixin on net/minecraft/world/entity/monster/Pillager gets unique name net/minecraft/world/entity/monster/Pillager$Anonymous$198d098c153049beba088aed43663477
[08Sep2026 17:02:27.096] [main/TRACE] [mixin/]: Added class metadata for dev/engine_room/flywheel/lib/visualization/SimpleBlockEntityVisualizer$Factory to metadata cache
[08Sep2026 17:02:27.097] [main/TRACE] [mixin/]: Added class metadata for net/minecraft/world/item/CreativeModeTab$ItemDisplayParameters to metadata cache
[08Sep2026 17:02:27.097] [main/TRACE] [mixin/]: Added class metadata for com/simibubi/create/content/kinetics/base/IRotate$StressImpact to metadata cache
[08Sep2026 17:02:27.098] [main/TRACE] [mixin/]: Added class metadata for net/minecraft/world/item/Item$Properties to metadata cache
[08Sep2026 17:02:27.098] [main/TRACE] [mixin/]: Added class metadata for dev/simulated_team/simulated/util/extra_kinetics/ExtraKinetics$ExtraKineticsBlock to metadata cache
[08Sep2026 17:02:27.099] [main/TRACE] [mixin/]: Added class metadata for dev/simulated_team/simulated/util/extra_kinetics/ExtraKinetics$ExtraKineticsBlockEntity to metadata cache
[08Sep2026 17:02:27.099] [main/TRACE] [mixin/]: Added class metadata for dev/simulated_team/simulated/index/SimTags$Misc to metadata cache
[08Sep2026 17:02:27.101] [main/TRACE] [mixin/]: Added class metadata for net/minecraft/world/level/dimension/end/EndDragonFight$Data to metadata cache
[08Sep2026 17:02:27.101] [main/TRACE] [mixin/]: Added class metadata for net/minecraft/world/level/storage/PrimaryLevelData$SpecialWorldProperty to metadata cache
[08Sep2026 17:02:27.106] [main/DEBUG] [mixin/]: Prepared 398 mixins in 1.352 sec (3.4ms avg) (0ms load, 0ms transform, 0ms plugin)
[08Sep2026 17:02:27.218] [main/DEBUG] [io.netty.util.internal.logging.InternalLoggerFactory/]: Using SLF4J as the default logging framework
[08Sep2026 17:02:27.225] [main/DEBUG] [io.netty.util.ResourceLeakDetector/]: -Dio.netty.leakDetection.level: simple
[08Sep2026 17:02:27.226] [main/DEBUG] [io.netty.util.ResourceLeakDetector/]: -Dio.netty.leakDetection.targetRecords: 4
[08Sep2026 17:02:27.367] [main/INFO] [MixinExtras|Service/]: Initializing MixinExtras via com.llamalad7.mixinextras.service.MixinExtrasServiceImpl(version=0.5.3).
[08Sep2026 17:02:27.369] [main/DEBUG] [mixin/]: Registering new injector for @SugarWrapper with com.llamalad7.mixinextras.sugar.impl.SugarWrapperInjectionInfo
[08Sep2026 17:02:27.369] [main/DEBUG] [mixin/]: Registering new injector for @FactoryRedirectWrapper with com.llamalad7.mixinextras.wrapper.factory.FactoryRedirectWrapperInjectionInfo
[08Sep2026 17:02:27.370] [main/DEBUG] [mixin/]: Registering new injector for @ExpressionInjectorWrapper with com.llamalad7.mixinextras.expression.impl.wrapper.ExpressionInjectorWrapperInjectionInfo
[08Sep2026 17:02:27.387] [main/DEBUG] [mixin/]: Mixing accessor.NbtAccounterAccessor from create.mixins.json into net.minecraft.nbt.NbtAccounter
[08Sep2026 17:02:27.455] [main/DEBUG] [mixin/]: Mixing accessor.SystemReportAccessor from create.mixins.json into net.minecraft.SystemReport
[08Sep2026 17:02:27.456] [main/DEBUG] [mixin/]: Renaming @Accessor method getOPERATING_SYSTEM()Ljava/lang/String; to getOPERATING_SYSTEM$create_$md$9b259f$0 in create.mixins.json:accessor.SystemReportAccessor from mod create
[08Sep2026 17:02:27.457] [main/DEBUG] [mixin/]: Renaming @Accessor method getJAVA_VERSION()Ljava/lang/String; to getJAVA_VERSION$create_$md$9b259f$1 in create.mixins.json:accessor.SystemReportAccessor from mod create
[08Sep2026 17:02:27.490] [main/DEBUG] [oshi.util.FileUtil/]: No oshi.properties file found from ClassLoader cpw.mods.modlauncher.TransformingClassLoader@351e414e
[08Sep2026 17:02:27.490] [main/DEBUG] [oshi.util.FileUtil/]: No oshi.properties file found from ClassLoader jdk.internal.loader.ClassLoaders$AppClassLoader@378fd1ac
[08Sep2026 17:02:27.901] [main/DEBUG] [oshi.util.FileUtil/]: No oshi.architecture.properties file found from ClassLoader cpw.mods.modlauncher.TransformingClassLoader@351e414e
[08Sep2026 17:02:27.901] [main/DEBUG] [oshi.util.FileUtil/]: No oshi.architecture.properties file found from ClassLoader jdk.internal.loader.ClassLoaders$AppClassLoader@378fd1ac
[08Sep2026 17:02:28.225] [main/DEBUG] [mixin/]: Mixing BuiltInRegistriesMixin from create.mixins.json into net.minecraft.core.registries.BuiltInRegistries
[08Sep2026 17:02:28.229] [main/DEBUG] [mixin/]: Renaming synthetic method lambda$create$ourRegistriesAreNotEmpty$0(Ljava/util/function/Consumer;Lnet/minecraft/core/Registry;)V to md9b259f$create$lambda$create$ourRegistriesAreNotEmpty$0$0 in create.mixins.json:BuiltInRegistriesMixin from mod create
[08Sep2026 17:02:28.298] [main/DEBUG] [mixin/]: Mixing accessor.MappedRegistryAccessor from create.mixins.json into net.minecraft.core.MappedRegistry
[08Sep2026 17:02:28.299] [main/DEBUG] [mixin/]: Mixing MappedRegistryAccessor from neoforge.mixins.json into net.minecraft.core.MappedRegistry
[08Sep2026 17:02:28.313] [main/DEBUG] [mixin/]: Mixing RegistriesMixin from veil.neoforge.mixins.json into net.minecraft.core.registries.Registries
[08Sep2026 17:02:28.328] [main/DEBUG] [mixin/]: veil.neoforge.mixins.json:RegistriesMixin from mod veil->@Inject::veilElementsPath(Lnet/minecraft/resources/ResourceKey;Lorg/spongepowered/asm/mixin/injection/callback/CallbackInfoReturnable;)V does use it's CallbackInfoReturnable
[08Sep2026 17:02:28.328] [main/DEBUG] [mixin/]: veil.neoforge.mixins.json:RegistriesMixin from mod veil->@Inject::veilTagsPath(Lnet/minecraft/resources/ResourceKey;Lorg/spongepowered/asm/mixin/injection/callback/CallbackInfoReturnable;)V does use it's CallbackInfoReturnable
[08Sep2026 17:02:28.379] [main/DEBUG] [mixin/]: Mixing command.ArgumentTypeInfosMixin from sable.mixins.json into net.minecraft.commands.synchronization.ArgumentTypeInfos
[08Sep2026 17:02:28.388] [main/DEBUG] [mixin/]: sable.mixins.json:command.ArgumentTypeInfosMixin from mod sable->@Inject::sable$bootstrap(Lnet/minecraft/core/Registry;Lorg/spongepowered/asm/mixin/injection/callback/CallbackInfoReturnable;)V doesn't use it's CallbackInfoReturnable
[08Sep2026 17:02:28.421] [main/DEBUG] [mixin/]: Mixing creative_tab_sections.CreativeModeTabMixin from simulated.mixins.json into net.minecraft.world.item.CreativeModeTab
[08Sep2026 17:02:28.535] [main/DEBUG] [mixin/]: Mixing accessor.CreateBlockEntityBuilderAccessor from simulated.mixins.json into com.simibubi.create.foundation.data.CreateBlockEntityBuilder
[08Sep2026 17:02:28.595] [main/DEBUG] [mixin/]: Mixing levitite.BlockMixin from aeronautics.mixins.json into net.minecraft.world.level.block.Block
[08Sep2026 17:02:28.595] [main/DEBUG] [mixin/]: aeronautics.mixins.json:levitite.BlockMixin from mod aeronautics: Class version 65 required is higher than the class version supported by the current version of Mixin (JAVA_18 supports class version 62)
[08Sep2026 17:02:28.607] [main/DEBUG] [mixin/]: Mixing BlockMixin from create.mixins.json into net.minecraft.world.level.block.Block
[08Sep2026 17:02:28.616] [main/DEBUG] [mixin/]: Mixing entity.entity_kicking.BlockMixin from sable.mixins.json into net.minecraft.world.level.block.Block
[08Sep2026 17:02:28.618] [main/DEBUG] [mixin/]: Renaming synthetic method lambda$sable$popResourceFromFace$0(Lnet/minecraft/world/level/Level;DDDLnet/minecraft/world/item/ItemStack;Ldev/ryanhcode/sable/sublevel/SubLevel;)Lnet/minecraft/world/entity/item/ItemEntity; to md9b259f$sable$lambda$sable$popResourceFromFace$0$0 in sable.mixins.json:entity.entity_kicking.BlockMixin from mod sable
[08Sep2026 17:02:28.627] [main/DEBUG] [mixin/]: Mixing entity.entity_rotations_and_riding.BlockMixin from sable.mixins.json into net.minecraft.world.level.block.Block
[08Sep2026 17:02:28.686] [main/DEBUG] [mixin/]: sable.mixins.json:entity.entity_kicking.BlockMixin from mod sable->@Inject::sable$popResourceFromFace(Lnet/minecraft/world/level/Level;Lnet/minecraft/core/BlockPos;Lnet/minecraft/world/item/ItemStack;Lorg/spongepowered/asm/mixin/injection/callback/CallbackInfo;)V does use it's CallbackInfo
[08Sep2026 17:02:28.712] [main/DEBUG] [mixin/]: Mixing accessor.BlockBehaviourAccessor from create.mixins.json into net.minecraft.world.level.block.state.BlockBehaviour
[08Sep2026 17:02:28.712] [main/DEBUG] [mixin/]: Mixing accessor.BlockBehaviourAccessor from simulated.mixins.json into net.minecraft.world.level.block.state.BlockBehaviour
[08Sep2026 17:02:28.731] [main/DEBUG] [mixin/]: Mixing entity.entity_rotations_and_riding.EntityTypeMixin from sable.mixins.json into net.minecraft.world.entity.EntityType
[08Sep2026 17:02:28.738] [main/DEBUG] [mixin/]: sable.mixins.json:entity.entity_rotations_and_riding.EntityTypeMixin from mod sable->@Inject::sable$startRidingEntity(Lnet/minecraft/nbt/CompoundTag;Lnet/minecraft/world/level/Level;Ljava/util/function/Function;Lnet/minecraft/world/entity/Entity;Lorg/spongepowered/asm/mixin/injection/callback/CallbackInfoReturnable;)V doesn't use it's CallbackInfoReturnable
[08Sep2026 17:02:28.762] [main/DEBUG] [mixin/]: Mixing punching.ItemInvoker from sable.mixins.json into net.minecraft.world.item.Item
[08Sep2026 17:02:28.762] [main/DEBUG] [mixin/]: Renaming @Invoker method sable$getPlayerPOVHitResult(Lnet/minecraft/world/level/Level;Lnet/minecraft/world/entity/player/Player;Lnet/minecraft/world/level/ClipContext$Fluid;)Lnet/minecraft/world/phys/BlockHitResult; to getPlayerPOVHitResult$sable_$md$9b259f$0 in sable.mixins.json:punching.ItemInvoker from mod sable
[08Sep2026 17:02:28.781] [main/DEBUG] [mixin/]: Mixing PlayerEntityMixin from vc_gliders-common.mixins.json into net.minecraft.world.entity.player.Player
[08Sep2026 17:02:28.782] [main/DEBUG] [mixin/]: vc_gliders-common.mixins.json:PlayerEntityMixin from mod vc_gliders: Class version 65 required is higher than the class version supported by the current version of Mixin (JAVA_17 supports class version 61)
[08Sep2026 17:02:28.788] [main/DEBUG] [mixin/]: Mixing entity.entity_rotations_and_riding.PlayerMixin from sable.mixins.json into net.minecraft.world.entity.player.Player
[08Sep2026 17:02:28.795] [main/DEBUG] [mixin/]: Mixing entity.entity_sublevel_collision.PlayerMixin from sable.mixins.json into net.minecraft.world.entity.player.Player
[08Sep2026 17:02:28.816] [main/DEBUG] [mixin/]: Mixing interaction_distance.PlayerMixin from sable.mixins.json into net.minecraft.world.entity.player.Player
[08Sep2026 17:02:28.818] [main/DEBUG] [mixin/]: Mixing player_freezing.PlayerMixin from sable.mixins.json into net.minecraft.world.entity.player.Player
[08Sep2026 17:02:28.831] [main/DEBUG] [mixin/]: Mixing player.PlayerMixin from simulated.mixins.json into net.minecraft.world.entity.player.Player
[08Sep2026 17:02:28.834] [main/DEBUG] [mixin/]: Mixing PlayerMixin from create.mixins.json into net.minecraft.world.entity.player.Player
[08Sep2026 17:02:28.861] [main/DEBUG] [mixin/]: vc_gliders-common.mixins.json:PlayerEntityMixin from mod vc_gliders->@Inject::tick(Lorg/spongepowered/asm/mixin/injection/callback/CallbackInfo;)V doesn't use it's CallbackInfo
[08Sep2026 17:02:28.861] [main/DEBUG] [mixin/]: vc_gliders-common.mixins.json:PlayerEntityMixin from mod vc_gliders->@Inject::tick(Lorg/spongepowered/asm/mixin/injection/callback/CallbackInfo;)V has 0 override(s) in child classes
[08Sep2026 17:02:28.862] [main/DEBUG] [mixin/]: vc_gliders-common.mixins.json:PlayerEntityMixin from mod vc_gliders->@Inject::tick(Lorg/spongepowered/asm/mixin/injection/callback/CallbackInfo;)V won't be passed a CallbackInfo as a result
[08Sep2026 17:02:28.862] [main/DEBUG] [mixin/]: vc_gliders-common.mixins.json:PlayerEntityMixin from mod vc_gliders->@Inject::livingEntityAttack(Lorg/spongepowered/asm/mixin/injection/callback/CallbackInfo;)V does use it's CallbackInfo
[08Sep2026 17:02:28.862] [main/DEBUG] [mixin/]: vc_gliders-common.mixins.json:PlayerEntityMixin from mod vc_gliders->@Inject::livingEntityHurt(Lnet/minecraft/world/damagesource/DamageSource;FLorg/spongepowered/asm/mixin/injection/callback/CallbackInfoReturnable;)V does use it's CallbackInfoReturnable
[08Sep2026 17:02:28.862] [main/DEBUG] [mixin/]: sable.mixins.json:entity.entity_rotations_and_riding.PlayerMixin from mod sable->@Inject::sable$storeUpDeltaMovement(Lnet/minecraft/world/phys/Vec3;Lorg/spongepowered/asm/mixin/injection/callback/CallbackInfo;)V doesn't use it's CallbackInfo
[08Sep2026 17:02:28.862] [main/DEBUG] [mixin/]: sable.mixins.json:entity.entity_rotations_and_riding.PlayerMixin from mod sable->@Inject::sable$storeUpDeltaMovement(Lnet/minecraft/world/phys/Vec3;Lorg/spongepowered/asm/mixin/injection/callback/CallbackInfo;)V has 0 override(s) in child classes
[08Sep2026 17:02:28.862] [main/DEBUG] [mixin/]: sable.mixins.json:entity.entity_rotations_and_riding.PlayerMixin from mod sable->@Inject::sable$storeUpDeltaMovement(Lnet/minecraft/world/phys/Vec3;Lorg/spongepowered/asm/mixin/injection/callback/CallbackInfo;)V won't be passed a CallbackInfo as a result
[08Sep2026 17:02:28.864] [main/DEBUG] [mixin/]: sable.mixins.json:entity.entity_sublevel_collision.PlayerMixin from mod sable->@Inject::sable$maybeBackOffFromEdge(Lnet/minecraft/world/phys/Vec3;Lnet/minecraft/world/entity/MoverType;Lorg/spongepowered/asm/mixin/injection/callback/CallbackInfoReturnable;)V does use it's CallbackInfoReturnable
[08Sep2026 17:02:28.865] [main/DEBUG] [mixin/]: sable.mixins.json:interaction_distance.PlayerMixin from mod sable->@Inject::sable$canInteractWithBlock(Lnet/minecraft/core/BlockPos;DLorg/spongepowered/asm/mixin/injection/callback/CallbackInfoReturnable;)V does use it's CallbackInfoReturnable
[08Sep2026 17:02:28.865] [main/DEBUG] [mixin/]: sable.mixins.json:interaction_distance.PlayerMixin from mod sable->@Inject::sable$canInteractWithEntity(Lnet/minecraft/world/phys/AABB;DLorg/spongepowered/asm/mixin/injection/callback/CallbackInfoReturnable;)V does use it's CallbackInfoReturnable
[08Sep2026 17:02:28.865] [main/DEBUG] [mixin/]: sable.mixins.json:player_freezing.PlayerMixin from mod sable->@Inject::sable$preFrozenTick(Lorg/spongepowered/asm/mixin/injection/callback/CallbackInfo;)V doesn't use it's CallbackInfo
[08Sep2026 17:02:28.865] [main/DEBUG] [mixin/]: sable.mixins.json:player_freezing.PlayerMixin from mod sable->@Inject::sable$preFrozenTick(Lorg/spongepowered/asm/mixin/injection/callback/CallbackInfo;)V has 0 override(s) in child classes
[08Sep2026 17:02:28.865] [main/DEBUG] [mixin/]: sable.mixins.json:player_freezing.PlayerMixin from mod sable->@Inject::sable$preFrozenTick(Lorg/spongepowered/asm/mixin/injection/callback/CallbackInfo;)V won't be passed a CallbackInfo as a result
[08Sep2026 17:02:28.916] [main/DEBUG] [mixin/]: Mixing CustomItemUseEffectsMixin from create.mixins.json into net.minecraft.world.entity.LivingEntity
[08Sep2026 17:02:28.919] [main/DEBUG] [mixin/]: Mixing LavaSwimmingMixin from create.mixins.json into net.minecraft.world.entity.LivingEntity
[08Sep2026 17:02:28.923] [main/DEBUG] [mixin/]: Mixing accessor.LivingEntityAccessor from create.mixins.json into net.minecraft.world.entity.LivingEntity
[08Sep2026 17:02:28.923] [main/DEBUG] [mixin/]: Mixing climbing_sub_levels.LivingEntityMixin from sable.mixins.json into net.minecraft.world.entity.LivingEntity
[08Sep2026 17:02:28.927] [main/DEBUG] [mixin/]: Mixing entity.entities_stick_sublevels.LivingEntityMixin from sable.mixins.json into net.minecraft.world.entity.LivingEntity
[08Sep2026 17:02:28.937] [main/DEBUG] [mixin/]: Mixing entity.entities_stick_sublevels.effects.LivingEntityMixin from sable.mixins.json into net.minecraft.world.entity.LivingEntity
[08Sep2026 17:02:28.938] [main/DEBUG] [mixin/]: Mixing entity.entity_rotations_and_riding.LivingEntityMixin from sable.mixins.json into net.minecraft.world.entity.LivingEntity
[08Sep2026 17:02:28.941] [main/DEBUG] [mixin/]: Mixing entity.entity_sublevel_collision.LivingEntityMixin from sable.mixins.json into net.minecraft.world.entity.LivingEntity
[08Sep2026 17:02:28.951] [main/DEBUG] [mixin/]: Mixing respawn_point.sleeping.LivingEntityMixin from sable.mixins.json into net.minecraft.world.entity.LivingEntity
[08Sep2026 17:02:28.953] [main/DEBUG] [mixin/]: Mixing entities_stick_sublevels.effects.LivingEntityMixin from sable-neoforge.mixins.json into net.minecraft.world.entity.LivingEntity
[08Sep2026 17:02:28.990] [main/DEBUG] [mixin/]: create.mixins.json:CustomItemUseEffectsMixin from mod create->@Inject::create$onShouldTriggerUseEffects(Lorg/spongepowered/asm/mixin/injection/callback/CallbackInfoReturnable;)V does use it's CallbackInfoReturnable
[08Sep2026 17:02:28.990] [main/DEBUG] [mixin/]: create.mixins.json:CustomItemUseEffectsMixin from mod create->@Inject::create$onTriggerUseEffects(Lnet/minecraft/world/item/ItemStack;ILorg/spongepowered/asm/mixin/injection/callback/CallbackInfo;)V does use it's CallbackInfo
[08Sep2026 17:02:28.990] [main/DEBUG] [mixin/]: create.mixins.json:LavaSwimmingMixin from mod create->@Inject::create$onLavaTravel(Lnet/minecraft/world/phys/Vec3;Lorg/spongepowered/asm/mixin/injection/callback/CallbackInfo;)V doesn't use it's CallbackInfo
[08Sep2026 17:02:28.990] [main/DEBUG] [mixin/]: create.mixins.json:LavaSwimmingMixin from mod create->@Inject::create$onLavaTravel(Lnet/minecraft/world/phys/Vec3;Lorg/spongepowered/asm/mixin/injection/callback/CallbackInfo;)V has 0 override(s) in child classes
[08Sep2026 17:02:28.990] [main/DEBUG] [mixin/]: create.mixins.json:LavaSwimmingMixin from mod create->@Inject::create$onLavaTravel(Lnet/minecraft/world/phys/Vec3;Lorg/spongepowered/asm/mixin/injection/callback/CallbackInfo;)V won't be passed a CallbackInfo as a result
[08Sep2026 17:02:28.990] [main/DEBUG] [mixin/]: sable.mixins.json:entity.entities_stick_sublevels.LivingEntityMixin from mod sable->@Inject::sable$updateRotLerp(Lorg/spongepowered/asm/mixin/injection/callback/CallbackInfo;)V doesn't use it's CallbackInfo
[08Sep2026 17:02:28.990] [main/DEBUG] [mixin/]: sable.mixins.json:entity.entities_stick_sublevels.LivingEntityMixin from mod sable->@Inject::sable$updateRotLerp(Lorg/spongepowered/asm/mixin/injection/callback/CallbackInfo;)V has 0 override(s) in child classes
[08Sep2026 17:02:28.990] [main/DEBUG] [mixin/]: sable.mixins.json:entity.entities_stick_sublevels.LivingEntityMixin from mod sable->@Inject::sable$updateRotLerp(Lorg/spongepowered/asm/mixin/injection/callback/CallbackInfo;)V won't be passed a CallbackInfo as a result
[08Sep2026 17:02:28.990] [main/DEBUG] [mixin/]: sable.mixins.json:entity.entities_stick_sublevels.LivingEntityMixin from mod sable->@Inject::sable$updatePlotPosition(Lorg/spongepowered/asm/mixin/injection/callback/CallbackInfo;)V doesn't use it's CallbackInfo
[08Sep2026 17:02:28.990] [main/DEBUG] [mixin/]: sable.mixins.json:entity.entities_stick_sublevels.LivingEntityMixin from mod sable->@Inject::sable$updatePlotPosition(Lorg/spongepowered/asm/mixin/injection/callback/CallbackInfo;)V has 0 override(s) in child classes
[08Sep2026 17:02:28.991] [main/DEBUG] [mixin/]: sable.mixins.json:entity.entities_stick_sublevels.LivingEntityMixin from mod sable->@Inject::sable$updatePlotPosition(Lorg/spongepowered/asm/mixin/injection/callback/CallbackInfo;)V won't be passed a CallbackInfo as a result
[08Sep2026 17:02:28.991] [main/DEBUG] [mixin/]: sable.mixins.json:entity.entities_stick_sublevels.LivingEntityMixin from mod sable->@Inject::sable$recreateFromPacket(Lnet/minecraft/network/protocol/game/ClientboundAddEntityPacket;Lorg/spongepowered/asm/mixin/injection/callback/CallbackInfo;)V doesn't use it's CallbackInfo
[08Sep2026 17:02:28.991] [main/DEBUG] [mixin/]: sable.mixins.json:entity.entities_stick_sublevels.LivingEntityMixin from mod sable->@Inject::sable$recreateFromPacket(Lnet/minecraft/network/protocol/game/ClientboundAddEntityPacket;Lorg/spongepowered/asm/mixin/injection/callback/CallbackInfo;)V has 0 override(s) in child classes
[08Sep2026 17:02:28.991] [main/DEBUG] [mixin/]: sable.mixins.json:entity.entities_stick_sublevels.LivingEntityMixin from mod sable->@Inject::sable$recreateFromPacket(Lnet/minecraft/network/protocol/game/ClientboundAddEntityPacket;Lorg/spongepowered/asm/mixin/injection/callback/CallbackInfo;)V won't be passed a CallbackInfo as a result
[08Sep2026 17:02:28.991] [main/DEBUG] [mixin/]: sable.mixins.json:entity.entity_rotations_and_riding.LivingEntityMixin from mod sable->@Inject::sable$jumpFromGround(Lorg/spongepowered/asm/mixin/injection/callback/CallbackInfo;)V does use it's CallbackInfo
[08Sep2026 17:02:28.991] [main/DEBUG] [mixin/]: sable.mixins.json:entity.entity_sublevel_collision.LivingEntityMixin from mod sable->@Inject::sable$beforeAnimation(Lnet/minecraft/world/phys/Vec3;Lorg/spongepowered/asm/mixin/injection/callback/CallbackInfo;)V doesn't use it's CallbackInfo
[08Sep2026 17:02:28.991] [main/DEBUG] [mixin/]: sable.mixins.json:entity.entity_sublevel_collision.LivingEntityMixin from mod sable->@Inject::sable$beforeAnimation(Lnet/minecraft/world/phys/Vec3;Lorg/spongepowered/asm/mixin/injection/callback/CallbackInfo;)V has 0 override(s) in child classes
[08Sep2026 17:02:28.991] [main/DEBUG] [mixin/]: sable.mixins.json:entity.entity_sublevel_collision.LivingEntityMixin from mod sable->@Inject::sable$beforeAnimation(Lnet/minecraft/world/phys/Vec3;Lorg/spongepowered/asm/mixin/injection/callback/CallbackInfo;)V won't be passed a CallbackInfo as a result
[08Sep2026 17:02:28.991] [main/DEBUG] [mixin/]: sable-neoforge.mixins.json:entities_stick_sublevels.effects.LivingEntityMixin from mod sable->@Inject::playBlockFallSound(Lorg/spongepowered/asm/mixin/injection/callback/CallbackInfo;)V doesn't use it's CallbackInfo
[08Sep2026 17:02:28.991] [main/DEBUG] [mixin/]: sable-neoforge.mixins.json:entities_stick_sublevels.effects.LivingEntityMixin from mod sable->@Inject::playBlockFallSound(Lorg/spongepowered/asm/mixin/injection/callback/CallbackInfo;)V has 0 override(s) in child classes
[08Sep2026 17:02:28.991] [main/DEBUG] [mixin/]: sable-neoforge.mixins.json:entities_stick_sublevels.effects.LivingEntityMixin from mod sable->@Inject::playBlockFallSound(Lorg/spongepowered/asm/mixin/injection/callback/CallbackInfo;)V won't be passed a CallbackInfo as a result
[08Sep2026 17:02:29.036] [main/DEBUG] [mixin/]: Mixing entity.entity_swimming.EntityMixin from sable-neoforge.mixins.json into net.minecraft.world.entity.Entity
[08Sep2026 17:02:29.038] [main/DEBUG] [mixin/]: Renaming synthetic method lambda$updateFluidHeightAndDoFluidPushing$2(Lnet/neoforged/neoforge/fluids/FluidType;Ldev/ryanhcode/sable/neoforge/mixinhelper/entity/SableInterimCalculation;)V to md9b259f$sable$lambda$updateFluidHeightAndDoFluidPushing$2$0 in sable-neoforge.mixins.json:entity.entity_swimming.EntityMixin from mod sable
[08Sep2026 17:02:29.038] [main/DEBUG] [mixin/]: Renaming synthetic method lambda$updateFluidHeightAndDoFluidPushing$1(Ljava/lang/Object;)Ldev/ryanhcode/sable/neoforge/mixinhelper/entity/SableInterimCalculation; to md9b259f$sable$lambda$updateFluidHeightAndDoFluidPushing$1$1 in sable-neoforge.mixins.json:entity.entity_swimming.EntityMixin from mod sable
[08Sep2026 17:02:29.038] [main/DEBUG] [mixin/]: Renaming synthetic method lambda$updateFluidHeightAndDoFluidPushing$0(Ljava/lang/Object;)Ldev/ryanhcode/sable/neoforge/mixinhelper/entity/SableInterimCalculation; to md9b259f$sable$lambda$updateFluidHeightAndDoFluidPushing$0$2 in sable-neoforge.mixins.json:entity.entity_swimming.EntityMixin from mod sable
[08Sep2026 17:02:29.064] [main/DEBUG] [mixin/]: Mixing EntityAccess from wthit.mixins.json into net.minecraft.world.entity.Entity
[08Sep2026 17:02:29.065] [main/DEBUG] [mixin/]: wthit.mixins.json:EntityAccess from mod wthit: Class version 65 required is higher than the class version supported by the current version of Mixin (JAVA_16 supports class version 60)
[08Sep2026 17:02:29.066] [main/DEBUG] [mixin/]: Mixing accessor.EntityAccessor from ponder-common.mixins.json into net.minecraft.world.entity.Entity
[08Sep2026 17:02:29.066] [main/DEBUG] [mixin/]: ponder-common.mixins.json:accessor.EntityAccessor from mod ponder: Class version 65 required is higher than the class version supported by the current version of Mixin (JAVA_17 supports class version 61)
[08Sep2026 17:02:29.066] [main/DEBUG] [mixin/]: Mixing clip_overwrite.EntityMixin from sable.mixins.json into net.minecraft.world.entity.Entity
[08Sep2026 17:02:29.066] [main/DEBUG] [mixin/]: Mixing death_message.EntityMixin from sable.mixins.json into net.minecraft.world.entity.Entity
[08Sep2026 17:02:29.067] [main/DEBUG] [mixin/]: Mixing entity.entities_in_blocks.EntityMixin from sable.mixins.json into net.minecraft.world.entity.Entity
[08Sep2026 17:02:29.074] [main/DEBUG] [mixin/]: Mixing entity.entities_stick_sublevels.EntityMixin from sable.mixins.json into net.minecraft.world.entity.Entity
[08Sep2026 17:02:29.077] [main/DEBUG] [mixin/]: Mixing entity.entities_stick_sublevels.effects.EntityMixin from sable.mixins.json into net.minecraft.world.entity.Entity
[08Sep2026 17:02:29.082] [main/DEBUG] [mixin/]: Mixing entity.entity_collision.EntityMixin from sable.mixins.json into net.minecraft.world.entity.Entity
[08Sep2026 17:02:29.083] [main/DEBUG] [mixin/]: Mixing entity.entity_rotations_and_riding.EntityMixin from sable.mixins.json into net.minecraft.world.entity.Entity
[08Sep2026 17:02:29.088] [main/DEBUG] [mixin/]: Mixing extension.EntityMixin from sable.mixins.json into net.minecraft.world.entity.Entity
[08Sep2026 17:02:29.088] [main/DEBUG] [mixin/]: Mixing interaction_distance.EntityMixin from sable.mixins.json into net.minecraft.world.entity.Entity
[08Sep2026 17:02:29.089] [main/DEBUG] [mixin/]: Mixing portal.EntityMixin from sable.mixins.json into net.minecraft.world.entity.Entity
[08Sep2026 17:02:29.091] [main/DEBUG] [mixin/]: Mixing tracking_points.EntityMixin from sable.mixins.json into net.minecraft.world.entity.Entity
[08Sep2026 17:02:29.093] [main/DEBUG] [mixin/]: Mixing water_occlusion.EntityMixin from sable.mixins.json into net.minecraft.world.entity.Entity
[08Sep2026 17:02:29.095] [main/DEBUG] [mixin/]: Mixing EntityMixin from musketmod.mixins.json into net.minecraft.world.entity.Entity
[08Sep2026 17:02:29.105] [main/DEBUG] [mixin/]: Mixing spring_item_bounce.EntityMixin from simulated.mixins.json into net.minecraft.world.entity.Entity
[08Sep2026 17:02:29.110] [main/DEBUG] [mixin/]: Mixing entity.entity_sublevel_collision.EntityMixin from sable.mixins.json into net.minecraft.world.entity.Entity
[08Sep2026 17:02:29.118] [main/DEBUG] [mixin/]: Mixing EntityMixin from create.mixins.json into net.minecraft.world.entity.Entity
[08Sep2026 17:02:29.163] [main/DEBUG] [mixin/]: sable-neoforge.mixins.json:entity.entity_swimming.EntityMixin from mod sable->@Inject::sable$subLevelFluidOnEyes(Lorg/spongepowered/asm/mixin/injection/callback/CallbackInfo;)V doesn't use it's CallbackInfo
[08Sep2026 17:02:29.163] [main/DEBUG] [mixin/]: sable-neoforge.mixins.json:entity.entity_swimming.EntityMixin from mod sable->@Inject::sable$subLevelFluidOnEyes(Lorg/spongepowered/asm/mixin/injection/callback/CallbackInfo;)V has 0 override(s) in child classes
[08Sep2026 17:02:29.163] [main/DEBUG] [mixin/]: sable-neoforge.mixins.json:entity.entity_swimming.EntityMixin from mod sable->@Inject::sable$subLevelFluidOnEyes(Lorg/spongepowered/asm/mixin/injection/callback/CallbackInfo;)V won't be passed a CallbackInfo as a result
[08Sep2026 17:02:29.164] [main/DEBUG] [mixin/]: sable.mixins.json:death_message.EntityMixin from mod sable->@Inject::sable$updateLastSubLevelId(Lorg/spongepowered/asm/mixin/injection/callback/CallbackInfo;)V doesn't use it's CallbackInfo
[08Sep2026 17:02:29.164] [main/DEBUG] [mixin/]: sable.mixins.json:death_message.EntityMixin from mod sable->@Inject::sable$updateLastSubLevelId(Lorg/spongepowered/asm/mixin/injection/callback/CallbackInfo;)V has 0 override(s) in child classes
[08Sep2026 17:02:29.164] [main/DEBUG] [mixin/]: sable.mixins.json:death_message.EntityMixin from mod sable->@Inject::sable$updateLastSubLevelId(Lorg/spongepowered/asm/mixin/injection/callback/CallbackInfo;)V won't be passed a CallbackInfo as a result
[08Sep2026 17:02:29.164] [main/DEBUG] [mixin/]: sable.mixins.json:entity.entities_in_blocks.EntityMixin from mod sable->@Inject::checkInsideBlocks(Lorg/spongepowered/asm/mixin/injection/callback/CallbackInfo;)V doesn't use it's CallbackInfo
[08Sep2026 17:02:29.164] [main/DEBUG] [mixin/]: sable.mixins.json:entity.entities_in_blocks.EntityMixin from mod sable->@Inject::checkInsideBlocks(Lorg/spongepowered/asm/mixin/injection/callback/CallbackInfo;)V has 0 override(s) in child classes
[08Sep2026 17:02:29.164] [main/DEBUG] [mixin/]: sable.mixins.json:entity.entities_in_blocks.EntityMixin from mod sable->@Inject::checkInsideBlocks(Lorg/spongepowered/asm/mixin/injection/callback/CallbackInfo;)V won't be passed a CallbackInfo as a result
[08Sep2026 17:02:29.164] [main/DEBUG] [mixin/]: sable.mixins.json:entity.entities_stick_sublevels.EntityMixin from mod sable->@Inject::sable$updateSubLevelPosition(Lorg/spongepowered/asm/mixin/injection/callback/CallbackInfo;)V doesn't use it's CallbackInfo
[08Sep2026 17:02:29.164] [main/DEBUG] [mixin/]: sable.mixins.json:entity.entities_stick_sublevels.EntityMixin from mod sable->@Inject::sable$updateSubLevelPosition(Lorg/spongepowered/asm/mixin/injection/callback/CallbackInfo;)V has 0 override(s) in child classes
[08Sep2026 17:02:29.164] [main/DEBUG] [mixin/]: sable.mixins.json:entity.entities_stick_sublevels.EntityMixin from mod sable->@Inject::sable$updateSubLevelPosition(Lorg/spongepowered/asm/mixin/injection/callback/CallbackInfo;)V won't be passed a CallbackInfo as a result
[08Sep2026 17:02:29.164] [main/DEBUG] [mixin/]: sable.mixins.json:entity.entities_stick_sublevels.EntityMixin from mod sable->@Inject::sable$recreateFromPacket(Lnet/minecraft/network/protocol/game/ClientboundAddEntityPacket;Lorg/spongepowered/asm/mixin/injection/callback/CallbackInfo;)V doesn't use it's CallbackInfo
[08Sep2026 17:02:29.164] [main/DEBUG] [mixin/]: sable.mixins.json:entity.entities_stick_sublevels.EntityMixin from mod sable->@Inject::sable$recreateFromPacket(Lnet/minecraft/network/protocol/game/ClientboundAddEntityPacket;Lorg/spongepowered/asm/mixin/injection/callback/CallbackInfo;)V has 0 override(s) in child classes
[08Sep2026 17:02:29.164] [main/DEBUG] [mixin/]: sable.mixins.json:entity.entities_stick_sublevels.EntityMixin from mod sable->@Inject::sable$recreateFromPacket(Lnet/minecraft/network/protocol/game/ClientboundAddEntityPacket;Lorg/spongepowered/asm/mixin/injection/callback/CallbackInfo;)V won't be passed a CallbackInfo as a result
[08Sep2026 17:02:29.164] [main/DEBUG] [mixin/]: sable.mixins.json:entity.entities_stick_sublevels.effects.EntityMixin from mod sable->@Inject::sable$spawnSprintParticle(Lorg/spongepowered/asm/mixin/injection/callback/CallbackInfo;)V doesn't use it's CallbackInfo
[08Sep2026 17:02:29.164] [main/DEBUG] [mixin/]: sable.mixins.json:entity.entities_stick_sublevels.effects.EntityMixin from mod sable->@Inject::sable$spawnSprintParticle(Lorg/spongepowered/asm/mixin/injection/callback/CallbackInfo;)V has 0 override(s) in child classes
[08Sep2026 17:02:29.164] [main/DEBUG] [mixin/]: sable.mixins.json:entity.entities_stick_sublevels.effects.EntityMixin from mod sable->@Inject::sable$spawnSprintParticle(Lorg/spongepowered/asm/mixin/injection/callback/CallbackInfo;)V won't be passed a CallbackInfo as a result
[08Sep2026 17:02:29.165] [main/DEBUG] [mixin/]: sable.mixins.json:entity.entities_stick_sublevels.effects.EntityMixin from mod sable->@Inject::sable$preGetOnPos(FLorg/spongepowered/asm/mixin/injection/callback/CallbackInfoReturnable;)V does use it's CallbackInfoReturnable
[08Sep2026 17:02:29.165] [main/DEBUG] [mixin/]: sable.mixins.json:entity.entity_rotations_and_riding.EntityMixin from mod sable->@Inject::moveRelative(FLnet/minecraft/world/phys/Vec3;Lorg/spongepowered/asm/mixin/injection/callback/CallbackInfo;)V does use it's CallbackInfo
[08Sep2026 17:02:29.165] [main/DEBUG] [mixin/]: sable.mixins.json:entity.entity_rotations_and_riding.EntityMixin from mod sable->@Inject::sable$onRidingTick(Lorg/spongepowered/asm/mixin/injection/callback/CallbackInfo;)V doesn't use it's CallbackInfo
[08Sep2026 17:02:29.165] [main/DEBUG] [mixin/]: sable.mixins.json:entity.entity_rotations_and_riding.EntityMixin from mod sable->@Inject::sable$onRidingTick(Lorg/spongepowered/asm/mixin/injection/callback/CallbackInfo;)V has 0 override(s) in child classes
[08Sep2026 17:02:29.165] [main/DEBUG] [mixin/]: sable.mixins.json:entity.entity_rotations_and_riding.EntityMixin from mod sable->@Inject::sable$onRidingTick(Lorg/spongepowered/asm/mixin/injection/callback/CallbackInfo;)V won't be passed a CallbackInfo as a result
[08Sep2026 17:02:29.165] [main/DEBUG] [mixin/]: sable.mixins.json:entity.entity_rotations_and_riding.EntityMixin from mod sable->@Inject::sable$onPositionRider(Lnet/minecraft/world/entity/Entity;Lorg/spongepowered/asm/mixin/injection/callback/CallbackInfo;)V doesn't use it's CallbackInfo
[08Sep2026 17:02:29.165] [main/DEBUG] [mixin/]: sable.mixins.json:entity.entity_rotations_and_riding.EntityMixin from mod sable->@Inject::sable$onPositionRider(Lnet/minecraft/world/entity/Entity;Lorg/spongepowered/asm/mixin/injection/callback/CallbackInfo;)V has 0 override(s) in child classes
[08Sep2026 17:02:29.165] [main/DEBUG] [mixin/]: sable.mixins.json:entity.entity_rotations_and_riding.EntityMixin from mod sable->@Inject::sable$onPositionRider(Lnet/minecraft/world/entity/Entity;Lorg/spongepowered/asm/mixin/injection/callback/CallbackInfo;)V won't be passed a CallbackInfo as a result
[08Sep2026 17:02:29.165] [main/DEBUG] [mixin/]: sable.mixins.json:tracking_points.EntityMixin from mod sable->@Inject::sable$load(Lnet/minecraft/nbt/CompoundTag;Lorg/spongepowered/asm/mixin/injection/callback/CallbackInfo;)V doesn't use it's CallbackInfo
[08Sep2026 17:02:29.165] [main/DEBUG] [mixin/]: sable.mixins.json:tracking_points.EntityMixin from mod sable->@Inject::sable$load(Lnet/minecraft/nbt/CompoundTag;Lorg/spongepowered/asm/mixin/injection/callback/CallbackInfo;)V has 0 override(s) in child classes
[08Sep2026 17:02:29.165] [main/DEBUG] [mixin/]: sable.mixins.json:tracking_points.EntityMixin from mod sable->@Inject::sable$load(Lnet/minecraft/nbt/CompoundTag;Lorg/spongepowered/asm/mixin/injection/callback/CallbackInfo;)V won't be passed a CallbackInfo as a result
[08Sep2026 17:02:29.165] [main/DEBUG] [mixin/]: sable.mixins.json:water_occlusion.EntityMixin from mod sable->@Inject::sable$updateFluidHeightAndDoFluidPushing(Lnet/minecraft/tags/TagKey;DLorg/spongepowered/asm/mixin/injection/callback/CallbackInfoReturnable;)V does use it's CallbackInfoReturnable
[08Sep2026 17:02:29.165] [main/DEBUG] [mixin/]: musketmod.mixins.json:EntityMixin from mod musketmod->@Inject::spawnAtLocation(Lnet/minecraft/world/item/ItemStack;Lorg/spongepowered/asm/mixin/injection/callback/CallbackInfoReturnable;)V does use it's CallbackInfoReturnable
[08Sep2026 17:02:29.166] [main/DEBUG] [mixin/]: simulated.mixins.json:spring_item_bounce.EntityMixin from mod simulated->@Inject::simulated$bouncyItemAdvancement(DZLnet/minecraft/world/level/block/state/BlockState;Lnet/minecraft/core/BlockPos;Lorg/spongepowered/asm/mixin/injection/callback/CallbackInfo;)V doesn't use it's CallbackInfo
[08Sep2026 17:02:29.166] [main/DEBUG] [mixin/]: simulated.mixins.json:spring_item_bounce.EntityMixin from mod simulated->@Inject::simulated$bouncyItemAdvancement(DZLnet/minecraft/world/level/block/state/BlockState;Lnet/minecraft/core/BlockPos;Lorg/spongepowered/asm/mixin/injection/callback/CallbackInfo;)V has 0 override(s) in child classes
[08Sep2026 17:02:29.166] [main/DEBUG] [mixin/]: simulated.mixins.json:spring_item_bounce.EntityMixin from mod simulated->@Inject::simulated$bouncyItemAdvancement(DZLnet/minecraft/world/level/block/state/BlockState;Lnet/minecraft/core/BlockPos;Lorg/spongepowered/asm/mixin/injection/callback/CallbackInfo;)V won't be passed a CallbackInfo as a result
[08Sep2026 17:02:29.166] [main/DEBUG] [mixin/]: sable.mixins.json:entity.entity_sublevel_collision.EntityMixin from mod sable->@Inject::sable$moveInject(Lnet/minecraft/world/entity/MoverType;Lnet/minecraft/world/phys/Vec3;Lorg/spongepowered/asm/mixin/injection/callback/CallbackInfo;)V doesn't use it's CallbackInfo
[08Sep2026 17:02:29.166] [main/DEBUG] [mixin/]: sable.mixins.json:entity.entity_sublevel_collision.EntityMixin from mod sable->@Inject::sable$moveInject(Lnet/minecraft/world/entity/MoverType;Lnet/minecraft/world/phys/Vec3;Lorg/spongepowered/asm/mixin/injection/callback/CallbackInfo;)V has 0 override(s) in child classes
[08Sep2026 17:02:29.166] [main/DEBUG] [mixin/]: sable.mixins.json:entity.entity_sublevel_collision.EntityMixin from mod sable->@Inject::sable$moveInject(Lnet/minecraft/world/entity/MoverType;Lnet/minecraft/world/phys/Vec3;Lorg/spongepowered/asm/mixin/injection/callback/CallbackInfo;)V won't be passed a CallbackInfo as a result
[08Sep2026 17:02:29.166] [main/DEBUG] [mixin/]: sable.mixins.json:entity.entity_sublevel_collision.EntityMixin from mod sable->@Inject::sable$tickInject(Lorg/spongepowered/asm/mixin/injection/callback/CallbackInfo;)V doesn't use it's CallbackInfo
[08Sep2026 17:02:29.167] [main/DEBUG] [mixin/]: sable.mixins.json:entity.entity_sublevel_collision.EntityMixin from mod sable->@Inject::sable$tickInject(Lorg/spongepowered/asm/mixin/injection/callback/CallbackInfo;)V has 0 override(s) in child classes
[08Sep2026 17:02:29.167] [main/DEBUG] [mixin/]: sable.mixins.json:entity.entity_sublevel_collision.EntityMixin from mod sable->@Inject::sable$tickInject(Lorg/spongepowered/asm/mixin/injection/callback/CallbackInfo;)V won't be passed a CallbackInfo as a result
[08Sep2026 17:02:29.202] [main/DEBUG] [mixin/]: Mixing entity.entities_stick_sublevels.player.ServerPlayerMixin from sable.mixins.json into net.minecraft.server.level.ServerPlayer
[08Sep2026 17:02:29.203] [main/DEBUG] [mixin/]: Mixing entity.entity_rotations_and_riding.ServerPlayerMixin from sable.mixins.json into net.minecraft.server.level.ServerPlayer
[08Sep2026 17:02:29.206] [main/DEBUG] [mixin/]: Mixing entity.teleport_players.ServerPlayerMixin from sable.mixins.json into net.minecraft.server.level.ServerPlayer
[08Sep2026 17:02:29.207] [main/DEBUG] [mixin/]: Mixing player_freezing.ServerPlayerMixin from sable.mixins.json into net.minecraft.server.level.ServerPlayer
[08Sep2026 17:02:29.209] [main/DEBUG] [mixin/]: Mixing respawn_point.ServerPlayerMixin from sable.mixins.json into net.minecraft.server.level.ServerPlayer
[08Sep2026 17:02:29.213] [main/DEBUG] [mixin/]: Mixing respawn_point.sleeping.ServerPlayerMixin from sable.mixins.json into net.minecraft.server.level.ServerPlayer
[08Sep2026 17:02:29.215] [main/DEBUG] [mixin/]: Mixing tracking_points.ServerPlayerMixin from sable.mixins.json into net.minecraft.server.level.ServerPlayer
[08Sep2026 17:02:29.215] [main/DEBUG] [mixin/]: Mixing NetworkServerPlayerMixin from veil.network.mixins.json into net.minecraft.server.level.ServerPlayer
[08Sep2026 17:02:29.236] [main/DEBUG] [mixin/]: sable.mixins.json:entity.entities_stick_sublevels.player.ServerPlayerMixin from mod sable->@Inject::tick(Lorg/spongepowered/asm/mixin/injection/callback/CallbackInfo;)V doesn't use it's CallbackInfo
[08Sep2026 17:02:29.237] [main/DEBUG] [mixin/]: sable.mixins.json:entity.entities_stick_sublevels.player.ServerPlayerMixin from mod sable->@Inject::tick(Lorg/spongepowered/asm/mixin/injection/callback/CallbackInfo;)V has 0 override(s) in child classes
[08Sep2026 17:02:29.237] [main/DEBUG] [mixin/]: sable.mixins.json:entity.entities_stick_sublevels.player.ServerPlayerMixin from mod sable->@Inject::tick(Lorg/spongepowered/asm/mixin/injection/callback/CallbackInfo;)V won't be passed a CallbackInfo as a result
[08Sep2026 17:02:29.237] [main/DEBUG] [mixin/]: sable.mixins.json:player_freezing.ServerPlayerMixin from mod sable->@Inject::setSable$frozenToSubLevel(Lorg/spongepowered/asm/mixin/injection/callback/CallbackInfo;)V doesn't use it's CallbackInfo
[08Sep2026 17:02:29.237] [main/DEBUG] [mixin/]: sable.mixins.json:player_freezing.ServerPlayerMixin from mod sable->@Inject::setSable$frozenToSubLevel(Lorg/spongepowered/asm/mixin/injection/callback/CallbackInfo;)V has 0 override(s) in child classes
[08Sep2026 17:02:29.237] [main/DEBUG] [mixin/]: sable.mixins.json:player_freezing.ServerPlayerMixin from mod sable->@Inject::setSable$frozenToSubLevel(Lorg/spongepowered/asm/mixin/injection/callback/CallbackInfo;)V won't be passed a CallbackInfo as a result
[08Sep2026 17:02:29.237] [main/DEBUG] [mixin/]: sable.mixins.json:respawn_point.ServerPlayerMixin from mod sable->@Inject::sable$setRespawnPosition(Lnet/minecraft/resources/ResourceKey;Lnet/minecraft/core/BlockPos;FZZLorg/spongepowered/asm/mixin/injection/callback/CallbackInfo;)V does use it's CallbackInfo
[08Sep2026 17:02:29.237] [main/DEBUG] [mixin/]: sable.mixins.json:respawn_point.ServerPlayerMixin from mod sable->@Inject::sable$addRespawnPoint(Lnet/minecraft/nbt/CompoundTag;Lorg/spongepowered/asm/mixin/injection/callback/CallbackInfo;)V doesn't use it's CallbackInfo
[08Sep2026 17:02:29.237] [main/DEBUG] [mixin/]: sable.mixins.json:respawn_point.ServerPlayerMixin from mod sable->@Inject::sable$addRespawnPoint(Lnet/minecraft/nbt/CompoundTag;Lorg/spongepowered/asm/mixin/injection/callback/CallbackInfo;)V has 0 override(s) in child classes
[08Sep2026 17:02:29.237] [main/DEBUG] [mixin/]: sable.mixins.json:respawn_point.ServerPlayerMixin from mod sable->@Inject::sable$addRespawnPoint(Lnet/minecraft/nbt/CompoundTag;Lorg/spongepowered/asm/mixin/injection/callback/CallbackInfo;)V won't be passed a CallbackInfo as a result
[08Sep2026 17:02:29.237] [main/DEBUG] [mixin/]: sable.mixins.json:respawn_point.ServerPlayerMixin from mod sable->@Inject::sable$readRespawnPoint(Lnet/minecraft/nbt/CompoundTag;Lorg/spongepowered/asm/mixin/injection/callback/CallbackInfo;)V doesn't use it's CallbackInfo
[08Sep2026 17:02:29.237] [main/DEBUG] [mixin/]: sable.mixins.json:respawn_point.ServerPlayerMixin from mod sable->@Inject::sable$readRespawnPoint(Lnet/minecraft/nbt/CompoundTag;Lorg/spongepowered/asm/mixin/injection/callback/CallbackInfo;)V has 0 override(s) in child classes
[08Sep2026 17:02:29.237] [main/DEBUG] [mixin/]: sable.mixins.json:respawn_point.ServerPlayerMixin from mod sable->@Inject::sable$readRespawnPoint(Lnet/minecraft/nbt/CompoundTag;Lorg/spongepowered/asm/mixin/injection/callback/CallbackInfo;)V won't be passed a CallbackInfo as a result
[08Sep2026 17:02:29.237] [main/DEBUG] [mixin/]: sable.mixins.json:tracking_points.ServerPlayerMixin from mod sable->@Inject::addAdditionalSaveData(Lnet/minecraft/nbt/CompoundTag;Lorg/spongepowered/asm/mixin/injection/callback/CallbackInfo;)V doesn't use it's CallbackInfo
[08Sep2026 17:02:29.237] [main/DEBUG] [mixin/]: sable.mixins.json:tracking_points.ServerPlayerMixin from mod sable->@Inject::addAdditionalSaveData(Lnet/minecraft/nbt/CompoundTag;Lorg/spongepowered/asm/mixin/injection/callback/CallbackInfo;)V has 0 override(s) in child classes
[08Sep2026 17:02:29.237] [main/DEBUG] [mixin/]: sable.mixins.json:tracking_points.ServerPlayerMixin from mod sable->@Inject::addAdditionalSaveData(Lnet/minecraft/nbt/CompoundTag;Lorg/spongepowered/asm/mixin/injection/callback/CallbackInfo;)V won't be passed a CallbackInfo as a result
[08Sep2026 17:02:29.246] [main/DEBUG] [mixin/]: Mixing compatibility.create.redstone_links.RedstoneLinkNetworkHandlerMixin from sable-neoforge.mixins.json into com.simibubi.create.content.redstone.link.RedstoneLinkNetworkHandler
[08Sep2026 17:02:29.275] [main/DEBUG] [io.netty.util.internal.PlatformDependent0/]: -Dio.netty.noUnsafe: false
[08Sep2026 17:02:29.276] [main/DEBUG] [io.netty.util.internal.PlatformDependent0/]: Java version: 21
[08Sep2026 17:02:29.276] [main/DEBUG] [io.netty.util.internal.PlatformDependent0/]: sun.misc.Unsafe.theUnsafe: available
[08Sep2026 17:02:29.276] [main/DEBUG] [io.netty.util.internal.PlatformDependent0/]: sun.misc.Unsafe.copyMemory: available
[08Sep2026 17:02:29.278] [main/DEBUG] [io.netty.util.internal.PlatformDependent0/]: sun.misc.Unsafe.storeFence: available
[08Sep2026 17:02:29.278] [main/DEBUG] [io.netty.util.internal.PlatformDependent0/]: java.nio.Buffer.address: available
[08Sep2026 17:02:29.279] [main/DEBUG] [io.netty.util.internal.PlatformDependent0/]: java.nio.Bits.unaligned: available, true
[08Sep2026 17:02:29.280] [main/DEBUG] [io.netty.util.internal.PlatformDependent0/]: java.nio.DirectByteBuffer.<init>(long, {int,long}): unavailable
[08Sep2026 17:02:29.280] [main/DEBUG] [io.netty.util.internal.PlatformDependent/]: sun.misc.Unsafe: available
[08Sep2026 17:02:29.280] [main/DEBUG] [io.netty.util.internal.PlatformDependent/]: maxDirectMemory: 8589934592 bytes (maybe)
[08Sep2026 17:02:29.280] [main/DEBUG] [io.netty.util.internal.PlatformDependent/]: -Dio.netty.tmpdir: C:\Users\Blaine\AppData\Local\Temp (java.io.tmpdir)
[08Sep2026 17:02:29.280] [main/DEBUG] [io.netty.util.internal.PlatformDependent/]: -Dio.netty.bitMode: 64 (sun.arch.data.model)
[08Sep2026 17:02:29.282] [main/DEBUG] [io.netty.util.internal.PlatformDependent/]: Platform: Windows
[08Sep2026 17:02:29.282] [main/DEBUG] [io.netty.util.internal.PlatformDependent/]: -Dio.netty.maxDirectMemory: -1 bytes
[08Sep2026 17:02:29.282] [main/DEBUG] [io.netty.util.internal.PlatformDependent/]: -Dio.netty.uninitializedArrayAllocationThreshold: -1
[08Sep2026 17:02:29.283] [main/DEBUG] [io.netty.util.internal.CleanerJava9/]: java.nio.ByteBuffer.cleaner(): available
[08Sep2026 17:02:29.283] [main/DEBUG] [io.netty.util.internal.PlatformDependent/]: -Dio.netty.noPreferDirect: false
[08Sep2026 17:02:29.290] [main/DEBUG] [mixin/]: Mixing clip_overwrite.BlockGetterMixin from sable.mixins.json into net.minecraft.world.level.BlockGetter
[08Sep2026 17:02:29.290] [main/DEBUG] [mixin/]: Renaming synthetic method lambda$originalClip$1(Lnet/minecraft/world/level/ClipContext;)Lnet/minecraft/world/phys/BlockHitResult; to md9b259f$sable$lambda$originalClip$1$0 in sable.mixins.json:clip_overwrite.BlockGetterMixin from mod sable
[08Sep2026 17:02:29.290] [main/DEBUG] [mixin/]: Renaming synthetic method lambda$originalClip$0(Lnet/minecraft/world/level/BlockGetter;Lnet/minecraft/world/level/ClipContext;Lnet/minecraft/core/BlockPos;)Lnet/minecraft/world/phys/BlockHitResult; to md9b259f$sable$lambda$originalClip$0$1 in sable.mixins.json:clip_overwrite.BlockGetterMixin from mod sable
[08Sep2026 17:02:29.310] [main/DEBUG] [mixin/]: Mixing accessor.StateHolderAccessor from create.mixins.json into net.minecraft.world.level.block.state.StateHolder
[08Sep2026 17:02:29.314] [main/DEBUG] [mixin/]: Mixing block_properties.BlockStateMixin from sable.mixins.json into net.minecraft.world.level.block.state.BlockState
[08Sep2026 17:02:29.323] [main/DEBUG] [mixin/]: Mixing block_placement.EntityGetterMixin from sable.mixins.json into net.minecraft.world.level.EntityGetter
[08Sep2026 17:02:29.328] [main/DEBUG] [mixin/]: Mixing plot.lighting.BlockAndTintGetterMixin from sable.mixins.json into net.minecraft.world.level.BlockAndTintGetter
[08Sep2026 17:02:29.343] [main/DEBUG] [mixin/]: Mixing entity.entity_sublevel_collision.LevelMixin from sable.mixins.json into net.minecraft.world.level.Level
[08Sep2026 17:02:29.343] [main/DEBUG] [mixin/]: Mixing world_border.LevelMixin from sable.mixins.json into net.minecraft.world.level.Level
[08Sep2026 17:02:29.344] [main/DEBUG] [mixin/]: Mixing compatibility.create.super_glue.LevelAccessor from sable-neoforge.mixins.json into net.minecraft.world.level.Level
[08Sep2026 17:02:29.346] [main/DEBUG] [mixin/]: sable.mixins.json:world_border.LevelMixin from mod sable->@Inject::sable$initializeWorldBorder(Lnet/minecraft/world/level/storage/WritableLevelData;Lnet/minecraft/resources/ResourceKey;Lnet/minecraft/core/RegistryAccess;Lnet/minecraft/core/Holder;Ljava/util/function/Supplier;ZZJILorg/spongepowered/asm/mixin/injection/callback/CallbackInfo;)V doesn't use it's CallbackInfo
[08Sep2026 17:02:29.346] [main/DEBUG] [mixin/]: sable.mixins.json:world_border.LevelMixin from mod sable->@Inject::sable$initializeWorldBorder(Lnet/minecraft/world/level/storage/WritableLevelData;Lnet/minecraft/resources/ResourceKey;Lnet/minecraft/core/RegistryAccess;Lnet/minecraft/core/Holder;Ljava/util/function/Supplier;ZZJILorg/spongepowered/asm/mixin/injection/callback/CallbackInfo;)V has 0 override(s) in child classes
[08Sep2026 17:02:29.346] [main/DEBUG] [mixin/]: sable.mixins.json:world_border.LevelMixin from mod sable->@Inject::sable$initializeWorldBorder(Lnet/minecraft/world/level/storage/WritableLevelData;Lnet/minecraft/resources/ResourceKey;Lnet/minecraft/core/RegistryAccess;Lnet/minecraft/core/Holder;Ljava/util/function/Supplier;ZZJILorg/spongepowered/asm/mixin/injection/callback/CallbackInfo;)V won't be passed a CallbackInfo as a result
[08Sep2026 17:02:29.353] [main/DEBUG] [mixin/]: Mixing accessor.ServerLevelAccessor from create.mixins.json into net.minecraft.server.level.ServerLevel
[08Sep2026 17:02:29.353] [main/DEBUG] [mixin/]: Mixing block_decal_render.ServerLevelMixin from sable.mixins.json into net.minecraft.server.level.ServerLevel
[08Sep2026 17:02:29.353] [main/DEBUG] [mixin/]: Mixing entity.entity_aabb_lookup.ServerLevelMixin from sable.mixins.json into net.minecraft.server.level.ServerLevel
[08Sep2026 17:02:29.353] [main/DEBUG] [mixin/]: Mixing entity.entity_kicking.ServerLevelMixin from sable.mixins.json into net.minecraft.server.level.ServerLevel
[08Sep2026 17:02:29.354] [main/DEBUG] [mixin/]: Mixing entity.server_entities_tick.ServerLevelMixin from sable.mixins.json into net.minecraft.server.level.ServerLevel
[08Sep2026 17:02:29.356] [main/DEBUG] [mixin/]: Mixing explosion.ServerLevelMixin from sable.mixins.json into net.minecraft.server.level.ServerLevel
[08Sep2026 17:02:29.357] [main/DEBUG] [mixin/]: Mixing particle.ServerLevelMixin from sable.mixins.json into net.minecraft.server.level.ServerLevel
[08Sep2026 17:02:29.357] [main/DEBUG] [mixin/]: Mixing physics.ServerLevelMixin from sable.mixins.json into net.minecraft.server.level.ServerLevel
[08Sep2026 17:02:29.358] [main/DEBUG] [mixin/]: Mixing plot.ServerLevelMixin from sable.mixins.json into net.minecraft.server.level.ServerLevel
[08Sep2026 17:02:29.364] [main/DEBUG] [mixin/]: Mixing plot.container.ServerLevelMixin from sable.mixins.json into net.minecraft.server.level.ServerLevel
[08Sep2026 17:02:29.367] [main/DEBUG] [mixin/]: Mixing stop_lightning.ServerLevelMixin from sable.mixins.json into net.minecraft.server.level.ServerLevel
[08Sep2026 17:02:29.369] [main/DEBUG] [mixin/]: Mixing water_occlusion.ServerLevelMixin from sable.mixins.json into net.minecraft.server.level.ServerLevel
[08Sep2026 17:02:29.370] [main/DEBUG] [mixin/]: Mixing NetworkServerLevelMixin from veil.network.mixins.json into net.minecraft.server.level.ServerLevel
[08Sep2026 17:02:29.390] [main/DEBUG] [mixin/]: sable.mixins.json:entity.entity_kicking.ServerLevelMixin from mod sable->@Inject::sable$kickEntity(Lnet/minecraft/world/entity/Entity;Lorg/spongepowered/asm/mixin/injection/callback/CallbackInfoReturnable;)V doesn't use it's CallbackInfoReturnable
[08Sep2026 17:02:29.390] [main/DEBUG] [mixin/]: sable.mixins.json:entity.entity_kicking.ServerLevelMixin from mod sable->@Inject::sable$kickEntity(Lnet/minecraft/world/entity/Entity;Lorg/spongepowered/asm/mixin/injection/callback/CallbackInfoReturnable;)V has 0 override(s) in child classes
[08Sep2026 17:02:29.390] [main/DEBUG] [mixin/]: sable.mixins.json:entity.entity_kicking.ServerLevelMixin from mod sable->@Inject::sable$kickEntity(Lnet/minecraft/world/entity/Entity;Lorg/spongepowered/asm/mixin/injection/callback/CallbackInfoReturnable;)V won't be passed a CallbackInfoReturnable as a result
[08Sep2026 17:02:29.390] [main/DEBUG] [mixin/]: sable.mixins.json:plot.ServerLevelMixin from mod sable->@Inject::sable$init(Lorg/spongepowered/asm/mixin/injection/callback/CallbackInfo;)V doesn't use it's CallbackInfo
[08Sep2026 17:02:29.390] [main/DEBUG] [mixin/]: sable.mixins.json:plot.ServerLevelMixin from mod sable->@Inject::sable$init(Lorg/spongepowered/asm/mixin/injection/callback/CallbackInfo;)V has 0 override(s) in child classes
[08Sep2026 17:02:29.390] [main/DEBUG] [mixin/]: sable.mixins.json:plot.ServerLevelMixin from mod sable->@Inject::sable$init(Lorg/spongepowered/asm/mixin/injection/callback/CallbackInfo;)V won't be passed a CallbackInfo as a result
[08Sep2026 17:02:29.390] [main/DEBUG] [mixin/]: sable.mixins.json:plot.ServerLevelMixin from mod sable->@Inject::sable$saveSubLevels(Lnet/minecraft/util/ProgressListener;ZZLorg/spongepowered/asm/mixin/injection/callback/CallbackInfo;)V doesn't use it's CallbackInfo
[08Sep2026 17:02:29.390] [main/DEBUG] [mixin/]: sable.mixins.json:plot.ServerLevelMixin from mod sable->@Inject::sable$saveSubLevels(Lnet/minecraft/util/ProgressListener;ZZLorg/spongepowered/asm/mixin/injection/callback/CallbackInfo;)V has 0 override(s) in child classes
[08Sep2026 17:02:29.390] [main/DEBUG] [mixin/]: sable.mixins.json:plot.ServerLevelMixin from mod sable->@Inject::sable$saveSubLevels(Lnet/minecraft/util/ProgressListener;ZZLorg/spongepowered/asm/mixin/injection/callback/CallbackInfo;)V won't be passed a CallbackInfo as a result
[08Sep2026 17:02:29.390] [main/DEBUG] [mixin/]: sable.mixins.json:plot.ServerLevelMixin from mod sable->@Inject::sable$tickPlotContainer(Ljava/util/function/BooleanSupplier;Lorg/spongepowered/asm/mixin/injection/callback/CallbackInfo;)V doesn't use it's CallbackInfo
[08Sep2026 17:02:29.390] [main/DEBUG] [mixin/]: sable.mixins.json:plot.ServerLevelMixin from mod sable->@Inject::sable$tickPlotContainer(Ljava/util/function/BooleanSupplier;Lorg/spongepowered/asm/mixin/injection/callback/CallbackInfo;)V has 0 override(s) in child classes
[08Sep2026 17:02:29.390] [main/DEBUG] [mixin/]: sable.mixins.json:plot.ServerLevelMixin from mod sable->@Inject::sable$tickPlotContainer(Ljava/util/function/BooleanSupplier;Lorg/spongepowered/asm/mixin/injection/callback/CallbackInfo;)V won't be passed a CallbackInfo as a result
[08Sep2026 17:02:29.390] [main/DEBUG] [mixin/]: sable.mixins.json:plot.ServerLevelMixin from mod sable->@Inject::sable$close(Lorg/spongepowered/asm/mixin/injection/callback/CallbackInfo;)V doesn't use it's CallbackInfo
[08Sep2026 17:02:29.390] [main/DEBUG] [mixin/]: sable.mixins.json:plot.ServerLevelMixin from mod sable->@Inject::sable$close(Lorg/spongepowered/asm/mixin/injection/callback/CallbackInfo;)V has 0 override(s) in child classes
[08Sep2026 17:02:29.390] [main/DEBUG] [mixin/]: sable.mixins.json:plot.ServerLevelMixin from mod sable->@Inject::sable$close(Lorg/spongepowered/asm/mixin/injection/callback/CallbackInfo;)V won't be passed a CallbackInfo as a result
[08Sep2026 17:02:29.404] [main/DEBUG] [mixin/]: Mixing item_converter.ItemEntityMixin from aeronautics.mixins.json into net.minecraft.world.entity.item.ItemEntity
[08Sep2026 17:02:29.404] [main/DEBUG] [mixin/]: aeronautics.mixins.json:item_converter.ItemEntityMixin from mod aeronautics: Class version 65 required is higher than the class version supported by the current version of Mixin (JAVA_18 supports class version 62)
[08Sep2026 17:02:29.407] [main/DEBUG] [mixin/]: Mixing levitite.ItemEntityMixin from aeronautics.mixins.json into net.minecraft.world.entity.item.ItemEntity
[08Sep2026 17:02:29.407] [main/DEBUG] [mixin/]: aeronautics.mixins.json:levitite.ItemEntityMixin from mod aeronautics: Class version 65 required is higher than the class version supported by the current version of Mixin (JAVA_18 supports class version 62)
[08Sep2026 17:02:29.410] [main/DEBUG] [mixin/]: Mixing entity.entity_sublevel_collision.ItemEntityMixin from sable.mixins.json into net.minecraft.world.entity.item.ItemEntity
[08Sep2026 17:02:29.415] [main/DEBUG] [mixin/]: aeronautics.mixins.json:item_converter.ItemEntityMixin from mod aeronautics->@Inject::aeronautics$tick(Lorg/spongepowered/asm/mixin/injection/callback/CallbackInfo;)V doesn't use it's CallbackInfo
[08Sep2026 17:02:29.415] [main/DEBUG] [mixin/]: aeronautics.mixins.json:item_converter.ItemEntityMixin from mod aeronautics->@Inject::aeronautics$tick(Lorg/spongepowered/asm/mixin/injection/callback/CallbackInfo;)V has 0 override(s) in child classes
[08Sep2026 17:02:29.415] [main/DEBUG] [mixin/]: aeronautics.mixins.json:item_converter.ItemEntityMixin from mod aeronautics->@Inject::aeronautics$tick(Lorg/spongepowered/asm/mixin/injection/callback/CallbackInfo;)V won't be passed a CallbackInfo as a result
[08Sep2026 17:02:29.415] [main/DEBUG] [mixin/]: aeronautics.mixins.json:levitite.ItemEntityMixin from mod aeronautics->@Inject::aeronautics$levitatingGravity(Lorg/spongepowered/asm/mixin/injection/callback/CallbackInfoReturnable;)V does use it's CallbackInfoReturnable
[08Sep2026 17:02:29.415] [main/DEBUG] [mixin/]: aeronautics.mixins.json:levitite.ItemEntityMixin from mod aeronautics->@Inject::aeronautics$levitatingDragAndSparkles(Lorg/spongepowered/asm/mixin/injection/callback/CallbackInfo;)V doesn't use it's CallbackInfo
[08Sep2026 17:02:29.415] [main/DEBUG] [mixin/]: aeronautics.mixins.json:levitite.ItemEntityMixin from mod aeronautics->@Inject::aeronautics$levitatingDragAndSparkles(Lorg/spongepowered/asm/mixin/injection/callback/CallbackInfo;)V has 0 override(s) in child classes
[08Sep2026 17:02:29.415] [main/DEBUG] [mixin/]: aeronautics.mixins.json:levitite.ItemEntityMixin from mod aeronautics->@Inject::aeronautics$levitatingDragAndSparkles(Lorg/spongepowered/asm/mixin/injection/callback/CallbackInfo;)V won't be passed a CallbackInfo as a result
[08Sep2026 17:02:29.458] [main/DEBUG] [mixin/]: Mixing voxel_shape_iteration.DiscreteVoxelShapeAccessor from sable.mixins.json into net.minecraft.world.phys.shapes.DiscreteVoxelShape
[08Sep2026 17:02:29.459] [main/DEBUG] [mixin/]: Mixing voxel_shape_iteration.BitSetDiscreteVoxelShapeAccessor from sable.mixins.json into net.minecraft.world.phys.shapes.BitSetDiscreteVoxelShape
[08Sep2026 17:02:29.462] [main/DEBUG] [mixin/]: Mixing voxel_shape_iteration.VoxelShapeMixin from sable.mixins.json into net.minecraft.world.phys.shapes.VoxelShape
[08Sep2026 17:02:29.695] [main/DEBUG] [mixin/]: Mixing ShearableBlocksMixin from wthit.mixins.json into net.minecraft.world.level.block.CherryLeavesBlock
[08Sep2026 17:02:29.695] [main/DEBUG] [mixin/]: wthit.mixins.json:ShearableBlocksMixin from mod wthit: Class version 65 required is higher than the class version supported by the current version of Mixin (JAVA_16 supports class version 60)
[08Sep2026 17:02:29.698] [main/DEBUG] [mixin/]: Mixing ShearableBlocksMixin from wthit.mixins.json into net.minecraft.world.level.block.LeavesBlock
[08Sep2026 17:02:29.698] [main/DEBUG] [mixin/]: wthit.mixins.json:ShearableBlocksMixin from mod wthit: Class version 65 required is higher than the class version supported by the current version of Mixin (JAVA_16 supports class version 60)
[08Sep2026 17:02:29.699] [main/DEBUG] [mixin/]: Mixing ShearableBlocksMixin from wthit.mixins.json into net.minecraft.world.level.block.MangroveLeavesBlock
[08Sep2026 17:02:29.699] [main/DEBUG] [mixin/]: wthit.mixins.json:ShearableBlocksMixin from mod wthit: Class version 65 required is higher than the class version supported by the current version of Mixin (JAVA_16 supports class version 60)
[08Sep2026 17:02:29.703] [main/DEBUG] [mixin/]: Mixing accessor.DispenserBlockAccessor from create.mixins.json into net.minecraft.world.level.block.DispenserBlock
[08Sep2026 17:02:29.706] [main/DEBUG] [mixin/]: Mixing NoteBlockAccess from wthit.mixins.json into net.minecraft.world.level.block.NoteBlock
[08Sep2026 17:02:29.706] [main/DEBUG] [mixin/]: wthit.mixins.json:NoteBlockAccess from mod wthit: Class version 65 required is higher than the class version supported by the current version of Mixin (JAVA_16 supports class version 60)
[08Sep2026 17:02:29.710] [main/DEBUG] [mixin/]: Mixing ShearableBlocksMixin from wthit.mixins.json into net.minecraft.world.level.block.WebBlock
[08Sep2026 17:02:29.710] [main/DEBUG] [mixin/]: wthit.mixins.json:ShearableBlocksMixin from mod wthit: Class version 65 required is higher than the class version supported by the current version of Mixin (JAVA_16 supports class version 60)
[08Sep2026 17:02:29.712] [main/DEBUG] [mixin/]: Mixing ShearableBlocksMixin from wthit.mixins.json into net.minecraft.world.level.block.TallGrassBlock
[08Sep2026 17:02:29.712] [main/DEBUG] [mixin/]: wthit.mixins.json:ShearableBlocksMixin from mod wthit: Class version 65 required is higher than the class version supported by the current version of Mixin (JAVA_16 supports class version 60)
[08Sep2026 17:02:29.713] [main/DEBUG] [mixin/]: Mixing ShearableBlocksMixin from wthit.mixins.json into net.minecraft.world.level.block.DeadBushBlock
[08Sep2026 17:02:29.713] [main/DEBUG] [mixin/]: wthit.mixins.json:ShearableBlocksMixin from mod wthit: Class version 65 required is higher than the class version supported by the current version of Mixin (JAVA_16 supports class version 60)
[08Sep2026 17:02:29.714] [main/DEBUG] [mixin/]: Mixing ShearableBlocksMixin from wthit.mixins.json into net.minecraft.world.level.block.SeagrassBlock
[08Sep2026 17:02:29.714] [main/DEBUG] [mixin/]: wthit.mixins.json:ShearableBlocksMixin from mod wthit: Class version 65 required is higher than the class version supported by the current version of Mixin (JAVA_16 supports class version 60)
[08Sep2026 17:02:29.720] [main/DEBUG] [mixin/]: Mixing impact.TntBlockMixin from sable.mixins.json into net.minecraft.world.level.block.TntBlock
[08Sep2026 17:02:29.723] [main/DEBUG] [mixin/]: Mixing ChiseledBookShelfBlockAccess from wthit.mixins.json into net.minecraft.world.level.block.ChiseledBookShelfBlock
[08Sep2026 17:02:29.723] [main/DEBUG] [mixin/]: wthit.mixins.json:ChiseledBookShelfBlockAccess from mod wthit: Class version 65 required is higher than the class version supported by the current version of Mixin (JAVA_16 supports class version 60)
[08Sep2026 17:02:29.732] [main/DEBUG] [mixin/]: Mixing accessor.CropBlockAccessor from create.mixins.json into net.minecraft.world.level.block.CropBlock
[08Sep2026 17:02:29.754] [main/DEBUG] [mixin/]: Mixing portal.NetherPortalBlockMixin from sable.mixins.json into net.minecraft.world.level.block.NetherPortalBlock
[08Sep2026 17:02:29.770] [main/DEBUG] [mixin/]: Mixing ShearableBlocksMixin from wthit.mixins.json into net.minecraft.world.level.block.VineBlock
[08Sep2026 17:02:29.770] [main/DEBUG] [mixin/]: wthit.mixins.json:ShearableBlocksMixin from mod wthit: Class version 65 required is higher than the class version supported by the current version of Mixin (JAVA_16 supports class version 60)
[08Sep2026 17:02:29.770] [main/DEBUG] [mixin/]: Mixing prevent_overgrowth.VineBlockMixin from sable.mixins.json into net.minecraft.world.level.block.VineBlock
[08Sep2026 17:02:29.802] [main/DEBUG] [mixin/]: Mixing torsion_spring.ComparatorBlockMixin from simulated.mixins.json into net.minecraft.world.level.block.ComparatorBlock
[08Sep2026 17:02:29.825] [main/DEBUG] [mixin/]: Mixing accessor.ConcretePowderBlockAccessor from create.mixins.json into net.minecraft.world.level.block.ConcretePowderBlock
[08Sep2026 17:02:29.846] [main/DEBUG] [mixin/]: Mixing impact.BellBlockMixin from sable.mixins.json into net.minecraft.world.level.block.BellBlock
[08Sep2026 17:02:29.858] [main/DEBUG] [mixin/]: Mixing BeehiveBlockMixin from create.mixins.json into net.minecraft.world.level.block.BeehiveBlock
[08Sep2026 17:02:29.859] [main/DEBUG] [mixin/]: Mixing impact.BeehiveBlockMixin from sable.mixins.json into net.minecraft.world.level.block.BeehiveBlock
[08Sep2026 17:02:29.969] [main/DEBUG] [mixin/]: Mixing water_occlusion.WaterFluidMixin from sable.mixins.json into net.minecraft.world.level.material.WaterFluid
[08Sep2026 17:02:29.974] [main/DEBUG] [mixin/]: Mixing WaterWheelFluidSpreadMixin from create.mixins.json into net.minecraft.world.level.material.FlowingFluid
[08Sep2026 17:02:29.986] [main/DEBUG] [mixin/]: Mixing accessor.FlowingFluidAccessor from create.mixins.json into net.minecraft.world.level.material.FlowingFluid
[08Sep2026 17:02:29.986] [main/DEBUG] [mixin/]: Mixing fluids_on_sub_levels.FlowingFluidMixin from sable.mixins.json into net.minecraft.world.level.material.FlowingFluid
[08Sep2026 17:02:29.988] [main/DEBUG] [mixin/]: create.mixins.json:WaterWheelFluidSpreadMixin from mod create->@Inject::create$canPassThroughOnWaterWheel(Lnet/minecraft/world/level/BlockGetter;Lnet/minecraft/world/level/material/Fluid;Lnet/minecraft/core/BlockPos;Lnet/minecraft/world/level/block/state/BlockState;Lnet/minecraft/core/Direction;Lnet/minecraft/core/BlockPos;Lnet/minecraft/world/level/block/state/BlockState;Lnet/minecraft/world/level/material/FluidState;Lorg/spongepowered/asm/mixin/injection/callback/CallbackInfoReturnable;)V does use it's CallbackInfoReturnable
[08Sep2026 17:02:29.988] [main/DEBUG] [mixin/]: sable.mixins.json:fluids_on_sub_levels.FlowingFluidMixin from mod sable->@Inject::sable$canSpreadTo(Lnet/minecraft/world/level/BlockGetter;Lnet/minecraft/core/BlockPos;Lnet/minecraft/world/level/block/state/BlockState;Lnet/minecraft/core/Direction;Lnet/minecraft/core/BlockPos;Lnet/minecraft/world/level/block/state/BlockState;Lnet/minecraft/world/level/material/FluidState;Lnet/minecraft/world/level/material/Fluid;Lorg/spongepowered/asm/mixin/injection/callback/CallbackInfoReturnable;)V does use it's CallbackInfoReturnable
[08Sep2026 17:02:30.059] [main/DEBUG] [mixin/]: Mixing accessor.FallingBlockEntityAccessor from create.mixins.json into net.minecraft.world.entity.item.FallingBlockEntity
[08Sep2026 17:02:30.059] [main/DEBUG] [mixin/]: Renaming @Invoker method create$callInit(Lnet/minecraft/world/level/Level;DDDLnet/minecraft/world/level/block/state/BlockState;)Lnet/minecraft/world/entity/item/FallingBlockEntity; to callInit$create_$md$9b259f$0 in create.mixins.json:accessor.FallingBlockEntityAccessor from mod create
[08Sep2026 17:02:30.059] [main/DEBUG] [mixin/]: Mixing entity.falling_block.FallingBlockEntityMixin from sable.mixins.json into net.minecraft.world.entity.item.FallingBlockEntity
[08Sep2026 17:02:30.070] [main/DEBUG] [mixin/]: sable.mixins.json:entity.falling_block.FallingBlockEntityMixin from mod sable->@Inject::sable$beforeOnGroundCheck(Lorg/spongepowered/asm/mixin/injection/callback/CallbackInfo;)V doesn't use it's CallbackInfo
[08Sep2026 17:02:30.070] [main/DEBUG] [mixin/]: sable.mixins.json:entity.falling_block.FallingBlockEntityMixin from mod sable->@Inject::sable$beforeOnGroundCheck(Lorg/spongepowered/asm/mixin/injection/callback/CallbackInfo;)V has 0 override(s) in child classes
[08Sep2026 17:02:30.070] [main/DEBUG] [mixin/]: sable.mixins.json:entity.falling_block.FallingBlockEntityMixin from mod sable->@Inject::sable$beforeOnGroundCheck(Lorg/spongepowered/asm/mixin/injection/callback/CallbackInfo;)V won't be passed a CallbackInfo as a result
[08Sep2026 17:02:30.111] [main/DEBUG] [mixin/]: Mixing BaseContainerBlockEntityAccess from wthit.mixins.json into net.minecraft.world.level.block.entity.BaseContainerBlockEntity
[08Sep2026 17:02:30.111] [main/DEBUG] [mixin/]: wthit.mixins.json:BaseContainerBlockEntityAccess from mod wthit: Class version 65 required is higher than the class version supported by the current version of Mixin (JAVA_16 supports class version 60)
[08Sep2026 17:02:30.298] [main/DEBUG] [mixin/]: Mixing accessor.MobEffectInstanceAccessor from create.mixins.json into net.minecraft.world.effect.MobEffectInstance
[08Sep2026 17:02:30.338] [main/DEBUG] [mixin/]: Mixing MobMixin from create.mixins.json into net.minecraft.world.entity.Mob
[08Sep2026 17:02:30.338] [main/DEBUG] [mixin/]: Mixing entity.sublevels_block_sky.SubLevelsBlockSkyMixin from sable.mixins.json into net.minecraft.world.entity.Mob
[08Sep2026 17:02:30.348] [main/DEBUG] [mixin/]: Mixing entity.entity_leashing.LeashableMixin from sable.mixins.json into net.minecraft.world.entity.Leashable
[08Sep2026 17:02:30.360] [main/DEBUG] [mixin/]: Mixing entity.tnt_jumps.PrimedTntMixin from sable.mixins.json into net.minecraft.world.entity.item.PrimedTnt
[08Sep2026 17:02:30.361] [main/DEBUG] [mixin/]: sable.mixins.json:entity.tnt_jumps.PrimedTntMixin from mod sable->@Inject::sable$setTntJump(Lnet/minecraft/world/level/Level;DDDLnet/minecraft/world/entity/LivingEntity;Lorg/spongepowered/asm/mixin/injection/callback/CallbackInfo;)V doesn't use it's CallbackInfo
[08Sep2026 17:02:30.361] [main/DEBUG] [mixin/]: sable.mixins.json:entity.tnt_jumps.PrimedTntMixin from mod sable->@Inject::sable$setTntJump(Lnet/minecraft/world/level/Level;DDDLnet/minecraft/world/entity/LivingEntity;Lorg/spongepowered/asm/mixin/injection/callback/CallbackInfo;)V has 0 override(s) in child classes
[08Sep2026 17:02:30.361] [main/DEBUG] [mixin/]: sable.mixins.json:entity.tnt_jumps.PrimedTntMixin from mod sable->@Inject::sable$setTntJump(Lnet/minecraft/world/level/Level;DDDLnet/minecraft/world/entity/LivingEntity;Lorg/spongepowered/asm/mixin/injection/callback/CallbackInfo;)V won't be passed a CallbackInfo as a result
[08Sep2026 17:02:30.364] [main/DEBUG] [mixin/]: Mixing ChiseledBookShelfBlockEntityAccess from wthit.mixins.json into net.minecraft.world.level.block.entity.ChiseledBookShelfBlockEntity
[08Sep2026 17:02:30.364] [main/DEBUG] [mixin/]: wthit.mixins.json:ChiseledBookShelfBlockEntityAccess from mod wthit: Class version 65 required is higher than the class version supported by the current version of Mixin (JAVA_16 supports class version 60)
[08Sep2026 17:02:30.420] [main/DEBUG] [mixin/]: Mixing BlockEntityTypeAccessor from neoforge.mixins.json into net.minecraft.world.level.block.entity.BlockEntityType
[08Sep2026 17:02:30.478] [main/DEBUG] [mixin/]: Mixing AbstractFurnaceBlockEntityAccess from wthit.mixins.json into net.minecraft.world.level.block.entity.AbstractFurnaceBlockEntity
[08Sep2026 17:02:30.478] [main/DEBUG] [mixin/]: wthit.mixins.json:AbstractFurnaceBlockEntityAccess from mod wthit: Class version 65 required is higher than the class version supported by the current version of Mixin (JAVA_16 supports class version 60)
[08Sep2026 17:02:30.478] [main/DEBUG] [mixin/]: Mixing assembly.AbstractFurnaceBlockEntityMixin from sable.mixins.json into net.minecraft.world.level.block.entity.AbstractFurnaceBlockEntity
[08Sep2026 17:02:30.488] [main/DEBUG] [mixin/]: Mixing sign_interaction.SignBlockEntityMixin from sable.mixins.json into net.minecraft.world.level.block.entity.SignBlockEntity
[08Sep2026 17:02:30.528] [main/DEBUG] [mixin/]: Mixing aabb.AABBMixin from simulated.mixins.json into net.minecraft.world.phys.AABB
[08Sep2026 17:02:30.529] [main/DEBUG] [mixin/]: Renaming @Invoker method invokeGetDirection(Lnet/minecraft/world/phys/AABB;Lnet/minecraft/world/phys/Vec3;[DLnet/minecraft/core/Direction;DDD)Lnet/minecraft/core/Direction; to invokeGetDirection$simulated_$md$9b259f$0 in simulated.mixins.json:aabb.AABBMixin from mod simulated
[08Sep2026 17:02:30.537] [main/DEBUG] [mixin/]: Mixing AbstractArrowMixin from allarrowspickup.mixins.json into net.minecraft.world.entity.projectile.AbstractArrow
[08Sep2026 17:02:30.538] [main/DEBUG] [mixin/]: Mixing entity.arrows_hit_blocks.AbstractArrowMixin from sable.mixins.json into net.minecraft.world.entity.projectile.AbstractArrow
[08Sep2026 17:02:30.544] [main/DEBUG] [mixin/]: allarrowspickup.mixins.json:AbstractArrowMixin from mod allarrowspickup->@Inject::allarrowspickup$forcePickup(Lorg/spongepowered/asm/mixin/injection/callback/CallbackInfo;)V doesn't use it's CallbackInfo
[08Sep2026 17:02:30.544] [main/DEBUG] [mixin/]: allarrowspickup.mixins.json:AbstractArrowMixin from mod allarrowspickup->@Inject::allarrowspickup$forcePickup(Lorg/spongepowered/asm/mixin/injection/callback/CallbackInfo;)V has 0 override(s) in child classes
[08Sep2026 17:02:30.544] [main/DEBUG] [mixin/]: allarrowspickup.mixins.json:AbstractArrowMixin from mod allarrowspickup->@Inject::allarrowspickup$forcePickup(Lorg/spongepowered/asm/mixin/injection/callback/CallbackInfo;)V won't be passed a CallbackInfo as a result
[08Sep2026 17:02:30.545] [main/DEBUG] [mixin/]: sable.mixins.json:entity.arrows_hit_blocks.AbstractArrowMixin from mod sable->@Inject::sable$startFalling(Lorg/spongepowered/asm/mixin/injection/callback/CallbackInfo;)V doesn't use it's CallbackInfo
[08Sep2026 17:02:30.545] [main/DEBUG] [mixin/]: sable.mixins.json:entity.arrows_hit_blocks.AbstractArrowMixin from mod sable->@Inject::sable$startFalling(Lorg/spongepowered/asm/mixin/injection/callback/CallbackInfo;)V has 0 override(s) in child classes
[08Sep2026 17:02:30.545] [main/DEBUG] [mixin/]: sable.mixins.json:entity.arrows_hit_blocks.AbstractArrowMixin from mod sable->@Inject::sable$startFalling(Lorg/spongepowered/asm/mixin/injection/callback/CallbackInfo;)V won't be passed a CallbackInfo as a result
[08Sep2026 17:02:30.550] [main/DEBUG] [mixin/]: Mixing entity.projectile.ProjectileMixin from sable.mixins.json into net.minecraft.world.entity.projectile.Projectile
[08Sep2026 17:02:30.553] [main/DEBUG] [mixin/]: sable.mixins.json:entity.projectile.ProjectileMixin from mod sable->@Inject::sable$shootFromRotation(Lnet/minecraft/world/entity/Entity;FFFFFLorg/spongepowered/asm/mixin/injection/callback/CallbackInfo;)V doesn't use it's CallbackInfo
[08Sep2026 17:02:30.553] [main/DEBUG] [mixin/]: sable.mixins.json:entity.projectile.ProjectileMixin from mod sable->@Inject::sable$shootFromRotation(Lnet/minecraft/world/entity/Entity;FFFFFLorg/spongepowered/asm/mixin/injection/callback/CallbackInfo;)V has 0 override(s) in child classes
[08Sep2026 17:02:30.553] [main/DEBUG] [mixin/]: sable.mixins.json:entity.projectile.ProjectileMixin from mod sable->@Inject::sable$shootFromRotation(Lnet/minecraft/world/entity/Entity;FFFFFLorg/spongepowered/asm/mixin/injection/callback/CallbackInfo;)V won't be passed a CallbackInfo as a result
[08Sep2026 17:02:30.627] [main/DEBUG] [mixin/]: Mixing enchanting_table.EnchantingTableBlockEntityMixin from sable.mixins.json into net.minecraft.world.level.block.entity.EnchantingTableBlockEntity
[08Sep2026 17:02:30.645] [main/DEBUG] [mixin/]: Mixing ItemStackMixin from create.mixins.json into net.minecraft.world.item.ItemStack
[08Sep2026 17:02:30.646] [main/DEBUG] [mixin/]: Renaming synthetic method lambda$create$migrateOldClipboardComponents$0(Lcom/simibubi/create/content/equipment/clipboard/ClipboardContent;Lnet/minecraft/util/Unit;)Lcom/simibubi/create/content/equipment/clipboard/ClipboardContent; to md9b259f$create$lambda$create$migrateOldClipboardComponents$0$0 in create.mixins.json:ItemStackMixin from mod create
[08Sep2026 17:02:30.650] [main/DEBUG] [mixin/]: create.mixins.json:ItemStackMixin from mod create->@Inject::create$migrateOldClipboardComponents(Lnet/minecraft/world/level/ItemLike;ILnet/minecraft/core/component/PatchedDataComponentMap;Lorg/spongepowered/asm/mixin/injection/callback/CallbackInfo;)V doesn't use it's CallbackInfo
[08Sep2026 17:02:30.663] [main/DEBUG] [mixin/]: Mixing prevent_freezing.BiomeMixin from sable.mixins.json into net.minecraft.world.level.biome.Biome
[08Sep2026 17:02:30.663] [main/DEBUG] [mixin/]: Renaming synthetic method lambda$sable$preventFreezing$0(Lnet/minecraft/world/level/Level;Lnet/minecraft/core/BlockPos;)Z to md9b259f$sable$lambda$sable$preventFreezing$0$0 in sable.mixins.json:prevent_freezing.BiomeMixin from mod sable
[08Sep2026 17:02:30.686] [main/DEBUG] [mixin/]: Mixing BeaconBlockEntityAccess from wthit.mixins.json into net.minecraft.world.level.block.entity.BeaconBlockEntity
[08Sep2026 17:02:30.686] [main/DEBUG] [mixin/]: wthit.mixins.json:BeaconBlockEntityAccess from mod wthit: Class version 65 required is higher than the class version supported by the current version of Mixin (JAVA_16 supports class version 60)
[08Sep2026 17:02:30.848] [main/DEBUG] [mixin/]: Mixing conduit.ConduitBlockEntityMixin from sable.mixins.json into net.minecraft.world.level.block.entity.ConduitBlockEntity
[08Sep2026 17:02:30.962] [main/DEBUG] [mixin/]: Mixing LecternBlockEntityAccess from wthit.mixins.json into net.minecraft.world.level.block.entity.LecternBlockEntity
[08Sep2026 17:02:30.962] [main/DEBUG] [mixin/]: wthit.mixins.json:LecternBlockEntityAccess from mod wthit: Class version 65 required is higher than the class version supported by the current version of Mixin (JAVA_16 supports class version 60)
[08Sep2026 17:02:30.965] [main/DEBUG] [mixin/]: Mixing SmithingMenuMixin from create.mixins.json into net.minecraft.world.inventory.SmithingMenu
[08Sep2026 17:02:30.968] [main/DEBUG] [mixin/]: Renaming synthetic method lambda$create$preventUnbreakingOnBacktanks$0(Lnet/minecraft/world/item/ItemStack;Lnet/minecraft/core/Holder;)Z to md9b259f$create$lambda$create$preventUnbreakingOnBacktanks$0$0 in create.mixins.json:SmithingMenuMixin from mod create
[08Sep2026 17:02:30.972] [main/DEBUG] [mixin/]: create.mixins.json:SmithingMenuMixin from mod create->@Inject::create$awardAdvancementWhenTrimmingCardboardArmor(Lnet/minecraft/world/entity/player/Player;Lnet/minecraft/world/item/ItemStack;Lorg/spongepowered/asm/mixin/injection/callback/CallbackInfo;)V doesn't use it's CallbackInfo
[08Sep2026 17:02:30.972] [main/DEBUG] [mixin/]: create.mixins.json:SmithingMenuMixin from mod create->@Inject::create$awardAdvancementWhenTrimmingCardboardArmor(Lnet/minecraft/world/entity/player/Player;Lnet/minecraft/world/item/ItemStack;Lorg/spongepowered/asm/mixin/injection/callback/CallbackInfo;)V has 0 override(s) in child classes
[08Sep2026 17:02:30.972] [main/DEBUG] [mixin/]: create.mixins.json:SmithingMenuMixin from mod create->@Inject::create$awardAdvancementWhenTrimmingCardboardArmor(Lnet/minecraft/world/entity/player/Player;Lnet/minecraft/world/item/ItemStack;Lorg/spongepowered/asm/mixin/injection/callback/CallbackInfo;)V won't be passed a CallbackInfo as a result
[08Sep2026 17:02:31.025] [main/DEBUG] [mixin/]: Mixing BeehiveBlockEntityAccess from wthit.mixins.json into net.minecraft.world.level.block.entity.BeehiveBlockEntity
[08Sep2026 17:02:31.025] [main/DEBUG] [mixin/]: wthit.mixins.json:BeehiveBlockEntityAccess from mod wthit: Class version 65 required is higher than the class version supported by the current version of Mixin (JAVA_16 supports class version 60)
[08Sep2026 17:02:31.246] [main/DEBUG] [mixin/]: Mixing entity.entity_collision.CollisionContextMixin from sable.mixins.json into net.minecraft.world.phys.shapes.CollisionContext
[08Sep2026 17:02:31.810] [main/DEBUG] [mixin/]: Mixing BlockItemMixin from create.mixins.json into net.minecraft.world.item.BlockItem
[08Sep2026 17:02:31.812] [main/DEBUG] [mixin/]: create.mixins.json:BlockItemMixin from mod create->@Inject::create$fixDeployerPlacement(Lnet/minecraft/world/item/context/BlockPlaceContext;Lorg/spongepowered/asm/mixin/injection/callback/CallbackInfoReturnable;)V does use it's CallbackInfoReturnable
[08Sep2026 17:02:31.825] [main/DEBUG] [mixin/]: Mixing lodestone_compat.CompassItemMixin from simulated.mixins.json into net.minecraft.world.item.CompassItem
[08Sep2026 17:02:31.829] [main/DEBUG] [mixin/]: simulated.mixins.json:lodestone_compat.CompassItemMixin from mod simulated->@Inject::simulated$checkID(Lnet/minecraft/world/item/ItemStack;Lnet/minecraft/world/level/Level;Lnet/minecraft/world/entity/Entity;IZLorg/spongepowered/asm/mixin/injection/callback/CallbackInfo;)V doesn't use it's CallbackInfo
[08Sep2026 17:02:31.829] [main/DEBUG] [mixin/]: simulated.mixins.json:lodestone_compat.CompassItemMixin from mod simulated->@Inject::simulated$checkID(Lnet/minecraft/world/item/ItemStack;Lnet/minecraft/world/level/Level;Lnet/minecraft/world/entity/Entity;IZLorg/spongepowered/asm/mixin/injection/callback/CallbackInfo;)V has 0 override(s) in child classes
[08Sep2026 17:02:31.829] [main/DEBUG] [mixin/]: simulated.mixins.json:lodestone_compat.CompassItemMixin from mod simulated->@Inject::simulated$checkID(Lnet/minecraft/world/item/ItemStack;Lnet/minecraft/world/level/Level;Lnet/minecraft/world/entity/Entity;IZLorg/spongepowered/asm/mixin/injection/callback/CallbackInfo;)V won't be passed a CallbackInfo as a result
[08Sep2026 17:02:31.833] [main/DEBUG] [mixin/]: Mixing shears_break_envelopes.ShearsItemMixin from aeronautics.mixins.json into net.minecraft.world.item.ShearsItem
[08Sep2026 17:02:31.833] [main/DEBUG] [mixin/]: aeronautics.mixins.json:shears_break_envelopes.ShearsItemMixin from mod aeronautics: Class version 65 required is higher than the class version supported by the current version of Mixin (JAVA_18 supports class version 62)
[08Sep2026 17:02:31.842] [main/DEBUG] [mixin/]: Mixing honey_glue.ArmorStandItemMixin from simulated.mixins.json into net.minecraft.world.item.ArmorStandItem
[08Sep2026 17:02:31.843] [main/DEBUG] [mixin/]: Renaming synthetic method lambda$ignoreGlues$0(Lnet/minecraft/world/entity/Entity;)Z to md9b259f$simulated$lambda$ignoreGlues$0$0 in simulated.mixins.json:honey_glue.ArmorStandItemMixin from mod simulated
[08Sep2026 17:02:31.988] [main/DEBUG] [mixin/]: Mixing ArmorTrimMixin from create.mixins.json into net.minecraft.world.item.armortrim.ArmorTrim
[08Sep2026 17:02:31.988] [main/DEBUG] [mixin/]: Renaming synthetic method lambda$new$0(Ljava/lang/Boolean;Lnet/minecraft/core/Holder;)Lnet/minecraft/resources/ResourceLocation; to md9b259f$create$lambda$new$0$0 in create.mixins.json:ArmorTrimMixin from mod create
[08Sep2026 17:02:31.993] [main/DEBUG] [mixin/]: create.mixins.json:ArmorTrimMixin from mod create->@Inject::create$swapTexturesForCardboardTrimsInner(Lnet/minecraft/core/Holder;Lorg/spongepowered/asm/mixin/injection/callback/CallbackInfoReturnable;)V does use it's CallbackInfoReturnable
[08Sep2026 17:02:31.993] [main/DEBUG] [mixin/]: create.mixins.json:ArmorTrimMixin from mod create->@Inject::create$swapTexturesForCardboardTrimsOuter(Lnet/minecraft/core/Holder;Lorg/spongepowered/asm/mixin/injection/callback/CallbackInfoReturnable;)V does use it's CallbackInfoReturnable
[08Sep2026 17:02:32.009] [main/DEBUG] [mixin/]: Mixing world_border.WorldBorderMixin from sable.mixins.json into net.minecraft.world.level.border.WorldBorder
[08Sep2026 17:02:32.012] [main/DEBUG] [mixin/]: sable.mixins.json:world_border.WorldBorderMixin from mod sable->@Inject::sable$isInsideCloseToBorder(Lnet/minecraft/world/entity/Entity;Lnet/minecraft/world/phys/AABB;Lorg/spongepowered/asm/mixin/injection/callback/CallbackInfoReturnable;)V does use it's CallbackInfoReturnable
[08Sep2026 17:02:32.015] [main/DEBUG] [mixin/]: Mixing plot.LevelChunkMixin from sable.mixins.json into net.minecraft.world.level.chunk.LevelChunk
[08Sep2026 17:02:32.016] [main/DEBUG] [mixin/]: Mixing plot.lighting.LevelChunkMixin from sable.mixins.json into net.minecraft.world.level.chunk.LevelChunk
[08Sep2026 17:02:32.020] [main/DEBUG] [mixin/]: sable.mixins.json:plot.LevelChunkMixin from mod sable->@Inject::sable$preSetBlockState(Lnet/minecraft/core/BlockPos;Lnet/minecraft/world/level/block/state/BlockState;ZLorg/spongepowered/asm/mixin/injection/callback/CallbackInfoReturnable;)V doesn't use it's CallbackInfoReturnable
[08Sep2026 17:02:32.020] [main/DEBUG] [mixin/]: sable.mixins.json:plot.LevelChunkMixin from mod sable->@Inject::sable$preSetBlockState(Lnet/minecraft/core/BlockPos;Lnet/minecraft/world/level/block/state/BlockState;ZLorg/spongepowered/asm/mixin/injection/callback/CallbackInfoReturnable;)V has 0 override(s) in child classes
[08Sep2026 17:02:32.020] [main/DEBUG] [mixin/]: sable.mixins.json:plot.LevelChunkMixin from mod sable->@Inject::sable$preSetBlockState(Lnet/minecraft/core/BlockPos;Lnet/minecraft/world/level/block/state/BlockState;ZLorg/spongepowered/asm/mixin/injection/callback/CallbackInfoReturnable;)V won't be passed a CallbackInfoReturnable as a result
[08Sep2026 17:02:32.020] [main/DEBUG] [mixin/]: sable.mixins.json:plot.LevelChunkMixin from mod sable->@Inject::sable$postSetBlockState(Lnet/minecraft/core/BlockPos;Lnet/minecraft/world/level/block/state/BlockState;ZLorg/spongepowered/asm/mixin/injection/callback/CallbackInfoReturnable;)V doesn't use it's CallbackInfoReturnable
[08Sep2026 17:02:32.020] [main/DEBUG] [mixin/]: sable.mixins.json:plot.LevelChunkMixin from mod sable->@Inject::sable$postSetBlockState(Lnet/minecraft/core/BlockPos;Lnet/minecraft/world/level/block/state/BlockState;ZLorg/spongepowered/asm/mixin/injection/callback/CallbackInfoReturnable;)V has 0 override(s) in child classes
[08Sep2026 17:02:32.020] [main/DEBUG] [mixin/]: sable.mixins.json:plot.LevelChunkMixin from mod sable->@Inject::sable$postSetBlockState(Lnet/minecraft/core/BlockPos;Lnet/minecraft/world/level/block/state/BlockState;ZLorg/spongepowered/asm/mixin/injection/callback/CallbackInfoReturnable;)V won't be passed a CallbackInfoReturnable as a result
[08Sep2026 17:02:32.020] [main/DEBUG] [mixin/]: sable.mixins.json:plot.LevelChunkMixin from mod sable->@Inject::sable$postSetBlockState(Lnet/minecraft/core/BlockPos;Lnet/minecraft/world/level/block/state/BlockState;ZLorg/spongepowered/asm/mixin/injection/callback/CallbackInfoReturnable;)V doesn't use it's CallbackInfoReturnable
[08Sep2026 17:02:32.020] [main/DEBUG] [mixin/]: sable.mixins.json:plot.LevelChunkMixin from mod sable->@Inject::sable$postSetBlockState(Lnet/minecraft/core/BlockPos;Lnet/minecraft/world/level/block/state/BlockState;ZLorg/spongepowered/asm/mixin/injection/callback/CallbackInfoReturnable;)V has 0 override(s) in child classes
[08Sep2026 17:02:32.020] [main/DEBUG] [mixin/]: sable.mixins.json:plot.LevelChunkMixin from mod sable->@Inject::sable$postSetBlockState(Lnet/minecraft/core/BlockPos;Lnet/minecraft/world/level/block/state/BlockState;ZLorg/spongepowered/asm/mixin/injection/callback/CallbackInfoReturnable;)V won't be passed a CallbackInfoReturnable as a result
[08Sep2026 17:02:32.020] [main/DEBUG] [mixin/]: sable.mixins.json:plot.LevelChunkMixin from mod sable->@Inject::sable$postSetBlockState(Lnet/minecraft/core/BlockPos;Lnet/minecraft/world/level/block/state/BlockState;ZLorg/spongepowered/asm/mixin/injection/callback/CallbackInfoReturnable;)V doesn't use it's CallbackInfoReturnable
[08Sep2026 17:02:32.020] [main/DEBUG] [mixin/]: sable.mixins.json:plot.LevelChunkMixin from mod sable->@Inject::sable$postSetBlockState(Lnet/minecraft/core/BlockPos;Lnet/minecraft/world/level/block/state/BlockState;ZLorg/spongepowered/asm/mixin/injection/callback/CallbackInfoReturnable;)V has 0 override(s) in child classes
[08Sep2026 17:02:32.020] [main/DEBUG] [mixin/]: sable.mixins.json:plot.LevelChunkMixin from mod sable->@Inject::sable$postSetBlockState(Lnet/minecraft/core/BlockPos;Lnet/minecraft/world/level/block/state/BlockState;ZLorg/spongepowered/asm/mixin/injection/callback/CallbackInfoReturnable;)V won't be passed a CallbackInfoReturnable as a result
[08Sep2026 17:02:32.020] [main/DEBUG] [mixin/]: sable.mixins.json:plot.LevelChunkMixin from mod sable->@Inject::sable$postSetBlockState(Lnet/minecraft/core/BlockPos;Lnet/minecraft/world/level/block/state/BlockState;ZLorg/spongepowered/asm/mixin/injection/callback/CallbackInfoReturnable;)V doesn't use it's CallbackInfoReturnable
[08Sep2026 17:02:32.020] [main/DEBUG] [mixin/]: sable.mixins.json:plot.LevelChunkMixin from mod sable->@Inject::sable$postSetBlockState(Lnet/minecraft/core/BlockPos;Lnet/minecraft/world/level/block/state/BlockState;ZLorg/spongepowered/asm/mixin/injection/callback/CallbackInfoReturnable;)V has 0 override(s) in child classes
[08Sep2026 17:02:32.020] [main/DEBUG] [mixin/]: sable.mixins.json:plot.LevelChunkMixin from mod sable->@Inject::sable$postSetBlockState(Lnet/minecraft/core/BlockPos;Lnet/minecraft/world/level/block/state/BlockState;ZLorg/spongepowered/asm/mixin/injection/callback/CallbackInfoReturnable;)V won't be passed a CallbackInfoReturnable as a result
[08Sep2026 17:02:32.064] [main/DEBUG] [mixin/]: Mixing block_placement.BlockPlaceContextMixin from sable.mixins.json into net.minecraft.world.item.context.BlockPlaceContext
[08Sep2026 17:02:32.072] [main/DEBUG] [mixin/]: sable.mixins.json:block_placement.BlockPlaceContextMixin from mod sable->@Inject::sable$canPlace(Lorg/spongepowered/asm/mixin/injection/callback/CallbackInfoReturnable;)V does use it's CallbackInfoReturnable
[08Sep2026 17:02:32.074] [main/DEBUG] [mixin/]: Mixing accessor.UseOnContextAccessor from create.mixins.json into net.minecraft.world.item.context.UseOnContext
[08Sep2026 17:02:32.074] [main/DEBUG] [mixin/]: Mixing block_placement.UseOnContextMixin from sable.mixins.json into net.minecraft.world.item.context.UseOnContext
[08Sep2026 17:02:32.075] [main/DEBUG] [mixin/]: sable.mixins.json:block_placement.UseOnContextMixin from mod sable->@Inject::sable$getHorizontalDirection(Lorg/spongepowered/asm/mixin/injection/callback/CallbackInfoReturnable;)V does use it's CallbackInfoReturnable
[08Sep2026 17:02:32.075] [main/DEBUG] [mixin/]: sable.mixins.json:block_placement.UseOnContextMixin from mod sable->@Inject::sable$getRotation(Lorg/spongepowered/asm/mixin/injection/callback/CallbackInfoReturnable;)V does use it's CallbackInfoReturnable
[08Sep2026 17:02:32.077] [main/DEBUG] [mixin/]: Mixing clip_overwrite.HitResultMixin from sable.mixins.json into net.minecraft.world.phys.HitResult
[08Sep2026 17:02:32.079] [main/DEBUG] [mixin/]: Mixing explosion.ExplosionMixin from sable.mixins.json into net.minecraft.world.level.Explosion
[08Sep2026 17:02:32.088] [main/DEBUG] [mixin/]: sable.mixins.json:explosion.ExplosionMixin from mod sable->@Inject::sable$preExplode(Lorg/spongepowered/asm/mixin/injection/callback/CallbackInfo;)V doesn't use it's CallbackInfo
[08Sep2026 17:02:32.088] [main/DEBUG] [mixin/]: sable.mixins.json:explosion.ExplosionMixin from mod sable->@Inject::sable$preExplode(Lorg/spongepowered/asm/mixin/injection/callback/CallbackInfo;)V has 0 override(s) in child classes
[08Sep2026 17:02:32.088] [main/DEBUG] [mixin/]: sable.mixins.json:explosion.ExplosionMixin from mod sable->@Inject::sable$preExplode(Lorg/spongepowered/asm/mixin/injection/callback/CallbackInfo;)V won't be passed a CallbackInfo as a result
[08Sep2026 17:02:32.088] [main/DEBUG] [mixin/]: sable.mixins.json:explosion.ExplosionMixin from mod sable->@Inject::sable$redirectBlockExplosionResistance(Lorg/spongepowered/asm/mixin/injection/callback/CallbackInfo;Ljava/util/Set;IIIIDDDDFDDDFLnet/minecraft/core/BlockPos;Lnet/minecraft/world/level/block/state/BlockState;Lnet/minecraft/world/level/material/FluidState;)V doesn't use it's CallbackInfo
[08Sep2026 17:02:32.088] [main/DEBUG] [mixin/]: sable.mixins.json:explosion.ExplosionMixin from mod sable->@Inject::sable$redirectBlockExplosionResistance(Lorg/spongepowered/asm/mixin/injection/callback/CallbackInfo;Ljava/util/Set;IIIIDDDDFDDDFLnet/minecraft/core/BlockPos;Lnet/minecraft/world/level/block/state/BlockState;Lnet/minecraft/world/level/material/FluidState;)V has 0 override(s) in child classes
[08Sep2026 17:02:32.088] [main/DEBUG] [mixin/]: sable.mixins.json:explosion.ExplosionMixin from mod sable->@Inject::sable$redirectBlockExplosionResistance(Lorg/spongepowered/asm/mixin/injection/callback/CallbackInfo;Ljava/util/Set;IIIIDDDDFDDDFLnet/minecraft/core/BlockPos;Lnet/minecraft/world/level/block/state/BlockState;Lnet/minecraft/world/level/material/FluidState;)V won't be passed a CallbackInfo as a result
[08Sep2026 17:02:32.131] [main/DEBUG] [mixin/]: Mixing entity.entity_sublevel_collision.AbstractMinecartMixin from sable.mixins.json into net.minecraft.world.entity.vehicle.AbstractMinecart
[08Sep2026 17:02:32.132] [main/DEBUG] [mixin/]: sable.mixins.json:entity.entity_sublevel_collision.AbstractMinecartMixin from mod sable->@Inject::sable$postTick(Lorg/spongepowered/asm/mixin/injection/callback/CallbackInfo;)V doesn't use it's CallbackInfo
[08Sep2026 17:02:32.132] [main/DEBUG] [mixin/]: sable.mixins.json:entity.entity_sublevel_collision.AbstractMinecartMixin from mod sable->@Inject::sable$postTick(Lorg/spongepowered/asm/mixin/injection/callback/CallbackInfo;)V has 0 override(s) in child classes
[08Sep2026 17:02:32.132] [main/DEBUG] [mixin/]: sable.mixins.json:entity.entity_sublevel_collision.AbstractMinecartMixin from mod sable->@Inject::sable$postTick(Lorg/spongepowered/asm/mixin/injection/callback/CallbackInfo;)V won't be passed a CallbackInfo as a result
[08Sep2026 17:02:32.143] [main/DEBUG] [mixin/]: Mixing AbstractSkeletonMixin from musketmod.mixins.json into net.minecraft.world.entity.monster.AbstractSkeleton
[08Sep2026 17:02:32.146] [main/DEBUG] [mixin/]: musketmod.mixins.json:AbstractSkeletonMixin from mod musketmod->@Inject::registerGoals(Lorg/spongepowered/asm/mixin/injection/callback/CallbackInfo;)V doesn't use it's CallbackInfo
[08Sep2026 17:02:32.146] [main/DEBUG] [mixin/]: musketmod.mixins.json:AbstractSkeletonMixin from mod musketmod->@Inject::registerGoals(Lorg/spongepowered/asm/mixin/injection/callback/CallbackInfo;)V has 0 override(s) in child classes
[08Sep2026 17:02:32.146] [main/DEBUG] [mixin/]: musketmod.mixins.json:AbstractSkeletonMixin from mod musketmod->@Inject::registerGoals(Lorg/spongepowered/asm/mixin/injection/callback/CallbackInfo;)V won't be passed a CallbackInfo as a result
[08Sep2026 17:02:32.146] [main/DEBUG] [mixin/]: musketmod.mixins.json:AbstractSkeletonMixin from mod musketmod->@Inject::populateDefaultEquipmentSlots(Lorg/spongepowered/asm/mixin/injection/callback/CallbackInfo;)V doesn't use it's CallbackInfo
[08Sep2026 17:02:32.146] [main/DEBUG] [mixin/]: musketmod.mixins.json:AbstractSkeletonMixin from mod musketmod->@Inject::populateDefaultEquipmentSlots(Lorg/spongepowered/asm/mixin/injection/callback/CallbackInfo;)V has 0 override(s) in child classes
[08Sep2026 17:02:32.146] [main/DEBUG] [mixin/]: musketmod.mixins.json:AbstractSkeletonMixin from mod musketmod->@Inject::populateDefaultEquipmentSlots(Lorg/spongepowered/asm/mixin/injection/callback/CallbackInfo;)V won't be passed a CallbackInfo as a result
[08Sep2026 17:02:32.153] [main/DEBUG] [mixin/]: Mixing entity.entity_pathfinding.PathNavigationMixin from sable.mixins.json into net.minecraft.world.entity.ai.navigation.PathNavigation
[08Sep2026 17:02:32.157] [main/DEBUG] [mixin/]: sable.mixins.json:entity.entity_pathfinding.PathNavigationMixin from mod sable->@Inject::sable$createPath(Ljava/util/Set;IZIFLorg/spongepowered/asm/mixin/injection/callback/CallbackInfoReturnable;)V does use it's CallbackInfoReturnable
[08Sep2026 17:02:32.158] [main/DEBUG] [mixin/]: Mixing entity.entity_pathfinding.GroundPathNavigationMixin from sable.mixins.json into net.minecraft.world.entity.ai.navigation.GroundPathNavigation
[08Sep2026 17:02:32.158] [main/DEBUG] [mixin/]: Mixing entity.sublevels_block_sky.SubLevelsBlockSkyMixin from sable.mixins.json into net.minecraft.world.entity.ai.navigation.GroundPathNavigation
[08Sep2026 17:02:32.159] [main/DEBUG] [mixin/]: sable.mixins.json:entity.entity_pathfinding.GroundPathNavigationMixin from mod sable->@Inject::sable$createPath(Lnet/minecraft/world/entity/Entity;ILorg/spongepowered/asm/mixin/injection/callback/CallbackInfoReturnable;)V does use it's CallbackInfoReturnable
[08Sep2026 17:02:32.167] [main/DEBUG] [mixin/]: Mixing DataFixersMixin from computercraft.mixins.json into net.minecraft.util.datafix.DataFixers
[08Sep2026 17:02:32.257] [main/DEBUG] [mixin/]: Mixing datafixer.BlockPosFormatAndRenamesFixMixin from create.mixins.json into net.minecraft.util.datafix.fixes.BlockPosFormatAndRenamesFix
[08Sep2026 17:02:32.257] [main/DEBUG] [mixin/]: Renaming synthetic method lambda$create$addFixers$2(Lcom/mojang/datafixers/OpticFinder;Lcom/simibubi/create/foundation/utility/DataFixerHelper$BlockPosFixer;Lcom/mojang/datafixers/Typed;)Lcom/mojang/datafixers/Typed; to md9b259f$create$lambda$create$addFixers$2$0 in create.mixins.json:datafixer.BlockPosFormatAndRenamesFixMixin from mod create
[08Sep2026 17:02:32.258] [main/DEBUG] [mixin/]: Renaming synthetic method lambda$create$addFixers$1(Lcom/simibubi/create/foundation/utility/DataFixerHelper$BlockPosFixer;Lcom/mojang/datafixers/Typed;)Lcom/mojang/datafixers/Typed; to md9b259f$create$lambda$create$addFixers$1$1 in create.mixins.json:datafixer.BlockPosFormatAndRenamesFixMixin from mod create
[08Sep2026 17:02:32.258] [main/DEBUG] [mixin/]: Renaming synthetic method lambda$create$addFixers$0(Lcom/simibubi/create/foundation/utility/DataFixerHelper$BlockPosFixer;Lcom/mojang/serialization/Dynamic;)Lcom/mojang/serialization/Dynamic; to md9b259f$create$lambda$create$addFixers$0$2 in create.mixins.json:datafixer.BlockPosFormatAndRenamesFixMixin from mod create
[08Sep2026 17:02:32.262] [main/DEBUG] [mixin/]: create.mixins.json:datafixer.BlockPosFormatAndRenamesFixMixin from mod create->@Inject::create$addFixers(Lorg/spongepowered/asm/mixin/injection/callback/CallbackInfoReturnable;)V doesn't use it's CallbackInfoReturnable
[08Sep2026 17:02:32.262] [main/DEBUG] [mixin/]: create.mixins.json:datafixer.BlockPosFormatAndRenamesFixMixin from mod create->@Inject::create$addFixers(Lorg/spongepowered/asm/mixin/injection/callback/CallbackInfoReturnable;)V has 0 override(s) in child classes
[08Sep2026 17:02:32.262] [main/DEBUG] [mixin/]: create.mixins.json:datafixer.BlockPosFormatAndRenamesFixMixin from mod create->@Inject::create$addFixers(Lorg/spongepowered/asm/mixin/injection/callback/CallbackInfoReturnable;)V won't be passed a CallbackInfoReturnable as a result
[08Sep2026 17:02:32.265] [main/DEBUG] [mixin/]: Mixing datafixer.ItemStackComponentizationFixMixin from create.mixins.json into net.minecraft.util.datafix.fixes.ItemStackComponentizationFix
[08Sep2026 17:02:32.265] [main/DEBUG] [mixin/]: Renaming synthetic method lambda$create$moveItemStackHandlerToItemContainerContents$4(Lcom/mojang/serialization/Dynamic;Lnet/minecraft/util/datafix/fixes/ItemStackComponentizationFix$ItemStackData;Ljava/lang/String;Lcom/mojang/serialization/Dynamic;)V to md9b259f$create$lambda$create$moveItemStackHandlerToItemContainerContents$4$0 in create.mixins.json:datafixer.ItemStackComponentizationFixMixin from mod create
[08Sep2026 17:02:32.265] [main/DEBUG] [mixin/]: Renaming synthetic method lambda$create$moveItemStackHandlerToItemContainerContents$3(Lcom/mojang/serialization/Dynamic;Ljava/util/List;Lcom/mojang/serialization/Dynamic;)V to md9b259f$create$lambda$create$moveItemStackHandlerToItemContainerContents$3$1 in create.mixins.json:datafixer.ItemStackComponentizationFixMixin from mod create
[08Sep2026 17:02:32.265] [main/DEBUG] [mixin/]: Renaming synthetic method lambda$create$moveTagToEnumComponent$2([Ljava/lang/Enum;Lnet/minecraft/util/datafix/fixes/ItemStackComponentizationFix$ItemStackData;Ljava/lang/String;Lcom/mojang/serialization/Dynamic;)V to md9b259f$create$lambda$create$moveTagToEnumComponent$2$2 in create.mixins.json:datafixer.ItemStackComponentizationFixMixin from mod create
[08Sep2026 17:02:32.265] [main/DEBUG] [mixin/]: Renaming synthetic method lambda$create$fixItemsAndTranslateNBTIntoComponents$1(Lnet/minecraft/util/datafix/fixes/ItemStackComponentizationFix$ItemStackData;Lcom/mojang/serialization/Dynamic;)V to md9b259f$create$lambda$create$fixItemsAndTranslateNBTIntoComponents$1$3 in create.mixins.json:datafixer.ItemStackComponentizationFixMixin from mod create
[08Sep2026 17:02:32.265] [main/DEBUG] [mixin/]: Renaming synthetic method lambda$create$fixItemsAndTranslateNBTIntoComponents$0(Lcom/mojang/serialization/Dynamic;Lnet/minecraft/util/datafix/fixes/ItemStackComponentizationFix$ItemStackData;Lcom/mojang/serialization/Dynamic;)V to md9b259f$create$lambda$create$fixItemsAndTranslateNBTIntoComponents$0$4 in create.mixins.json:datafixer.ItemStackComponentizationFixMixin from mod create
[08Sep2026 17:02:32.271] [main/DEBUG] [mixin/]: Mixing ItemStackComponentizationFixMixin from computercraft.mixins.json into net.minecraft.util.datafix.fixes.ItemStackComponentizationFix
[08Sep2026 17:02:32.281] [main/DEBUG] [mixin/]: create.mixins.json:datafixer.ItemStackComponentizationFixMixin from mod create->@Inject::create$fixItemsAndTranslateNBTIntoComponents(Lnet/minecraft/util/datafix/fixes/ItemStackComponentizationFix$ItemStackData;Lcom/mojang/serialization/Dynamic;Lorg/spongepowered/asm/mixin/injection/callback/CallbackInfo;)V doesn't use it's CallbackInfo
[08Sep2026 17:02:32.281] [main/DEBUG] [mixin/]: computercraft.mixins.json:ItemStackComponentizationFixMixin from mod computercraft->@Inject::fixItemStack(Lnet/minecraft/util/datafix/fixes/ItemStackComponentizationFix$ItemStackData;Lcom/mojang/serialization/Dynamic;Lorg/spongepowered/asm/mixin/injection/callback/CallbackInfo;)V doesn't use it's CallbackInfo
[08Sep2026 17:02:32.557] [main/DEBUG] [mixin/]: Mixing datafixer.V1460Mixin from create.mixins.json into net.minecraft.util.datafix.schemas.V1460
[08Sep2026 17:02:32.559] [main/DEBUG] [mixin/]: Mixing V1460Mixin from computercraft.mixins.json into net.minecraft.util.datafix.schemas.V1460
[08Sep2026 17:02:32.559] [main/DEBUG] [mixin/]: Renaming synthetic method lambda$registerTurtle$0(Lcom/mojang/datafixers/schemas/Schema;)Lcom/mojang/datafixers/types/templates/TypeTemplate; to md9b259f$computercraft$lambda$registerTurtle$0$0 in computercraft.mixins.json:V1460Mixin from mod computercraft
[08Sep2026 17:02:32.559] [main/DEBUG] [mixin/]: Renaming synthetic method lambda$registerBlockEntities$0(Lcom/mojang/datafixers/schemas/Schema;)Lcom/mojang/datafixers/types/templates/TypeTemplate; to md9b259f$computercraft$lambda$registerBlockEntities$0$1 in computercraft.mixins.json:V1460Mixin from mod computercraft
[08Sep2026 17:02:32.562] [main/DEBUG] [mixin/]: create.mixins.json:datafixer.V1460Mixin from mod create->@Inject::create$registerEntitiesToBeFixed(Lcom/mojang/datafixers/schemas/Schema;Lorg/spongepowered/asm/mixin/injection/callback/CallbackInfoReturnable;)V does use it's CallbackInfoReturnable
[08Sep2026 17:02:32.562] [main/DEBUG] [mixin/]: create.mixins.json:datafixer.V1460Mixin from mod create->@Inject::create$registerBlockEntitiesToBeFixed(Lcom/mojang/datafixers/schemas/Schema;Lorg/spongepowered/asm/mixin/injection/callback/CallbackInfoReturnable;)V does use it's CallbackInfoReturnable
[08Sep2026 17:02:32.562] [main/DEBUG] [mixin/]: computercraft.mixins.json:V1460Mixin from mod computercraft->@Inject::registerBlockEntities(Lcom/mojang/datafixers/schemas/Schema;Lorg/spongepowered/asm/mixin/injection/callback/CallbackInfoReturnable;)V does use it's CallbackInfoReturnable
[08Sep2026 17:02:32.772] [main/DEBUG] [mixin/]: Mixing V3818_3Mixin from computercraft.forge.mixins.json into net.minecraft.util.datafix.schemas.V3818_3
[08Sep2026 17:02:32.842] [main/DEBUG] [mixin/]: Generating mapped inner class net/minecraft/world/entity/monster/AbstractSkeleton$Anonymous$f0279e53c2b846edbd76ac4ac1e94217 (originally ewewukek/musketmod/mixin/AbstractSkeletonMixin$1)
[08Sep2026 17:02:32.847] [main/DEBUG] [mixin/]: Mixing entity.sublevels_block_sky.SubLevelsBlockSkyMixin from sable.mixins.json into net.minecraft.world.entity.ai.goal.FleeSunGoal
[08Sep2026 17:02:32.873] [main/DEBUG] [mixin/]: Mixing entity.tamed_teleport.TamableAnimalMixin from sable.mixins.json into net.minecraft.world.entity.TamableAnimal
[08Sep2026 17:02:32.892] [main/DEBUG] [mixin/]: Mixing accessor.MinecartFurnaceAccessor from create.mixins.json into net.minecraft.world.entity.vehicle.MinecartFurnace
[08Sep2026 17:02:32.925] [main/DEBUG] [mixin/]: Mixing entity.trident.ThrownTridentMixin from sable.mixins.json into net.minecraft.world.entity.projectile.ThrownTrident
[08Sep2026 17:02:32.926] [main/DEBUG] [mixin/]: sable.mixins.json:entity.trident.ThrownTridentMixin from mod sable->@Inject::sable$startReturning(Lorg/spongepowered/asm/mixin/injection/callback/CallbackInfo;)V doesn't use it's CallbackInfo
[08Sep2026 17:02:32.926] [main/DEBUG] [mixin/]: sable.mixins.json:entity.trident.ThrownTridentMixin from mod sable->@Inject::sable$startReturning(Lorg/spongepowered/asm/mixin/injection/callback/CallbackInfo;)V has 0 override(s) in child classes
[08Sep2026 17:02:32.926] [main/DEBUG] [mixin/]: sable.mixins.json:entity.trident.ThrownTridentMixin from mod sable->@Inject::sable$startReturning(Lorg/spongepowered/asm/mixin/injection/callback/CallbackInfo;)V won't be passed a CallbackInfo as a result
[08Sep2026 17:02:32.973] [main/DEBUG] [mixin/]: Mixing accessor.ItemFrameAccessor from create.mixins.json into net.minecraft.world.entity.decoration.ItemFrame
[08Sep2026 17:02:33.031] [main/DEBUG] [mixin/]: Mixing PillagerMixin from musketmod.mixins.json into net.minecraft.world.entity.monster.Pillager
[08Sep2026 17:02:33.034] [main/DEBUG] [mixin/]: musketmod.mixins.json:PillagerMixin from mod musketmod->@Inject::registerGoals(Lorg/spongepowered/asm/mixin/injection/callback/CallbackInfo;)V doesn't use it's CallbackInfo
[08Sep2026 17:02:33.034] [main/DEBUG] [mixin/]: musketmod.mixins.json:PillagerMixin from mod musketmod->@Inject::registerGoals(Lorg/spongepowered/asm/mixin/injection/callback/CallbackInfo;)V has 0 override(s) in child classes
[08Sep2026 17:02:33.034] [main/DEBUG] [mixin/]: musketmod.mixins.json:PillagerMixin from mod musketmod->@Inject::registerGoals(Lorg/spongepowered/asm/mixin/injection/callback/CallbackInfo;)V won't be passed a CallbackInfo as a result
[08Sep2026 17:02:33.034] [main/DEBUG] [mixin/]: musketmod.mixins.json:PillagerMixin from mod musketmod->@Inject::populateDefaultEquipmentSlots(Lorg/spongepowered/asm/mixin/injection/callback/CallbackInfo;)V doesn't use it's CallbackInfo
[08Sep2026 17:02:33.034] [main/DEBUG] [mixin/]: musketmod.mixins.json:PillagerMixin from mod musketmod->@Inject::populateDefaultEquipmentSlots(Lorg/spongepowered/asm/mixin/injection/callback/CallbackInfo;)V has 0 override(s) in child classes
[08Sep2026 17:02:33.034] [main/DEBUG] [mixin/]: musketmod.mixins.json:PillagerMixin from mod musketmod->@Inject::populateDefaultEquipmentSlots(Lorg/spongepowered/asm/mixin/injection/callback/CallbackInfo;)V won't be passed a CallbackInfo as a result
[08Sep2026 17:02:33.035] [main/DEBUG] [mixin/]: musketmod.mixins.json:PillagerMixin from mod musketmod->@Inject::getArmPose(Lorg/spongepowered/asm/mixin/injection/callback/CallbackInfoReturnable;)V does use it's CallbackInfoReturnable
[08Sep2026 17:02:33.037] [main/DEBUG] [mixin/]: Generating mapped inner class net/minecraft/world/entity/monster/Pillager$Anonymous$198d098c153049beba088aed43663477 (originally ewewukek/musketmod/mixin/PillagerMixin$1)
[08Sep2026 17:02:33.050] [main/DEBUG] [mixin/]: Mixing entity.entity_ai.EatBlockGoalMixin from sable.mixins.json into net.minecraft.world.entity.ai.goal.EatBlockGoal
[08Sep2026 17:02:33.590] [main/DEBUG] [mixin/]: Mixing accessor.ProjectileDispenseBehaviorAccessor from create.mixins.json into net.minecraft.core.dispenser.ProjectileDispenseBehavior
[08Sep2026 17:02:33.590] [main/DEBUG] [mixin/]: Mixing recoil.ProjectileDispenseBehaviorMixin from sable.mixins.json into net.minecraft.core.dispenser.ProjectileDispenseBehavior
[08Sep2026 17:02:33.591] [main/DEBUG] [mixin/]: sable.mixins.json:recoil.ProjectileDispenseBehaviorMixin from mod sable->@Inject::sable$applyRecoil(Lnet/minecraft/core/dispenser/BlockSource;Lnet/minecraft/world/item/ItemStack;Lorg/spongepowered/asm/mixin/injection/callback/CallbackInfoReturnable;)V doesn't use it's CallbackInfoReturnable
[08Sep2026 17:02:33.591] [main/DEBUG] [mixin/]: sable.mixins.json:recoil.ProjectileDispenseBehaviorMixin from mod sable->@Inject::sable$applyRecoil(Lnet/minecraft/core/dispenser/BlockSource;Lnet/minecraft/world/item/ItemStack;Lorg/spongepowered/asm/mixin/injection/callback/CallbackInfoReturnable;)V has 0 override(s) in child classes
[08Sep2026 17:02:33.591] [main/DEBUG] [mixin/]: sable.mixins.json:recoil.ProjectileDispenseBehaviorMixin from mod sable->@Inject::sable$applyRecoil(Lnet/minecraft/core/dispenser/BlockSource;Lnet/minecraft/world/item/ItemStack;Lorg/spongepowered/asm/mixin/injection/callback/CallbackInfoReturnable;)V won't be passed a CallbackInfoReturnable as a result
[08Sep2026 17:02:33.674] [main/DEBUG] [mixin/]: Mixing accessor.ShapedRecipeAccessor from create.mixins.json into net.minecraft.world.item.crafting.ShapedRecipe
[08Sep2026 17:02:33.809] [main/DEBUG] [mixin/]: Mixing EnchantedCountIncreaseFunctionMixin from create.mixins.json into net.minecraft.world.level.storage.loot.functions.EnchantedCountIncreaseFunction
[08Sep2026 17:02:33.812] [main/DEBUG] [mixin/]: create.mixins.json:EnchantedCountIncreaseFunctionMixin from mod create->@Inject::create$crushingWheelLooting(Lnet/minecraft/world/item/ItemStack;Lnet/minecraft/world/level/storage/loot/LootContext;Lorg/spongepowered/asm/mixin/injection/callback/CallbackInfoReturnable;)V doesn't use it's CallbackInfoReturnable
[08Sep2026 17:02:33.812] [main/DEBUG] [mixin/]: create.mixins.json:EnchantedCountIncreaseFunctionMixin from mod create->@Inject::create$crushingWheelLooting(Lnet/minecraft/world/item/ItemStack;Lnet/minecraft/world/level/storage/loot/LootContext;Lorg/spongepowered/asm/mixin/injection/callback/CallbackInfoReturnable;)V has 0 override(s) in child classes
[08Sep2026 17:02:33.812] [main/DEBUG] [mixin/]: create.mixins.json:EnchantedCountIncreaseFunctionMixin from mod create->@Inject::create$crushingWheelLooting(Lnet/minecraft/world/item/ItemStack;Lnet/minecraft/world/level/storage/loot/LootContext;Lorg/spongepowered/asm/mixin/injection/callback/CallbackInfoReturnable;)V won't be passed a CallbackInfoReturnable as a result
[08Sep2026 17:02:34.508] [main/DEBUG] [mixin/]: Mixing compatibility.create.airflow.FanProcessingTypeMixin from sable-neoforge.mixins.json into com.simibubi.create.content.kinetics.fan.processing.FanProcessingType
[08Sep2026 17:02:34.508] [main/DEBUG] [mixin/]: Renaming synthetic method lambda$getAt$0(Lcom/llamalad7/mixinextras/injector/wrapoperation/Operation;Lnet/minecraft/world/level/Level;Ldev/ryanhcode/sable/sublevel/SubLevel;Lnet/minecraft/core/BlockPos;)Lcom/simibubi/create/content/kinetics/fan/processing/FanProcessingType; to md9b259f$sable$lambda$getAt$0$0 in sable-neoforge.mixins.json:compatibility.create.airflow.FanProcessingTypeMixin from mod sable
[08Sep2026 17:02:34.512] [main/DEBUG] [mixin/]: Mixing LanguageMixin from wthit.mixins.json into net.minecraft.locale.Language
[08Sep2026 17:02:34.512] [main/DEBUG] [mixin/]: wthit.mixins.json:LanguageMixin from mod wthit: Class version 65 required is higher than the class version supported by the current version of Mixin (JAVA_16 supports class version 60)
[08Sep2026 17:02:34.512] [main/DEBUG] [mixin/]: wthit.mixins.json:LanguageMixin from mod wthit->@Inject::wthit_inject(Lorg/spongepowered/asm/mixin/injection/callback/CallbackInfo;)V doesn't use it's CallbackInfo
[08Sep2026 17:02:34.580] [main/DEBUG] [mixin/]: Mixing accessor.MinecraftServerAccessor from ponder-common.mixins.json into net.minecraft.server.MinecraftServer
[08Sep2026 17:02:34.581] [main/DEBUG] [mixin/]: ponder-common.mixins.json:accessor.MinecraftServerAccessor from mod ponder: Class version 65 required is higher than the class version supported by the current version of Mixin (JAVA_17 supports class version 61)
[08Sep2026 17:02:34.581] [main/DEBUG] [mixin/]: Mixing udp.MinecraftServerMixin from sable.mixins.json into net.minecraft.server.MinecraftServer
[08Sep2026 17:02:34.582] [main/DEBUG] [mixin/]: Mixing NetworkMinecraftServerMixin from veil.network.mixins.json into net.minecraft.server.MinecraftServer
[08Sep2026 17:02:34.583] [main/DEBUG] [mixin/]: Mixing MinecraftServerMixin from veil.scheduler.mixins.json into net.minecraft.server.MinecraftServer
[08Sep2026 17:02:34.586] [main/DEBUG] [mixin/]: sable.mixins.json:udp.MinecraftServerMixin from mod sable->@Inject::sable$keepUdpSocketsAlive(Ljava/util/function/BooleanSupplier;Lorg/spongepowered/asm/mixin/injection/callback/CallbackInfo;)V doesn't use it's CallbackInfo
[08Sep2026 17:02:34.586] [main/DEBUG] [mixin/]: sable.mixins.json:udp.MinecraftServerMixin from mod sable->@Inject::sable$keepUdpSocketsAlive(Ljava/util/function/BooleanSupplier;Lorg/spongepowered/asm/mixin/injection/callback/CallbackInfo;)V has 0 override(s) in child classes
[08Sep2026 17:02:34.586] [main/DEBUG] [mixin/]: sable.mixins.json:udp.MinecraftServerMixin from mod sable->@Inject::sable$keepUdpSocketsAlive(Ljava/util/function/BooleanSupplier;Lorg/spongepowered/asm/mixin/injection/callback/CallbackInfo;)V won't be passed a CallbackInfo as a result
[08Sep2026 17:02:34.586] [main/DEBUG] [mixin/]: veil.scheduler.mixins.json:MinecraftServerMixin from mod veil->@Inject::stopServer(Lorg/spongepowered/asm/mixin/injection/callback/CallbackInfo;)V doesn't use it's CallbackInfo
[08Sep2026 17:02:34.586] [main/DEBUG] [mixin/]: veil.scheduler.mixins.json:MinecraftServerMixin from mod veil->@Inject::stopServer(Lorg/spongepowered/asm/mixin/injection/callback/CallbackInfo;)V has 0 override(s) in child classes
[08Sep2026 17:02:34.586] [main/DEBUG] [mixin/]: veil.scheduler.mixins.json:MinecraftServerMixin from mod veil->@Inject::stopServer(Lorg/spongepowered/asm/mixin/injection/callback/CallbackInfo;)V won't be passed a CallbackInfo as a result
[08Sep2026 17:02:34.628] [main/DEBUG] [net.neoforged.fml.ModWorkManager/LOADING]: Using 24 threads for parallel mod-loading
[08Sep2026 17:02:34.645] [main/DEBUG] [net.neoforged.fml.javafmlmod.FMLModContainer/LOADING]: Creating FMLModContainer instance for [cpw.mods.inventorysorter.InventorySorter]
[08Sep2026 17:02:34.650] [main/DEBUG] [net.neoforged.fml.javafmlmod.FMLModContainer/LOADING]: Creating FMLModContainer instance for [de.maax.paxels.SimplePaxels]
[08Sep2026 17:02:34.651] [main/DEBUG] [net.neoforged.fml.javafmlmod.FMLModContainer/LOADING]: Creating FMLModContainer instance for []
[08Sep2026 17:02:34.652] [main/DEBUG] [net.neoforged.fml.javafmlmod.FMLModContainer/LOADING]: Creating FMLModContainer instance for [mezz.jei.neoforge.JustEnoughItems]
[08Sep2026 17:02:34.652] [main/DEBUG] [net.neoforged.fml.javafmlmod.FMLModContainer/LOADING]: Creating FMLModContainer instance for [dev.eriksonn.aeronautics.neoforge.AeronauticsNeoForge]
[08Sep2026 17:02:34.653] [main/DEBUG] [net.neoforged.fml.javafmlmod.FMLModContainer/LOADING]: Creating FMLModContainer instance for [commonnetwork.CommonNetworkNeoForge]
[08Sep2026 17:02:34.653] [main/DEBUG] [net.neoforged.fml.javafmlmod.FMLModContainer/LOADING]: Creating FMLModContainer instance for [net.venturecraft.gliders.neoforge.VCGlidersNeoForge]
[08Sep2026 17:02:34.653] [main/DEBUG] [net.neoforged.fml.lowcodemod.LowCodeModContainer/LOADING]: Creating LowCodeModContainer for aeronautics_bundled
[08Sep2026 17:02:34.654] [main/DEBUG] [net.neoforged.fml.javafmlmod.FMLModContainer/LOADING]: Creating FMLModContainer instance for [mcp.mobius.waila.neo.NeoWailaClient$HahaBorgeGoBrrrr]
[08Sep2026 17:02:34.654] [main/DEBUG] [net.neoforged.fml.javafmlmod.FMLModContainer/LOADING]: Creating FMLModContainer instance for [mcp.mobius.waila.neo.NeoWaila]
[08Sep2026 17:02:34.654] [main/DEBUG] [net.neoforged.fml.javafmlmod.FMLModContainer/LOADING]: Creating FMLModContainer instance for [io.github.danielhackerxd.allarrowspickup.AllArrowsPickup]
[08Sep2026 17:02:34.655] [main/DEBUG] [net.neoforged.fml.javafmlmod.FMLModContainer/LOADING]: Creating FMLModContainer instance for []
[08Sep2026 17:02:34.655] [main/DEBUG] [net.neoforged.fml.javafmlmod.FMLModContainer/LOADING]: Creating FMLModContainer instance for []
[08Sep2026 17:02:34.655] [main/DEBUG] [net.neoforged.fml.javafmlmod.FMLModContainer/LOADING]: Creating FMLModContainer instance for [net.createmod.ponder.NeoForgePonder]
[08Sep2026 17:02:34.655] [main/DEBUG] [net.neoforged.fml.javafmlmod.FMLModContainer/LOADING]: Creating FMLModContainer instance for [com.simibubi.create.Create]
[08Sep2026 17:02:34.656] [main/DEBUG] [net.neoforged.fml.javafmlmod.FMLModContainer/LOADING]: Creating FMLModContainer instance for [dev.ryanhcode.sable.neoforge.SableNeoForge]
[08Sep2026 17:02:34.656] [main/DEBUG] [net.neoforged.fml.javafmlmod.FMLModContainer/LOADING]: Creating FMLModContainer instance for [journeymap.common.JourneymapNeoForge]
[08Sep2026 17:02:34.657] [main/DEBUG] [net.neoforged.fml.javafmlmod.FMLModContainer/LOADING]: Creating FMLModContainer instance for [net.neoforged.neoforge.common.NeoForgeMod]
[08Sep2026 17:02:34.659] [main/DEBUG] [net.neoforged.fml.javafmlmod.FMLModContainer/LOADING]: Creating FMLModContainer instance for [lol.bai.badpackets.impl.neo.NeoBadPackets]
[08Sep2026 17:02:34.659] [main/DEBUG] [net.neoforged.fml.javafmlmod.FMLModContainer/LOADING]: Creating FMLModContainer instance for [foundry.veil.forge.VeilForge]
[08Sep2026 17:02:34.659] [main/DEBUG] [net.neoforged.fml.javafmlmod.FMLModContainer/LOADING]: Creating FMLModContainer instance for [ewewukek.musketmod.MusketMod]
[08Sep2026 17:02:34.660] [main/DEBUG] [net.neoforged.fml.javafmlmod.FMLModContainer/LOADING]: Creating FMLModContainer instance for [dev.simulated_team.simulated.neoforge.SimulatedNeoForge]
[08Sep2026 17:02:34.660] [main/DEBUG] [net.neoforged.fml.javafmlmod.FMLModContainer/LOADING]: Creating FMLModContainer instance for [dan200.computercraft.ComputerCraft]
[08Sep2026 17:02:34.661] [main/DEBUG] [net.neoforged.fml.javafmlmod.FMLModContainer/LOADING]: Creating FMLModContainer instance for [me.shedaniel.clothconfig.ClothConfigForge]
[08Sep2026 17:02:34.661] [main/DEBUG] [net.neoforged.fml.javafmlmod.FMLModContainer/LOADING]: Creating FMLModContainer instance for [journeymap.JourneyMapAPI]
[08Sep2026 17:02:34.661] [main/DEBUG] [net.neoforged.fml.javafmlmod.FMLModContainer/LOADING]: Creating FMLModContainer instance for [dev.ryanhcode.offroad.neoforge.OffroadNeoForge]
[08Sep2026 17:02:34.665] [modloading-worker-0/DEBUG] [net.neoforged.fml.javafmlmod.AutomaticEventSubscriber/LOADING]: Attempting to inject @EventBusSubscriber classes into the eventbus for playeranimator
[08Sep2026 17:02:34.665] [modloading-worker-0/DEBUG] [mixin/]: Mixing DeferredRegisterMixin from veil.neoforge.mixins.json into net.neoforged.neoforge.registries.DeferredRegister
[08Sep2026 17:02:34.666] [modloading-worker-0/DEBUG] [mixin/]: Renaming synthetic method lambda$register$0(Ljava/util/function/Function;Lnet/minecraft/resources/ResourceLocation;)Ljava/lang/Object; to md9b259f$veil$lambda$register$0$0 in veil.neoforge.mixins.json:DeferredRegisterMixin from mod veil
[08Sep2026 17:02:34.667] [modloading-worker-0/DEBUG] [net.neoforged.fml.javafmlmod.AutomaticEventSubscriber/LOADING]: Attempting to inject @EventBusSubscriber classes into the eventbus for wthit
[08Sep2026 17:02:34.668] [modloading-worker-0/DEBUG] [net.neoforged.fml.javafmlmod.AutomaticEventSubscriber/LOADING]: Attempting to inject @EventBusSubscriber classes into the eventbus for sablecompanion
[08Sep2026 17:02:34.668] [modloading-worker-0/DEBUG] [net.neoforged.fml.javafmlmod.AutomaticEventSubscriber/LOADING]: Attempting to inject @EventBusSubscriber classes into the eventbus for flywheel
[08Sep2026 17:02:34.670] [modloading-worker-0/DEBUG] [net.neoforged.fml.javafmlmod.AutomaticEventSubscriber/LOADING]: Attempting to inject @EventBusSubscriber classes into the eventbus for badpackets
[08Sep2026 17:02:34.671] [modloading-worker-0/INFO] [Veil/]: Veil is initializing.
[08Sep2026 17:02:34.673] [modloading-worker-0/DEBUG] [net.neoforged.fml.javafmlmod.AutomaticEventSubscriber/LOADING]: Attempting to inject @EventBusSubscriber classes into the eventbus for cloth_config
[08Sep2026 17:02:34.673] [modloading-worker-0/DEBUG] [net.neoforged.fml.javafmlmod.AutomaticEventSubscriber/LOADING]: Attempting to inject @EventBusSubscriber classes into the eventbus for journeymap_api
[08Sep2026 17:02:34.699] [modloading-worker-0/DEBUG] [net.neoforged.fml.javafmlmod.AutomaticEventSubscriber/LOADING]: Attempting to inject @EventBusSubscriber classes into the eventbus for paxels
[08Sep2026 17:02:34.703] [modloading-worker-0/DEBUG] [mixin/]: Mixing MixinClientboundCustomPayloadPacket from badpackets.mixins.json into net.minecraft.network.protocol.common.ClientboundCustomPayloadPacket
[08Sep2026 17:02:34.704] [modloading-worker-0/DEBUG] [mixin/]: badpackets.mixins.json:MixinClientboundCustomPayloadPacket from mod badpackets: Class version 65 required is higher than the class version supported by the current version of Mixin (JAVA_16 supports class version 60)
[08Sep2026 17:02:34.709] [modloading-worker-0/DEBUG] [mixin/]: badpackets.mixins.json:MixinClientboundCustomPayloadPacket from mod badpackets->@Inject::badpackets_handle(Lnet/minecraft/network/protocol/common/ClientCommonPacketListener;Lorg/spongepowered/asm/mixin/injection/callback/CallbackInfo;)V does use it's CallbackInfo
[08Sep2026 17:02:34.716] [modloading-worker-0/DEBUG] [mixin/]: Mixing MixinServerboundCustomPayloadPacket from badpackets.mixins.json into net.minecraft.network.protocol.common.ServerboundCustomPayloadPacket
[08Sep2026 17:02:34.716] [modloading-worker-0/DEBUG] [mixin/]: badpackets.mixins.json:MixinServerboundCustomPayloadPacket from mod badpackets: Class version 65 required is higher than the class version supported by the current version of Mixin (JAVA_16 supports class version 60)
[08Sep2026 17:02:34.717] [modloading-worker-0/DEBUG] [mixin/]: Renaming synthetic method lambda$badpackets_attachChannelCodecs$0(Lnet/minecraft/resources/ResourceLocation;Lnet/minecraft/network/FriendlyByteBuf;)Lnet/minecraft/network/codec/StreamCodec; to md9b259f$badpackets$lambda$badpackets_attachChannelCodecs$0$0 in badpackets.mixins.json:MixinServerboundCustomPayloadPacket from mod badpackets
[08Sep2026 17:02:34.720] [modloading-worker-0/DEBUG] [mixin/]: badpackets.mixins.json:MixinServerboundCustomPayloadPacket from mod badpackets->@Inject::badpackets_handle(Lnet/minecraft/network/protocol/common/ServerCommonPacketListener;Lorg/spongepowered/asm/mixin/injection/callback/CallbackInfo;)V does use it's CallbackInfo
[08Sep2026 17:02:34.728] [modloading-worker-0/DEBUG] [mixin/]: Mixing udp.ConnectionMixin from sable.mixins.json into net.minecraft.network.Connection
[08Sep2026 17:02:34.727] [modloading-worker-0/INFO] [ewewukek.musketmod.MusketMod/]: Configuration has been loaded
[08Sep2026 17:02:34.729] [modloading-worker-0/DEBUG] [mixin/]: Renaming synthetic method lambda$sable$onDisconnect$0(Lio/netty/util/concurrent/Future;)V to md9b259f$sable$lambda$sable$onDisconnect$0$0 in sable.mixins.json:udp.ConnectionMixin from mod sable
[08Sep2026 17:02:34.734] [modloading-worker-0/DEBUG] [mixin/]: Mixing MixinConnection from badpackets.mixins.json into net.minecraft.network.Connection
[08Sep2026 17:02:34.734] [modloading-worker-0/DEBUG] [mixin/]: badpackets.mixins.json:MixinConnection from mod badpackets: Class version 65 required is higher than the class version supported by the current version of Mixin (JAVA_16 supports class version 60)
[08Sep2026 17:02:34.743] [modloading-worker-0/DEBUG] [mixin/]: sable.mixins.json:udp.ConnectionMixin from mod sable->@Inject::sable$onDisconnect(Lnet/minecraft/network/DisconnectionDetails;Lorg/spongepowered/asm/mixin/injection/callback/CallbackInfo;)V doesn't use it's CallbackInfo
[08Sep2026 17:02:34.743] [modloading-worker-0/DEBUG] [mixin/]: sable.mixins.json:udp.ConnectionMixin from mod sable->@Inject::sable$onDisconnect(Lnet/minecraft/network/DisconnectionDetails;Lorg/spongepowered/asm/mixin/injection/callback/CallbackInfo;)V has 0 override(s) in child classes
[08Sep2026 17:02:34.743] [modloading-worker-0/DEBUG] [mixin/]: sable.mixins.json:udp.ConnectionMixin from mod sable->@Inject::sable$onDisconnect(Lnet/minecraft/network/DisconnectionDetails;Lorg/spongepowered/asm/mixin/injection/callback/CallbackInfo;)V won't be passed a CallbackInfo as a result
[08Sep2026 17:02:34.743] [modloading-worker-0/DEBUG] [mixin/]: sable.mixins.json:udp.ConnectionMixin from mod sable->@Inject::sable$connect(Ljava/net/InetSocketAddress;ZLnet/minecraft/network/Connection;Lorg/spongepowered/asm/mixin/injection/callback/CallbackInfoReturnable;)V doesn't use it's CallbackInfoReturnable
[08Sep2026 17:02:34.743] [modloading-worker-0/DEBUG] [mixin/]: sable.mixins.json:udp.ConnectionMixin from mod sable->@Inject::sable$connectToLocalServer(Ljava/net/SocketAddress;Lorg/spongepowered/asm/mixin/injection/callback/CallbackInfoReturnable;)V doesn't use it's CallbackInfoReturnable
[08Sep2026 17:02:34.743] [modloading-worker-0/DEBUG] [mixin/]: badpackets.mixins.json:MixinConnection from mod badpackets->@Inject::badpackets_cleanOldListener(Lnet/minecraft/network/ProtocolInfo;Lnet/minecraft/network/PacketListener;Lorg/spongepowered/asm/mixin/injection/callback/CallbackInfo;)V doesn't use it's CallbackInfo
[08Sep2026 17:02:34.743] [modloading-worker-0/DEBUG] [mixin/]: badpackets.mixins.json:MixinConnection from mod badpackets->@Inject::badpackets_cleanOldListener(Lnet/minecraft/network/ProtocolInfo;Lnet/minecraft/network/PacketListener;Lorg/spongepowered/asm/mixin/injection/callback/CallbackInfo;)V has 0 override(s) in child classes
[08Sep2026 17:02:34.743] [modloading-worker-0/DEBUG] [mixin/]: badpackets.mixins.json:MixinConnection from mod badpackets->@Inject::badpackets_cleanOldListener(Lnet/minecraft/network/ProtocolInfo;Lnet/minecraft/network/PacketListener;Lorg/spongepowered/asm/mixin/injection/callback/CallbackInfo;)V won't be passed a CallbackInfo as a result
[08Sep2026 17:02:34.743] [modloading-worker-0/DEBUG] [mixin/]: badpackets.mixins.json:MixinConnection from mod badpackets->@Inject::badpackets_cleanListener(Lio/netty/channel/ChannelHandlerContext;Lorg/spongepowered/asm/mixin/injection/callback/CallbackInfo;)V doesn't use it's CallbackInfo
[08Sep2026 17:02:34.743] [modloading-worker-0/DEBUG] [mixin/]: badpackets.mixins.json:MixinConnection from mod badpackets->@Inject::badpackets_cleanListener(Lio/netty/channel/ChannelHandlerContext;Lorg/spongepowered/asm/mixin/injection/callback/CallbackInfo;)V has 0 override(s) in child classes
[08Sep2026 17:02:34.743] [modloading-worker-0/DEBUG] [mixin/]: badpackets.mixins.json:MixinConnection from mod badpackets->@Inject::badpackets_cleanListener(Lio/netty/channel/ChannelHandlerContext;Lorg/spongepowered/asm/mixin/injection/callback/CallbackInfo;)V won't be passed a CallbackInfo as a result
[08Sep2026 17:02:34.743] [modloading-worker-0/DEBUG] [mixin/]: badpackets.mixins.json:MixinConnection from mod badpackets->@Inject::badpackets_cleanListener(Lorg/spongepowered/asm/mixin/injection/callback/CallbackInfo;)V doesn't use it's CallbackInfo
[08Sep2026 17:02:34.743] [modloading-worker-0/DEBUG] [mixin/]: badpackets.mixins.json:MixinConnection from mod badpackets->@Inject::badpackets_cleanListener(Lorg/spongepowered/asm/mixin/injection/callback/CallbackInfo;)V has 0 override(s) in child classes
[08Sep2026 17:02:34.743] [modloading-worker-0/DEBUG] [mixin/]: badpackets.mixins.json:MixinConnection from mod badpackets->@Inject::badpackets_cleanListener(Lorg/spongepowered/asm/mixin/injection/callback/CallbackInfo;)V won't be passed a CallbackInfo as a result
[08Sep2026 17:02:34.750] [modloading-worker-0/DEBUG] [net.neoforged.fml.config.ConfigTracker/CONFIG]: Config file jei-server.toml for jei tracking
[08Sep2026 17:02:34.750] [modloading-worker-0/DEBUG] [net.neoforged.fml.javafmlmod.AutomaticEventSubscriber/LOADING]: Attempting to inject @EventBusSubscriber classes into the eventbus for waila
[08Sep2026 17:02:34.750] [modloading-worker-0/DEBUG] [net.neoforged.fml.config.ConfigTracker/CONFIG]: Config file allarrowspickup-common.toml for allarrowspickup tracking
[08Sep2026 17:02:34.750] [modloading-worker-0/DEBUG] [net.neoforged.fml.config.ConfigTracker/CONFIG]: Config file inventorysorter-client.toml for inventorysorter tracking
[08Sep2026 17:02:34.750] [modloading-worker-0/DEBUG] [net.neoforged.fml.javafmlmod.AutomaticEventSubscriber/LOADING]: Scanning class mcp.mobius.waila.neo.NeoWailaDedicatedServer$Subscriber for @SubscribeEvent-annotated methods
[08Sep2026 17:02:34.750] [modloading-worker-0/INFO] [AllArrowsPickup/]: All Arrows Pickup loaded - arrows shot by any entity will now be pickable.
[08Sep2026 17:02:34.751] [modloading-worker-0/DEBUG] [net.neoforged.fml.javafmlmod.AutomaticEventSubscriber/LOADING]: Attempting to inject @EventBusSubscriber classes into the eventbus for allarrowspickup
[08Sep2026 17:02:34.752] [modloading-worker-0/DEBUG] [net.neoforged.fml.javafmlmod.AutomaticEventSubscriber/]: Subscribing @EventBusSubscriber class Lmcp/mobius/waila/neo/NeoWailaDedicatedServer$Subscriber; to the game event bus
[08Sep2026 17:02:34.754] [modloading-worker-0/DEBUG] [net.neoforged.fml.javafmlmod.AutomaticEventSubscriber/LOADING]: Attempting to inject @EventBusSubscriber classes into the eventbus for veil
[08Sep2026 17:02:34.754] [modloading-worker-0/DEBUG] [net.neoforged.fml.javafmlmod.AutomaticEventSubscriber/LOADING]: Scanning class foundry.veil.forge.VeilForgeEvents for @SubscribeEvent-annotated methods
[08Sep2026 17:02:34.754] [modloading-worker-0/DEBUG] [net.neoforged.fml.javafmlmod.AutomaticEventSubscriber/LOADING]: Attempting to inject @EventBusSubscriber classes into the eventbus for musketmod
[08Sep2026 17:02:34.755] [modloading-worker-0/DEBUG] [net.neoforged.fml.javafmlmod.AutomaticEventSubscriber/LOADING]: Scanning class mcp.mobius.waila.neo.NeoWaila for @SubscribeEvent-annotated methods
[08Sep2026 17:02:34.756] [modloading-worker-0/DEBUG] [net.neoforged.fml.javafmlmod.AutomaticEventSubscriber/]: Subscribing @EventBusSubscriber class Lmcp/mobius/waila/neo/NeoWaila; to the mod event bus of mod waila
[08Sep2026 17:02:34.757] [modloading-worker-0/DEBUG] [net.neoforged.fml.javafmlmod.AutomaticEventSubscriber/LOADING]: Scanning class mcp.mobius.waila.neo.NeoWaila$Subscriber for @SubscribeEvent-annotated methods
[08Sep2026 17:02:34.757] [modloading-worker-0/DEBUG] [net.neoforged.fml.javafmlmod.AutomaticEventSubscriber/]: Subscribing @EventBusSubscriber class Lfoundry/veil/forge/VeilForgeEvents; to the game event bus
[08Sep2026 17:02:34.758] [modloading-worker-0/DEBUG] [net.neoforged.fml.javafmlmod.AutomaticEventSubscriber/LOADING]: Attempting to inject @EventBusSubscriber classes into the eventbus for commonnetworking
[08Sep2026 17:02:34.762] [modloading-worker-0/DEBUG] [net.neoforged.fml.config.ConfigTracker/CONFIG]: Config file inventorysorter-server.toml for inventorysorter tracking
[08Sep2026 17:02:34.762] [modloading-worker-0/DEBUG] [net.neoforged.fml.javafmlmod.AutomaticEventSubscriber/]: Subscribing @EventBusSubscriber class Lmcp/mobius/waila/neo/NeoWaila$Subscriber; to the game event bus
[08Sep2026 17:02:34.765] [modloading-worker-0/DEBUG] [net.neoforged.fml.javafmlmod.AutomaticEventSubscriber/LOADING]: Attempting to inject @EventBusSubscriber classes into the eventbus for jei
[08Sep2026 17:02:34.768] [modloading-worker-0/DEBUG] [net.neoforged.fml.javafmlmod.AutomaticEventSubscriber/LOADING]: Attempting to inject @EventBusSubscriber classes into the eventbus for inventorysorter
[08Sep2026 17:02:34.768] [modloading-worker-0/DEBUG] [net.neoforged.neoforge.internal.versions.neoforge.NeoForgeVersion/CORE]: Found NeoForge version 21.1.248
[08Sep2026 17:02:34.769] [modloading-worker-0/DEBUG] [net.neoforged.neoforge.internal.versions.neoforge.NeoForgeVersion/CORE]: Found FML version 4.0.43
[08Sep2026 17:02:34.769] [modloading-worker-0/INFO] [net.neoforged.neoforge.common.NeoForgeMod/NEOFORGE-MOD]: NeoForge mod loading, version 21.1.248, for MC 1.21.1
[08Sep2026 17:02:34.774] [modloading-worker-0/DEBUG] [mixin/]: Mixing extra_kinetics.auto_orientation.FixAutoOrientationMixin from simulated.mixins.json into com.simibubi.create.content.kinetics.base.DirectionalAxisKineticBlock
[08Sep2026 17:02:34.775] [modloading-worker-0/DEBUG] [net.neoforged.fml.config.ConfigTracker/CONFIG]: Config file ponder-client.toml for ponder tracking
[08Sep2026 17:02:34.775] [modloading-worker-0/DEBUG] [net.neoforged.fml.javafmlmod.AutomaticEventSubscriber/LOADING]: Attempting to inject @EventBusSubscriber classes into the eventbus for ponder
[08Sep2026 17:02:34.775] [modloading-worker-0/DEBUG] [net.neoforged.fml.javafmlmod.AutomaticEventSubscriber/LOADING]: Scanning class net.createmod.ponder.NeoForgePonder$ModBusEvents for @SubscribeEvent-annotated methods
[08Sep2026 17:02:34.779] [modloading-worker-0/DEBUG] [net.neoforged.fml.javafmlmod.AutomaticEventSubscriber/]: Subscribing @EventBusSubscriber class Lnet/createmod/ponder/NeoForgePonder$ModBusEvents; to the mod event bus of mod ponder
[08Sep2026 17:02:34.780] [modloading-worker-0/DEBUG] [net.neoforged.fml.javafmlmod.AutomaticEventSubscriber/LOADING]: Scanning class net.createmod.ponder.NeoForgePonder$Events for @SubscribeEvent-annotated methods
[08Sep2026 17:02:34.781] [modloading-worker-0/DEBUG] [mixin/]: Mixing extra_kinetics.auto_orientation.FixAutoOrientationMixin from simulated.mixins.json into com.simibubi.create.content.kinetics.base.DirectionalKineticBlock
[08Sep2026 17:02:34.782] [modloading-worker-0/DEBUG] [net.neoforged.fml.javafmlmod.AutomaticEventSubscriber/]: Subscribing @EventBusSubscriber class Lnet/createmod/ponder/NeoForgePonder$Events; to the game event bus
[08Sep2026 17:02:34.784] [modloading-worker-0/INFO] [com.simibubi.create.Create/]: Create 6.0.10 initializing! Commit hash: ac0c444d9828da3453ae8cc65338e8de063286fb
[08Sep2026 17:02:34.785] [modloading-worker-0/DEBUG] [mixin/]: Mixing extra_kinetics.KineticBlockMixin from simulated.mixins.json into com.simibubi.create.content.kinetics.base.KineticBlock
[08Sep2026 17:02:34.787] [modloading-worker-0/DEBUG] [mixin/]: simulated.mixins.json:extra_kinetics.KineticBlockMixin from mod simulated->@Inject::simulated$extraKineticsReset(Lnet/minecraft/world/level/block/state/BlockState;Lnet/minecraft/world/level/LevelAccessor;Lnet/minecraft/core/BlockPos;IILorg/spongepowered/asm/mixin/injection/callback/CallbackInfo;)V doesn't use it's CallbackInfo
[08Sep2026 17:02:34.787] [modloading-worker-0/DEBUG] [mixin/]: simulated.mixins.json:extra_kinetics.KineticBlockMixin from mod simulated->@Inject::simulated$extraKineticsReset(Lnet/minecraft/world/level/block/state/BlockState;Lnet/minecraft/world/level/LevelAccessor;Lnet/minecraft/core/BlockPos;IILorg/spongepowered/asm/mixin/injection/callback/CallbackInfo;)V has 0 override(s) in child classes
[08Sep2026 17:02:34.787] [modloading-worker-0/DEBUG] [mixin/]: simulated.mixins.json:extra_kinetics.KineticBlockMixin from mod simulated->@Inject::simulated$extraKineticsReset(Lnet/minecraft/world/level/block/state/BlockState;Lnet/minecraft/world/level/LevelAccessor;Lnet/minecraft/core/BlockPos;IILorg/spongepowered/asm/mixin/injection/callback/CallbackInfo;)V won't be passed a CallbackInfo as a result
[08Sep2026 17:02:34.792] [modloading-worker-0/DEBUG] [net.neoforged.fml.config.ConfigTracker/CONFIG]: Config file neoforge-client.toml for neoforge tracking
[08Sep2026 17:02:34.793] [modloading-worker-0/DEBUG] [net.neoforged.fml.config.ConfigTracker/CONFIG]: Config file neoforge-server.toml for neoforge tracking
[08Sep2026 17:02:34.793] [modloading-worker-0/DEBUG] [net.neoforged.fml.config.ConfigTracker/CONFIG]: Config file neoforge-common.toml for neoforge tracking
[08Sep2026 17:02:34.808] [modloading-worker-0/DEBUG] [mixin/]: Mixing extra_kinetics.auto_orientation.FixAutoOrientationStaticMixin from simulated.mixins.json into com.simibubi.create.content.kinetics.base.RotatedPillarKineticBlock
[08Sep2026 17:02:34.810] [modloading-worker-0/DEBUG] [net.neoforged.fml.javafmlmod.AutomaticEventSubscriber/LOADING]: Attempting to inject @EventBusSubscriber classes into the eventbus for vc_gliders
[08Sep2026 17:02:34.810] [modloading-worker-0/DEBUG] [net.neoforged.fml.javafmlmod.AutomaticEventSubscriber/LOADING]: Scanning class net.venturecraft.gliders.neoforge.VCGlidersNeoForge for @SubscribeEvent-annotated methods
[08Sep2026 17:02:34.810] [modloading-worker-0/DEBUG] [net.neoforged.fml.javafmlmod.AutomaticEventSubscriber/]: Subscribing @EventBusSubscriber class Lnet/venturecraft/gliders/neoforge/VCGlidersNeoForge; to the mod event bus of mod vc_gliders
[08Sep2026 17:02:34.810] [modloading-worker-0/DEBUG] [net.neoforged.fml.javafmlmod.AutomaticEventSubscriber/LOADING]: Scanning class net.venturecraft.gliders.neoforge.GliderEventsNeoForge for @SubscribeEvent-annotated methods
[08Sep2026 17:02:34.816] [modloading-worker-0/DEBUG] [net.neoforged.fml.javafmlmod.AutomaticEventSubscriber/]: Subscribing @EventBusSubscriber class Lnet/venturecraft/gliders/neoforge/GliderEventsNeoForge; to the game event bus
[08Sep2026 17:02:34.843] [modloading-worker-0/DEBUG] [net.neoforged.fml.config.ConfigTracker/CONFIG]: Config file journeymap-server.toml for journeymap tracking
[08Sep2026 17:02:34.843] [modloading-worker-0/DEBUG] [net.neoforged.fml.javafmlmod.AutomaticEventSubscriber/LOADING]: Attempting to inject @EventBusSubscriber classes into the eventbus for journeymap
[08Sep2026 17:02:34.844] [modloading-worker-0/DEBUG] [mixin/]: Mixing accessor.BlockLootSubProviderAccessor from create.mixins.json into net.minecraft.data.loot.BlockLootSubProvider
[08Sep2026 17:02:34.871] [modloading-worker-0/DEBUG] [net.neoforged.fml.javafmlmod.AutomaticEventSubscriber/LOADING]: Attempting to inject @EventBusSubscriber classes into the eventbus for neoforge
[08Sep2026 17:02:34.871] [modloading-worker-0/DEBUG] [net.neoforged.fml.javafmlmod.AutomaticEventSubscriber/LOADING]: Scanning class net.neoforged.neoforge.network.filters.GenericPacketSplitter for @SubscribeEvent-annotated methods
[08Sep2026 17:02:34.886] [modloading-worker-0/DEBUG] [mixin/]: Mixing extra_kinetics.auto_orientation.FixAutoOrientationMixin from simulated.mixins.json into com.simibubi.create.content.kinetics.base.HorizontalKineticBlock
[08Sep2026 17:02:34.888] [modloading-worker-0/DEBUG] [mixin/]: Mixing extra_kinetics.KineticBlockEntityMixin from simulated.mixins.json into com.simibubi.create.content.kinetics.base.KineticBlockEntity
[08Sep2026 17:02:34.891] [modloading-worker-0/DEBUG] [mixin/]: Mixing extra_kinetics.goggle_tooltips.KineticBlockEntityMixin from simulated.mixins.json into com.simibubi.create.content.kinetics.base.KineticBlockEntity
[08Sep2026 17:02:34.898] [modloading-worker-0/DEBUG] [mixin/]: simulated.mixins.json:extra_kinetics.KineticBlockEntityMixin from mod simulated->@Inject::simulated$switchExtraKinetics(Lnet/minecraft/world/level/Level;Lnet/minecraft/core/BlockPos;Lnet/minecraft/world/level/block/state/BlockState;Lorg/spongepowered/asm/mixin/injection/callback/CallbackInfo;)V doesn't use it's CallbackInfo
[08Sep2026 17:02:34.898] [modloading-worker-0/DEBUG] [mixin/]: simulated.mixins.json:extra_kinetics.KineticBlockEntityMixin from mod simulated->@Inject::simulated$injectRemove(Lorg/spongepowered/asm/mixin/injection/callback/CallbackInfo;)V doesn't use it's CallbackInfo
[08Sep2026 17:02:34.898] [modloading-worker-0/DEBUG] [mixin/]: simulated.mixins.json:extra_kinetics.KineticBlockEntityMixin from mod simulated->@Inject::simulated$injectRemove(Lorg/spongepowered/asm/mixin/injection/callback/CallbackInfo;)V has 0 override(s) in child classes
[08Sep2026 17:02:34.898] [modloading-worker-0/DEBUG] [mixin/]: simulated.mixins.json:extra_kinetics.KineticBlockEntityMixin from mod simulated->@Inject::simulated$injectRemove(Lorg/spongepowered/asm/mixin/injection/callback/CallbackInfo;)V won't be passed a CallbackInfo as a result
[08Sep2026 17:02:34.898] [modloading-worker-0/DEBUG] [mixin/]: simulated.mixins.json:extra_kinetics.KineticBlockEntityMixin from mod simulated->@Inject::simulated$removeConnected(Lorg/spongepowered/asm/mixin/injection/callback/CallbackInfo;)V doesn't use it's CallbackInfo
[08Sep2026 17:02:34.898] [modloading-worker-0/DEBUG] [mixin/]: simulated.mixins.json:extra_kinetics.KineticBlockEntityMixin from mod simulated->@Inject::simulated$removeConnected(Lorg/spongepowered/asm/mixin/injection/callback/CallbackInfo;)V has 0 override(s) in child classes
[08Sep2026 17:02:34.899] [modloading-worker-0/DEBUG] [mixin/]: simulated.mixins.json:extra_kinetics.KineticBlockEntityMixin from mod simulated->@Inject::simulated$removeConnected(Lorg/spongepowered/asm/mixin/injection/callback/CallbackInfo;)V won't be passed a CallbackInfo as a result
[08Sep2026 17:02:34.899] [modloading-worker-0/DEBUG] [mixin/]: simulated.mixins.json:extra_kinetics.KineticBlockEntityMixin from mod simulated->@Inject::simulated$saveConnected(Lnet/minecraft/nbt/CompoundTag;Lnet/minecraft/core/HolderLookup$Provider;ZLorg/spongepowered/asm/mixin/injection/callback/CallbackInfo;)V doesn't use it's CallbackInfo
[08Sep2026 17:02:34.899] [modloading-worker-0/DEBUG] [mixin/]: simulated.mixins.json:extra_kinetics.KineticBlockEntityMixin from mod simulated->@Inject::simulated$saveConnected(Lnet/minecraft/nbt/CompoundTag;Lnet/minecraft/core/HolderLookup$Provider;ZLorg/spongepowered/asm/mixin/injection/callback/CallbackInfo;)V has 0 override(s) in child classes
[08Sep2026 17:02:34.899] [modloading-worker-0/DEBUG] [mixin/]: simulated.mixins.json:extra_kinetics.KineticBlockEntityMixin from mod simulated->@Inject::simulated$saveConnected(Lnet/minecraft/nbt/CompoundTag;Lnet/minecraft/core/HolderLookup$Provider;ZLorg/spongepowered/asm/mixin/injection/callback/CallbackInfo;)V won't be passed a CallbackInfo as a result
[08Sep2026 17:02:34.899] [modloading-worker-0/DEBUG] [mixin/]: simulated.mixins.json:extra_kinetics.KineticBlockEntityMixin from mod simulated->@Inject::simulated$readConnected(Lnet/minecraft/nbt/CompoundTag;Lnet/minecraft/core/HolderLookup$Provider;ZLorg/spongepowered/asm/mixin/injection/callback/CallbackInfo;)V doesn't use it's CallbackInfo
[08Sep2026 17:02:34.899] [modloading-worker-0/DEBUG] [mixin/]: simulated.mixins.json:extra_kinetics.KineticBlockEntityMixin from mod simulated->@Inject::simulated$readConnected(Lnet/minecraft/nbt/CompoundTag;Lnet/minecraft/core/HolderLookup$Provider;ZLorg/spongepowered/asm/mixin/injection/callback/CallbackInfo;)V has 0 override(s) in child classes
[08Sep2026 17:02:34.899] [modloading-worker-0/DEBUG] [mixin/]: simulated.mixins.json:extra_kinetics.KineticBlockEntityMixin from mod simulated->@Inject::simulated$readConnected(Lnet/minecraft/nbt/CompoundTag;Lnet/minecraft/core/HolderLookup$Provider;ZLorg/spongepowered/asm/mixin/injection/callback/CallbackInfo;)V won't be passed a CallbackInfo as a result
[08Sep2026 17:02:34.899] [modloading-worker-0/DEBUG] [mixin/]: simulated.mixins.json:extra_kinetics.goggle_tooltips.KineticBlockEntityMixin from mod simulated->@Inject::simulated$addExtraKineticsInfo(Ljava/util/List;ZLorg/spongepowered/asm/mixin/injection/callback/CallbackInfoReturnable;)V does use it's CallbackInfoReturnable
[08Sep2026 17:02:34.899] [modloading-worker-0/DEBUG] [mixin/]: simulated.mixins.json:extra_kinetics.goggle_tooltips.KineticBlockEntityMixin from mod simulated->@Inject::simulated$addExtraKineticsInfo(Ljava/util/List;ZLorg/spongepowered/asm/mixin/injection/callback/CallbackInfoReturnable;)V does use it's CallbackInfoReturnable
[08Sep2026 17:02:34.899] [modloading-worker-0/DEBUG] [mixin/]: simulated.mixins.json:extra_kinetics.goggle_tooltips.KineticBlockEntityMixin from mod simulated->@Inject::simulated$addExtraKineticsInfo(Ljava/util/List;ZLorg/spongepowered/asm/mixin/injection/callback/CallbackInfoReturnable;)V does use it's CallbackInfoReturnable
[08Sep2026 17:02:34.903] [modloading-worker-0/DEBUG] [io.netty.buffer.AbstractByteBuf/]: -Dio.netty.buffer.checkAccessible: true
[08Sep2026 17:02:34.903] [modloading-worker-0/DEBUG] [io.netty.buffer.AbstractByteBuf/]: -Dio.netty.buffer.checkBounds: true
[08Sep2026 17:02:34.906] [modloading-worker-0/DEBUG] [mixin/]: Mixing compatibility.create.sails_providing_lift.SailBlockMixin from sable-neoforge.mixins.json into com.simibubi.create.content.contraptions.bearing.SailBlock
[08Sep2026 17:02:34.906] [modloading-worker-0/DEBUG] [io.netty.util.ResourceLeakDetectorFactory/]: Loaded default ResourceLeakDetector: io.netty.util.ResourceLeakDetector@3b359730
[08Sep2026 17:02:34.912] [modloading-worker-0/DEBUG] [mixin/]: Mixing extra_kinetics.auto_orientation.FixAutoOrientationStaticMixin from simulated.mixins.json into com.simibubi.create.content.kinetics.base.HorizontalAxisKineticBlock
[08Sep2026 17:02:34.917] [modloading-worker-0/DEBUG] [mixin/]: Mixing compatibility.create.lectern_controller.LecternControllerBlockMixin from sable-neoforge.mixins.json into com.simibubi.create.content.redstone.link.controller.LecternControllerBlock
[08Sep2026 17:02:34.920] [modloading-worker-0/DEBUG] [mixin/]: Mixing nav_table_compat.NixieTubeBlockMixin from simulated.mixins.json into com.simibubi.create.content.redstone.nixieTube.NixieTubeBlock
[08Sep2026 17:02:34.922] [modloading-worker-0/DEBUG] [io.netty.util.internal.InternalThreadLocalMap/]: -Dio.netty.threadLocalMap.stringBuilder.initialSize: 1024
[08Sep2026 17:02:34.922] [modloading-worker-0/DEBUG] [io.netty.util.internal.InternalThreadLocalMap/]: -Dio.netty.threadLocalMap.stringBuilder.maxSize: 4096
[08Sep2026 17:02:34.926] [modloading-worker-0/DEBUG] [io.netty.buffer.PooledByteBufAllocator/]: -Dio.netty.allocator.numHeapArenas: 48
[08Sep2026 17:02:34.926] [modloading-worker-0/DEBUG] [io.netty.buffer.PooledByteBufAllocator/]: -Dio.netty.allocator.numDirectArenas: 48
[08Sep2026 17:02:34.926] [modloading-worker-0/DEBUG] [io.netty.buffer.PooledByteBufAllocator/]: -Dio.netty.allocator.pageSize: 8192
[08Sep2026 17:02:34.926] [modloading-worker-0/DEBUG] [mixin/]: Mixing create_assembly.MechanicalBearingBlockEntityMixin from simulated.mixins.json into com.simibubi.create.content.contraptions.bearing.MechanicalBearingBlockEntity
[08Sep2026 17:02:34.926] [modloading-worker-0/DEBUG] [io.netty.buffer.PooledByteBufAllocator/]: -Dio.netty.allocator.maxOrder: 9
[08Sep2026 17:02:34.926] [modloading-worker-0/DEBUG] [io.netty.buffer.PooledByteBufAllocator/]: -Dio.netty.allocator.chunkSize: 4194304
[08Sep2026 17:02:34.926] [modloading-worker-0/DEBUG] [io.netty.buffer.PooledByteBufAllocator/]: -Dio.netty.allocator.smallCacheSize: 256
[08Sep2026 17:02:34.926] [modloading-worker-0/DEBUG] [io.netty.buffer.PooledByteBufAllocator/]: -Dio.netty.allocator.normalCacheSize: 64
[08Sep2026 17:02:34.927] [modloading-worker-0/DEBUG] [io.netty.buffer.PooledByteBufAllocator/]: -Dio.netty.allocator.maxCachedBufferCapacity: 32768
[08Sep2026 17:02:34.927] [modloading-worker-0/DEBUG] [io.netty.buffer.PooledByteBufAllocator/]: -Dio.netty.allocator.cacheTrimInterval: 8192
[08Sep2026 17:02:34.927] [modloading-worker-0/DEBUG] [io.netty.buffer.PooledByteBufAllocator/]: -Dio.netty.allocator.cacheTrimIntervalMillis: 0
[08Sep2026 17:02:34.927] [modloading-worker-0/DEBUG] [io.netty.buffer.PooledByteBufAllocator/]: -Dio.netty.allocator.useCacheForAllThreads: false
[08Sep2026 17:02:34.927] [modloading-worker-0/DEBUG] [io.netty.buffer.PooledByteBufAllocator/]: -Dio.netty.allocator.maxCachedByteBuffersPerChunk: 1023
[08Sep2026 17:02:34.927] [modloading-worker-0/DEBUG] [mixin/]: Mixing torsion_spring.MechanicalBearingBlockEntityMixin from simulated.mixins.json into com.simibubi.create.content.contraptions.bearing.MechanicalBearingBlockEntity
[08Sep2026 17:02:34.930] [modloading-worker-0/DEBUG] [mixin/]: Mixing extra_kinetics.GeneratingKineticBlockEntityMixin from simulated.mixins.json into com.simibubi.create.content.kinetics.base.GeneratingKineticBlockEntity
[08Sep2026 17:02:34.936] [modloading-worker-0/DEBUG] [mixin/]: Mixing compatibility.create.sticker.ContraptionMixin from sable-neoforge.mixins.json into com.simibubi.create.content.contraptions.Contraption
[08Sep2026 17:02:34.937] [modloading-worker-0/DEBUG] [mixin/]: Mixing accessor.ContraptionAccessor from simulated.mixins.json into com.simibubi.create.content.contraptions.Contraption
[08Sep2026 17:02:34.942] [modloading-worker-0/DEBUG] [mixin/]: Mixing propeller_bearing.BearingContraptionMixin from aeronautics.mixins.json into com.simibubi.create.content.contraptions.bearing.BearingContraption
[08Sep2026 17:02:34.942] [modloading-worker-0/DEBUG] [mixin/]: aeronautics.mixins.json:propeller_bearing.BearingContraptionMixin from mod aeronautics: Class version 65 required is higher than the class version supported by the current version of Mixin (JAVA_18 supports class version 62)
[08Sep2026 17:02:34.942] [modloading-worker-0/DEBUG] [io.netty.buffer.ByteBufUtil/]: -Dio.netty.allocator.type: pooled
[08Sep2026 17:02:34.942] [modloading-worker-0/DEBUG] [io.netty.buffer.ByteBufUtil/]: -Dio.netty.threadLocalDirectBufferSize: 0
[08Sep2026 17:02:34.942] [modloading-worker-0/DEBUG] [io.netty.buffer.ByteBufUtil/]: -Dio.netty.maxThreadLocalCharBufferSize: 16384
[08Sep2026 17:02:34.946] [modloading-worker-0/DEBUG] [mixin/]: aeronautics.mixins.json:propeller_bearing.BearingContraptionMixin from mod aeronautics->@Inject::aeronautics$addSailsWithTempSails(Lnet/minecraft/world/level/Level;Lnet/minecraft/core/BlockPos;Lorg/spongepowered/asm/mixin/injection/callback/CallbackInfoReturnable;)V doesn't use it's CallbackInfoReturnable
[08Sep2026 17:02:34.946] [modloading-worker-0/DEBUG] [mixin/]: aeronautics.mixins.json:propeller_bearing.BearingContraptionMixin from mod aeronautics->@Inject::aeronautics$addSailsWithTempSails(Lnet/minecraft/world/level/Level;Lnet/minecraft/core/BlockPos;Lorg/spongepowered/asm/mixin/injection/callback/CallbackInfoReturnable;)V has 0 override(s) in child classes
[08Sep2026 17:02:34.946] [modloading-worker-0/DEBUG] [mixin/]: aeronautics.mixins.json:propeller_bearing.BearingContraptionMixin from mod aeronautics->@Inject::aeronautics$addSailsWithTempSails(Lnet/minecraft/world/level/Level;Lnet/minecraft/core/BlockPos;Lorg/spongepowered/asm/mixin/injection/callback/CallbackInfoReturnable;)V won't be passed a CallbackInfoReturnable as a result
[08Sep2026 17:02:34.948] [modloading-worker-0/DEBUG] [mixin/]: Mixing accessor.ControlledContraptionEntityAccessor from simulated.mixins.json into com.simibubi.create.content.contraptions.ControlledContraptionEntity
[08Sep2026 17:02:34.950] [modloading-worker-0/DEBUG] [mixin/]: Mixing compatibility.create.contraptions.AbstractContraptionEntityMixin from sable-neoforge.mixins.json into com.simibubi.create.content.contraptions.AbstractContraptionEntity
[08Sep2026 17:02:34.968] [modloading-worker-0/DEBUG] [mixin/]: sable-neoforge.mixins.json:compatibility.create.contraptions.AbstractContraptionEntityMixin from mod sable->@Inject::sable$contraptionInitialize(Lorg/spongepowered/asm/mixin/injection/callback/CallbackInfo;)V doesn't use it's CallbackInfo
[08Sep2026 17:02:34.969] [modloading-worker-0/DEBUG] [mixin/]: sable-neoforge.mixins.json:compatibility.create.contraptions.AbstractContraptionEntityMixin from mod sable->@Inject::sable$contraptionInitialize(Lorg/spongepowered/asm/mixin/injection/callback/CallbackInfo;)V has 0 override(s) in child classes
[08Sep2026 17:02:34.969] [modloading-worker-0/DEBUG] [mixin/]: sable-neoforge.mixins.json:compatibility.create.contraptions.AbstractContraptionEntityMixin from mod sable->@Inject::sable$contraptionInitialize(Lorg/spongepowered/asm/mixin/injection/callback/CallbackInfo;)V won't be passed a CallbackInfo as a result
[08Sep2026 17:02:34.970] [modloading-worker-0/DEBUG] [net.neoforged.fml.javafmlmod.AutomaticEventSubscriber/]: Subscribing @EventBusSubscriber class Lnet/neoforged/neoforge/network/filters/GenericPacketSplitter; to the mod event bus of mod neoforge
[08Sep2026 17:02:34.973] [modloading-worker-0/DEBUG] [net.neoforged.fml.javafmlmod.AutomaticEventSubscriber/LOADING]: Scanning class net.neoforged.neoforge.network.NetworkInitialization for @SubscribeEvent-annotated methods
[08Sep2026 17:02:34.973] [modloading-worker-0/DEBUG] [net.neoforged.fml.javafmlmod.AutomaticEventSubscriber/]: Subscribing @EventBusSubscriber class Lnet/neoforged/neoforge/network/NetworkInitialization; to the mod event bus of mod neoforge
[08Sep2026 17:02:34.973] [modloading-worker-0/DEBUG] [mixin/]: Mixing borehead_collision.BoreheadContraptionEntityMixin from offroad.mixins.json into dev.ryanhcode.offroad.content.entities.BoreheadContraptionEntity
[08Sep2026 17:02:34.973] [modloading-worker-0/DEBUG] [mixin/]: offroad.mixins.json:borehead_collision.BoreheadContraptionEntityMixin from mod offroad: Class version 65 required is higher than the class version supported by the current version of Mixin (JAVA_18 supports class version 62)
[08Sep2026 17:02:34.974] [modloading-worker-0/DEBUG] [net.neoforged.fml.javafmlmod.AutomaticEventSubscriber/LOADING]: Scanning class net.neoforged.neoforge.network.ConfigurationInitialization for @SubscribeEvent-annotated methods
[08Sep2026 17:02:34.979] [modloading-worker-0/DEBUG] [net.neoforged.fml.javafmlmod.AutomaticEventSubscriber/]: Subscribing @EventBusSubscriber class Lnet/neoforged/neoforge/network/ConfigurationInitialization; to the mod event bus of mod neoforge
[08Sep2026 17:02:34.980] [modloading-worker-0/DEBUG] [Ponder/]: Loaded net.createmod.catnip.platform.NeoForgePlatformHelper@26256fb9 for service interface net.createmod.catnip.platform.services.PlatformHelper
[08Sep2026 17:02:34.980] [modloading-worker-0/DEBUG] [net.neoforged.fml.javafmlmod.AutomaticEventSubscriber/LOADING]: Scanning class net.neoforged.neoforge.common.MonsterRoomHooks for @SubscribeEvent-annotated methods
[08Sep2026 17:02:34.981] [modloading-worker-0/DEBUG] [Ponder/]: Loaded net.createmod.catnip.platform.NeoForgeFluidHelper@cd4dbb5 for service interface net.createmod.catnip.platform.services.ModFluidHelper
[08Sep2026 17:02:34.981] [modloading-worker-0/DEBUG] [net.neoforged.fml.javafmlmod.AutomaticEventSubscriber/]: Subscribing @EventBusSubscriber class Lnet/neoforged/neoforge/common/MonsterRoomHooks; to the game event bus
[08Sep2026 17:02:34.981] [modloading-worker-0/DEBUG] [net.neoforged.fml.javafmlmod.AutomaticEventSubscriber/LOADING]: Scanning class net.neoforged.neoforge.common.DeferredSpawnEggItem$CommonHandler for @SubscribeEvent-annotated methods
[08Sep2026 17:02:34.981] [modloading-worker-0/DEBUG] [mixin/]: Mixing multiloader.CommonRedstoneBlockMixin from simulated-neoforge.mixins.json into dev.simulated_team.simulated.multiloader.CommonRedstoneBlock
[08Sep2026 17:02:34.983] [modloading-worker-0/DEBUG] [net.neoforged.fml.javafmlmod.AutomaticEventSubscriber/]: Subscribing @EventBusSubscriber class Lnet/neoforged/neoforge/common/DeferredSpawnEggItem$CommonHandler; to the mod event bus of mod neoforge
[08Sep2026 17:02:34.983] [modloading-worker-0/DEBUG] [net.neoforged.fml.javafmlmod.AutomaticEventSubscriber/LOADING]: Scanning class net.neoforged.neoforge.attachment.AttachmentSync for @SubscribeEvent-annotated methods
[08Sep2026 17:02:34.983] [modloading-worker-0/DEBUG] [Ponder/]: Loaded net.createmod.catnip.platform.NeoForgeHooksHelper@15dab709 for service interface net.createmod.catnip.platform.services.ModHooksHelper
[08Sep2026 17:02:34.985] [modloading-worker-0/DEBUG] [Ponder/]: Loaded net.createmod.catnip.platform.NeoForgeNetworkHelper@36a36161 for service interface net.createmod.catnip.platform.services.NetworkHelper
[08Sep2026 17:02:34.988] [modloading-worker-0/DEBUG] [net.neoforged.fml.javafmlmod.AutomaticEventSubscriber/]: Subscribing @EventBusSubscriber class Lnet/neoforged/neoforge/attachment/AttachmentSync; to the game event bus
[08Sep2026 17:02:34.988] [modloading-worker-0/DEBUG] [net.neoforged.fml.javafmlmod.AutomaticEventSubscriber/LOADING]: Scanning class net.neoforged.neoforge.attachment.AttachmentInternals for @SubscribeEvent-annotated methods
[08Sep2026 17:02:34.991] [modloading-worker-0/DEBUG] [net.neoforged.fml.javafmlmod.AutomaticEventSubscriber/]: Subscribing @EventBusSubscriber class Lnet/neoforged/neoforge/attachment/AttachmentInternals; to the game event bus
[08Sep2026 17:02:34.993] [modloading-worker-0/DEBUG] [mixin/]: Mixing extra_kinetics.EncasedCogwheelBlockMixin from simulated.mixins.json into com.simibubi.create.content.kinetics.simpleRelays.encased.EncasedCogwheelBlock
[08Sep2026 17:02:35.018] [modloading-worker-0/DEBUG] [mixin/]: Mixing compatibility.create.super_glue.SuperGlueEntityMixin from sable-neoforge.mixins.json into com.simibubi.create.content.contraptions.glue.SuperGlueEntity
[08Sep2026 17:02:35.018] [modloading-worker-0/DEBUG] [mixin/]: Renaming synthetic method lambda$sable$collectGlueEntities$0(Ljava/util/List;Lnet/minecraft/world/entity/Entity;)Lnet/minecraft/util/AbortableIterationConsumer$Continuation; to md9b259f$sable$lambda$sable$collectGlueEntities$0$0 in sable-neoforge.mixins.json:compatibility.create.super_glue.SuperGlueEntityMixin from mod sable
[08Sep2026 17:02:35.029] [modloading-worker-0/DEBUG] [mixin/]: Mixing compatibility.create.belt.BeltBlockMixin from sable-neoforge.mixins.json into com.simibubi.create.content.kinetics.belt.BeltBlock
[08Sep2026 17:02:35.029] [modloading-worker-0/DEBUG] [mixin/]: Mixing compatibility.create.entity_falls_on_block.BeltMillstoneBlocksMixin from sable-neoforge.mixins.json into com.simibubi.create.content.kinetics.belt.BeltBlock
[08Sep2026 17:02:35.030] [modloading-worker-0/DEBUG] [mixin/]: Renaming synthetic method lambda$sable$checkForSubLevels$0(Lcom/tterrag/registrate/util/entry/BlockEntry;Lnet/minecraft/world/level/Level;Ldev/ryanhcode/sable/companion/SubLevelAccess;Lnet/minecraft/core/BlockPos;)Lnet/minecraft/core/BlockPos; to md9b259f$sable$lambda$sable$checkForSubLevels$0$0 in sable-neoforge.mixins.json:compatibility.create.entity_falls_on_block.BeltMillstoneBlocksMixin from mod sable
[08Sep2026 17:02:35.037] [modloading-worker-0/DEBUG] [mixin/]: Mixing compatibility.create.belt.BeltBlockEntityMixin from sable-neoforge.mixins.json into com.simibubi.create.content.kinetics.belt.BeltBlockEntity
[08Sep2026 17:02:35.041] [modloading-worker-0/DEBUG] [net.neoforged.fml.config.ConfigTracker/CONFIG]: Config file computercraft-server.toml for computercraft tracking
[08Sep2026 17:02:35.041] [modloading-worker-0/DEBUG] [net.neoforged.fml.config.ConfigTracker/CONFIG]: Config file computercraft-client.toml for computercraft tracking
[08Sep2026 17:02:35.041] [modloading-worker-0/DEBUG] [net.neoforged.fml.javafmlmod.AutomaticEventSubscriber/LOADING]: Attempting to inject @EventBusSubscriber classes into the eventbus for computercraft
[08Sep2026 17:02:35.041] [modloading-worker-0/DEBUG] [net.neoforged.fml.javafmlmod.AutomaticEventSubscriber/LOADING]: Scanning class dan200.computercraft.shared.ForgeCommonHooks for @SubscribeEvent-annotated methods
[08Sep2026 17:02:35.043] [modloading-worker-0/DEBUG] [mixin/]: Mixing compatibility.create.chain_conveyor.ChainConveyorBlockMixin from sable-neoforge.mixins.json into com.simibubi.create.content.kinetics.chainConveyor.ChainConveyorBlock
[08Sep2026 17:02:35.045] [modloading-worker-0/DEBUG] [net.neoforged.fml.javafmlmod.AutomaticEventSubscriber/]: Subscribing @EventBusSubscriber class Ldan200/computercraft/shared/ForgeCommonHooks; to the game event bus
[08Sep2026 17:02:35.050] [modloading-worker-0/DEBUG] [net.neoforged.fml.ModContainer/]: Attempted to register an empty config for type CLIENT on mod offroad
[08Sep2026 17:02:35.050] [modloading-worker-0/DEBUG] [net.neoforged.fml.config.ConfigTracker/CONFIG]: Config file offroad-server.toml for offroad tracking
[08Sep2026 17:02:35.051] [modloading-worker-0/DEBUG] [net.neoforged.fml.javafmlmod.AutomaticEventSubscriber/LOADING]: Attempting to inject @EventBusSubscriber classes into the eventbus for offroad
[08Sep2026 17:02:35.051] [modloading-worker-0/DEBUG] [net.neoforged.fml.javafmlmod.AutomaticEventSubscriber/LOADING]: Scanning class dev.ryanhcode.offroad.neoforge.service.NeoForgeOffroadConfigService for @SubscribeEvent-annotated methods
[08Sep2026 17:02:35.051] [modloading-worker-0/DEBUG] [net.neoforged.fml.javafmlmod.AutomaticEventSubscriber/]: Subscribing @EventBusSubscriber class Ldev/ryanhcode/offroad/neoforge/service/NeoForgeOffroadConfigService; to the mod event bus of mod offroad
[08Sep2026 17:02:35.051] [modloading-worker-0/DEBUG] [net.neoforged.fml.javafmlmod.AutomaticEventSubscriber/LOADING]: Scanning class dan200.computercraft.ComputerCraft for @SubscribeEvent-annotated methods
[08Sep2026 17:02:35.052] [modloading-worker-0/DEBUG] [net.neoforged.fml.javafmlmod.AutomaticEventSubscriber/]: Subscribing @EventBusSubscriber class Ldan200/computercraft/ComputerCraft; to the mod event bus of mod computercraft
[08Sep2026 17:02:35.066] [modloading-worker-0/DEBUG] [mixin/]: Mixing compatibility.create.turntable.TurntableBlockMixin from sable-neoforge.mixins.json into com.simibubi.create.content.kinetics.turntable.TurntableBlock
[08Sep2026 17:02:35.069] [modloading-worker-0/DEBUG] [mixin/]: Mixing self_mixins.DiagramEntityMixin from simulated-neoforge.mixins.json into dev.simulated_team.simulated.content.entities.diagram.DiagramEntity
[08Sep2026 17:02:35.075] [modloading-worker-0/DEBUG] [mixin/]: Mixing compatibility.create.entity_falls_on_block.BeltMillstoneBlocksMixin from sable-neoforge.mixins.json into com.simibubi.create.content.kinetics.millstone.MillstoneBlock
[08Sep2026 17:02:35.078] [modloading-worker-0/DEBUG] [mixin/]: Mixing item_renderer.PhysicsStaffItemMixin from simulated-neoforge.mixins.json into dev.simulated_team.simulated.content.physics_staff.PhysicsStaffItem
[08Sep2026 17:02:35.079] [modloading-worker-0/DEBUG] [mixin/]: Mixing self_mixins.PlungerLauncherItemMixin from simulated-neoforge.mixins.json into dev.simulated_team.simulated.content.items.plunger_launcher.PlungerLauncherItem
[08Sep2026 17:02:35.079] [modloading-worker-0/DEBUG] [mixin/]: Mixing compatibility.create.crushing_wheel.CrushingWheelBlockMixin from sable-neoforge.mixins.json into com.simibubi.create.content.kinetics.crusher.CrushingWheelBlock
[08Sep2026 17:02:35.088] [modloading-worker-0/DEBUG] [mixin/]: Mixing compatibility.create.entity_falls_on_block.BasinBlockMixin from sable-neoforge.mixins.json into com.simibubi.create.content.processing.basin.BasinBlock
[08Sep2026 17:02:35.091] [modloading-worker-0/DEBUG] [mixin/]: Mixing compatibility.create.basin_interactions.BasinBlockEntityMixin from sable-neoforge.mixins.json into com.simibubi.create.content.processing.basin.BasinBlockEntity
[08Sep2026 17:02:35.091] [modloading-worker-0/DEBUG] [mixin/]: Renaming synthetic method lambda$sable$accountForSubLevels$1(Lcom/llamalad7/mixinextras/injector/wrapoperation/Operation;Lnet/minecraft/world/level/Level;Ldev/ryanhcode/sable/sublevel/SubLevel;Lnet/minecraft/core/BlockPos;)Lnet/minecraft/world/level/block/entity/BlockEntity; to md9b259f$sable$lambda$sable$accountForSubLevels$1$0 in sable-neoforge.mixins.json:compatibility.create.basin_interactions.BasinBlockEntityMixin from mod sable
[08Sep2026 17:02:35.091] [modloading-worker-0/DEBUG] [mixin/]: Renaming synthetic method lambda$sable$accountForSubLevels$0(Lnet/minecraft/world/level/Level;Ldev/ryanhcode/sable/sublevel/SubLevel;Lnet/minecraft/core/BlockPos;)Lcom/simibubi/create/content/processing/burner/BlazeBurnerBlock$HeatLevel; to md9b259f$sable$lambda$sable$accountForSubLevels$0$1 in sable-neoforge.mixins.json:compatibility.create.basin_interactions.BasinBlockEntityMixin from mod sable
[08Sep2026 17:02:35.094] [modloading-worker-0/DEBUG] [mixin/]: sable-neoforge.mixins.json:compatibility.create.basin_interactions.BasinBlockEntityMixin from mod sable->@Inject::sable$accountForSubLevels(Lorg/spongepowered/asm/mixin/injection/callback/CallbackInfoReturnable;)V does use it's CallbackInfoReturnable
[08Sep2026 17:02:35.097] [modloading-worker-0/DEBUG] [mixin/]: Mixing assembly_preventer.ServerSubLevelMixin from simulated.mixins.json into dev.ryanhcode.sable.sublevel.ServerSubLevel
[08Sep2026 17:02:35.123] [modloading-worker-0/DEBUG] [mixin/]: Mixing MountedItemStorageMixin from offroad.neoforge.mixins.json into com.simibubi.create.api.contraption.storage.item.MountedItemStorage
[08Sep2026 17:02:35.135] [modloading-worker-0/DEBUG] [mixin/]: Mixing compatibility.create.ejector.EjectorBlockMixin from sable-neoforge.mixins.json into com.simibubi.create.content.logistics.depot.EjectorBlock
[08Sep2026 17:02:35.147] [modloading-worker-0/DEBUG] [mixin/]: Mixing compatibility.create.behaviour_compatibility.BlockEntityBehaviourMixin from sable-neoforge.mixins.json into com.simibubi.create.foundation.blockEntity.behaviour.BlockEntityBehaviour
[08Sep2026 17:02:35.148] [modloading-worker-0/DEBUG] [mixin/]: Renaming synthetic method lambda$sable$accountForSubLevels$0(Lnet/minecraft/world/level/Level;Ldev/ryanhcode/sable/sublevel/SubLevel;Lnet/minecraft/core/BlockPos;)Lnet/minecraft/world/level/block/entity/BlockEntity; to md9b259f$sable$lambda$sable$accountForSubLevels$0$0 in sable-neoforge.mixins.json:compatibility.create.behaviour_compatibility.BlockEntityBehaviourMixin from mod sable
[08Sep2026 17:02:35.150] [modloading-worker-0/DEBUG] [mixin/]: sable-neoforge.mixins.json:compatibility.create.behaviour_compatibility.BlockEntityBehaviourMixin from mod sable->@Inject::sable$accountForSubLevels(Lnet/minecraft/world/level/BlockGetter;Lnet/minecraft/core/BlockPos;Lcom/simibubi/create/foundation/blockEntity/behaviour/BehaviourType;Lorg/spongepowered/asm/mixin/injection/callback/CallbackInfoReturnable;)V does use it's CallbackInfoReturnable
[08Sep2026 17:02:35.219] [modloading-worker-0/DEBUG] [mixin/]: Mixing self_mixins.HoneyGlueEntityMixin from simulated-neoforge.mixins.json into dev.simulated_team.simulated.content.entities.honey_glue.HoneyGlueEntity
[08Sep2026 17:02:35.225] [modloading-worker-0/DEBUG] [mixin/]: Mixing compatibility.create.sticker.StickerBlockMixin from sable-neoforge.mixins.json into com.simibubi.create.content.contraptions.chassis.StickerBlock
[08Sep2026 17:02:35.233] [modloading-worker-0/DEBUG] [mixin/]: Mixing compatibility.create.block_breakers.BlockBreakingKineticBlockEntityDamageMixin from sable-neoforge.mixins.json into com.simibubi.create.content.kinetics.drill.DrillBlock
[08Sep2026 17:02:35.238] [modloading-worker-0/DEBUG] [mixin/]: Mixing compatibility.create.behaviour_compatibility.block_breaking_behaviour.BlockBreakingMovementBehaviourMixin from sable-neoforge.mixins.json into com.simibubi.create.content.kinetics.base.BlockBreakingMovementBehaviour
[08Sep2026 17:02:35.238] [modloading-worker-0/DEBUG] [mixin/]: Renaming synthetic method lambda$sable$checkPosition$0(Lcom/simibubi/create/content/contraptions/behaviour/MovementContext;Lnet/minecraft/core/BlockPos;Lnet/minecraft/world/level/block/state/BlockState;)Z to md9b259f$sable$lambda$sable$checkPosition$0$0 in sable-neoforge.mixins.json:compatibility.create.behaviour_compatibility.block_breaking_behaviour.BlockBreakingMovementBehaviourMixin from mod sable
[08Sep2026 17:02:35.244] [modloading-worker-0/DEBUG] [mixin/]: sable-neoforge.mixins.json:compatibility.create.behaviour_compatibility.block_breaking_behaviour.BlockBreakingMovementBehaviourMixin from mod sable->@Inject::sable$removeProjected(Lcom/simibubi/create/content/contraptions/behaviour/MovementContext;Lorg/spongepowered/asm/mixin/injection/callback/CallbackInfo;)V doesn't use it's CallbackInfo
[08Sep2026 17:02:35.244] [modloading-worker-0/DEBUG] [mixin/]: sable-neoforge.mixins.json:compatibility.create.behaviour_compatibility.block_breaking_behaviour.BlockBreakingMovementBehaviourMixin from mod sable->@Inject::sable$removeProjected(Lcom/simibubi/create/content/contraptions/behaviour/MovementContext;Lorg/spongepowered/asm/mixin/injection/callback/CallbackInfo;)V has 0 override(s) in child classes
[08Sep2026 17:02:35.244] [modloading-worker-0/DEBUG] [mixin/]: sable-neoforge.mixins.json:compatibility.create.behaviour_compatibility.block_breaking_behaviour.BlockBreakingMovementBehaviourMixin from mod sable->@Inject::sable$removeProjected(Lcom/simibubi/create/content/contraptions/behaviour/MovementContext;Lorg/spongepowered/asm/mixin/injection/callback/CallbackInfo;)V won't be passed a CallbackInfo as a result
[08Sep2026 17:02:35.244] [modloading-worker-0/DEBUG] [mixin/]: sable-neoforge.mixins.json:compatibility.create.behaviour_compatibility.block_breaking_behaviour.BlockBreakingMovementBehaviourMixin from mod sable->@Inject::sable$testProjectedPosDist(Lcom/simibubi/create/content/contraptions/behaviour/MovementContext;Lorg/spongepowered/asm/mixin/injection/callback/CallbackInfo;)V does use it's CallbackInfo
[08Sep2026 17:02:35.248] [modloading-worker-0/DEBUG] [mixin/]: Mixing compatibility.create.block_breakers.BlockBreakingKineticBlockEntityDamageMixin from sable-neoforge.mixins.json into com.simibubi.create.content.kinetics.saw.SawBlock
[08Sep2026 17:02:35.248] [modloading-worker-0/DEBUG] [mixin/]: Mixing compatibility.create.entity_falls_on_block.SawBlockMixin from sable-neoforge.mixins.json into com.simibubi.create.content.kinetics.saw.SawBlock
[08Sep2026 17:02:35.253] [modloading-worker-0/DEBUG] [mixin/]: Mixing compatibility.create.behaviour_compatibility.block_breaking_behaviour.SawMovementBehaviourMixin from sable-neoforge.mixins.json into com.simibubi.create.content.kinetics.saw.SawMovementBehaviour
[08Sep2026 17:02:35.263] [modloading-worker-0/DEBUG] [mixin/]: Mixing compatibility.create.redstone_contacts.RedstoneContactBlockMixin from sable-neoforge.mixins.json into com.simibubi.create.content.redstone.contact.RedstoneContactBlock
[08Sep2026 17:02:35.269] [modloading-worker-0/DEBUG] [mixin/]: Mixing compatibility.create.behaviour_compatibility.harvester_block_entity.HarvesterBlockMixin from sable-neoforge.mixins.json into com.simibubi.create.content.contraptions.actors.harvester.HarvesterBlock
[08Sep2026 17:02:35.272] [modloading-worker-0/DEBUG] [mixin/]: Mixing compatibility.create.behaviour_compatibility.harvester_behaviour.HarvesterMovementBehaviourMixin from sable-neoforge.mixins.json into com.simibubi.create.content.contraptions.actors.harvester.HarvesterMovementBehaviour
[08Sep2026 17:02:35.272] [modloading-worker-0/DEBUG] [mixin/]: Renaming synthetic method lambda$sable$checkAllPositions$0(Lcom/llamalad7/mixinextras/injector/wrapoperation/Operation;Lcom/simibubi/create/content/contraptions/behaviour/MovementContext;Ldev/ryanhcode/sable/sublevel/SubLevel;Lnet/minecraft/core/BlockPos;)Ljava/lang/Object; to md9b259f$sable$lambda$sable$checkAllPositions$0$0 in sable-neoforge.mixins.json:compatibility.create.behaviour_compatibility.harvester_behaviour.HarvesterMovementBehaviourMixin from mod sable
[08Sep2026 17:02:35.273] [modloading-worker-0/DEBUG] [mixin/]: Mixing compatibility.create.behaviour_compatibility.harvester_block_entity.HarvesterBlockEntityUsageMixin from sable-neoforge.mixins.json into com.simibubi.create.content.contraptions.actors.harvester.HarvesterMovementBehaviour
[08Sep2026 17:02:35.288] [modloading-worker-0/DEBUG] [mixin/]: Mixing balloon.SimAssemblyHelperMixin from aeronautics.mixins.json into dev.simulated_team.simulated.util.SimAssemblyHelper
[08Sep2026 17:02:35.289] [modloading-worker-0/DEBUG] [mixin/]: aeronautics.mixins.json:balloon.SimAssemblyHelperMixin from mod aeronautics: Class version 65 required is higher than the class version supported by the current version of Mixin (JAVA_18 supports class version 62)
[08Sep2026 17:02:35.291] [modloading-worker-0/DEBUG] [mixin/]: aeronautics.mixins.json:balloon.SimAssemblyHelperMixin from mod aeronautics->@Inject::aeronautics$needsBitSet(Lnet/minecraft/world/level/Level;Ldev/ryanhcode/sable/sublevel/SubLevel;Lnet/minecraft/core/BlockPos;Lnet/minecraft/core/BlockPos;Lnet/minecraft/world/level/block/Rotation;ZLorg/spongepowered/asm/mixin/injection/callback/CallbackInfo;)V doesn't use it's CallbackInfo
[08Sep2026 17:02:35.309] [modloading-worker-0/DEBUG] [mixin/]: Mixing compatibility.create.tracks.TrackBlockMixin from sable-neoforge.mixins.json into com.simibubi.create.content.trains.track.TrackBlock
[08Sep2026 17:02:35.314] [modloading-worker-0/DEBUG] [net.neoforged.fml.config.ConfigTracker/CONFIG]: Config file simulated-client.toml for simulated tracking
[08Sep2026 17:02:35.314] [modloading-worker-0/DEBUG] [net.neoforged.fml.config.ConfigTracker/CONFIG]: Config file simulated-server.toml for simulated tracking
[08Sep2026 17:02:35.314] [modloading-worker-0/DEBUG] [net.neoforged.fml.javafmlmod.AutomaticEventSubscriber/LOADING]: Attempting to inject @EventBusSubscriber classes into the eventbus for simulated
[08Sep2026 17:02:35.314] [modloading-worker-0/DEBUG] [net.neoforged.fml.javafmlmod.AutomaticEventSubscriber/LOADING]: Scanning class dev.simulated_team.simulated.neoforge.events.SimNeoForgeCommonEvents for @SubscribeEvent-annotated methods
[08Sep2026 17:02:35.314] [modloading-worker-0/DEBUG] [net.neoforged.fml.javafmlmod.AutomaticEventSubscriber/]: Subscribing @EventBusSubscriber class Ldev/simulated_team/simulated/neoforge/events/SimNeoForgeCommonEvents; to the game event bus
[08Sep2026 17:02:35.314] [modloading-worker-0/DEBUG] [net.neoforged.fml.javafmlmod.AutomaticEventSubscriber/LOADING]: Scanning class dev.simulated_team.simulated.neoforge.events.SimNeoForgeCommonEvents$ModBusEvents for @SubscribeEvent-annotated methods
[08Sep2026 17:02:35.316] [modloading-worker-0/DEBUG] [net.neoforged.fml.javafmlmod.AutomaticEventSubscriber/]: Subscribing @EventBusSubscriber class Ldev/simulated_team/simulated/neoforge/events/SimNeoForgeCommonEvents$ModBusEvents; to the mod event bus of mod simulated
[08Sep2026 17:02:35.319] [modloading-worker-0/DEBUG] [mixin/]: Mixing auger_shaft.GirderBlockMixin from simulated.mixins.json into com.simibubi.create.content.decoration.girder.GirderBlock
[08Sep2026 17:02:35.320] [modloading-worker-0/DEBUG] [mixin/]: simulated.mixins.json:auger_shaft.GirderBlockMixin from mod simulated->@Inject::connectToAugers(Lnet/minecraft/world/level/BlockAndTintGetter;Lnet/minecraft/core/BlockPos;Lnet/minecraft/world/level/block/state/BlockState;Lnet/minecraft/core/Direction;Lorg/spongepowered/asm/mixin/injection/callback/CallbackInfoReturnable;)V does use it's CallbackInfoReturnable
[08Sep2026 17:02:35.323] [modloading-worker-0/DEBUG] [mixin/]: Mixing compatibility.create.tracks.TrackBlockItemMixin from sable-neoforge.mixins.json into com.simibubi.create.content.trains.track.TrackBlockItem
[08Sep2026 17:02:35.339] [modloading-worker-0/DEBUG] [mixin/]: Mixing compatibility.create.tracks.TrackBlockItemMixin from sable-neoforge.mixins.json into com.simibubi.create.content.trains.track.TrackTargetingBlockItem
[08Sep2026 17:02:35.348] [modloading-worker-0/DEBUG] [mixin/]: Mixing compatibility.create.funnels.FunnelBlockMixin from sable-neoforge.mixins.json into com.simibubi.create.content.logistics.funnel.FunnelBlock
[08Sep2026 17:02:35.375] [modloading-worker-0/DEBUG] [mixin/]: Mixing compatibility.create.frogports.FrogportBlockMixin from sable-neoforge.mixins.json into com.simibubi.create.content.logistics.packagePort.frogport.FrogportBlock
[08Sep2026 17:02:35.379] [modloading-worker-0/DEBUG] [mixin/]: Mixing compatibility.create.frogports.FrogportBlockEntityMixin from sable-neoforge.mixins.json into com.simibubi.create.content.logistics.packagePort.frogport.FrogportBlockEntity
[08Sep2026 17:02:35.401] [modloading-worker-0/DEBUG] [mixin/]: Mixing compatibility.create.display_link.DisplayLinkBlockMixin from sable-neoforge.mixins.json into com.simibubi.create.content.redstone.displayLink.DisplayLinkBlock
[08Sep2026 17:02:35.405] [modloading-worker-0/DEBUG] [mixin/]: Mixing compatibility.create.display_link.ClickToLinkBlockItemMixin from sable-neoforge.mixins.json into com.simibubi.create.content.redstone.displayLink.ClickToLinkBlockItem
[08Sep2026 17:02:35.414] [modloading-worker-0/DEBUG] [mixin/]: Mixing nav_table_compat.RedstoneLinkBlockMixin from simulated.mixins.json into com.simibubi.create.content.redstone.link.RedstoneLinkBlock
[08Sep2026 17:02:35.437] [modloading-worker-0/DEBUG] [mixin/]: Mixing compatibility.create.vertical_gearbox.VerticalGearboxItemMixin from sable-neoforge.mixins.json into com.simibubi.create.content.kinetics.gearbox.VerticalGearboxItem
[08Sep2026 17:02:35.442] [modloading-worker-0/DEBUG] [mixin/]: Mixing compatibility.create.blueprint.BlueprintEntityMixin from sable-neoforge.mixins.json into com.simibubi.create.content.equipment.blueprint.BlueprintEntity
[08Sep2026 17:02:35.455] [modloading-worker-0/DEBUG] [mixin/]: Mixing linked_controller_binding.LinkedControllerItemMixin from simulated.mixins.json into com.simibubi.create.content.redstone.link.controller.LinkedControllerItem
[08Sep2026 17:02:35.461] [modloading-worker-0/DEBUG] [mixin/]: Mixing potato_cannon_projectiles.PotatoProjectileEntityMixin from aeronautics.mixins.json into com.simibubi.create.content.equipment.potatoCannon.PotatoProjectileEntity
[08Sep2026 17:02:35.462] [modloading-worker-0/DEBUG] [mixin/]: aeronautics.mixins.json:potato_cannon_projectiles.PotatoProjectileEntityMixin from mod aeronautics: Class version 65 required is higher than the class version supported by the current version of Mixin (JAVA_18 supports class version 62)
[08Sep2026 17:02:35.465] [modloading-worker-0/DEBUG] [mixin/]: aeronautics.mixins.json:potato_cannon_projectiles.PotatoProjectileEntityMixin from mod aeronautics->@Inject::onHitEntity(Lnet/minecraft/world/phys/EntityHitResult;Lorg/spongepowered/asm/mixin/injection/callback/CallbackInfo;)V doesn't use it's CallbackInfo
[08Sep2026 17:02:35.465] [modloading-worker-0/DEBUG] [mixin/]: aeronautics.mixins.json:potato_cannon_projectiles.PotatoProjectileEntityMixin from mod aeronautics->@Inject::onHitEntity(Lnet/minecraft/world/phys/EntityHitResult;Lorg/spongepowered/asm/mixin/injection/callback/CallbackInfo;)V has 0 override(s) in child classes
[08Sep2026 17:02:35.465] [modloading-worker-0/DEBUG] [mixin/]: aeronautics.mixins.json:potato_cannon_projectiles.PotatoProjectileEntityMixin from mod aeronautics->@Inject::onHitEntity(Lnet/minecraft/world/phys/EntityHitResult;Lorg/spongepowered/asm/mixin/injection/callback/CallbackInfo;)V won't be passed a CallbackInfo as a result
[08Sep2026 17:02:35.468] [modloading-worker-0/DEBUG] [mixin/]: Mixing extendo_grip.ExtendoGripItemMixin from simulated.mixins.json into com.simibubi.create.content.equipment.extendoGrip.ExtendoGripItem
[08Sep2026 17:02:35.472] [modloading-worker-0/DEBUG] [mixin/]: Mixing compatibility.create.zapper.ZapperItemMixin from sable-neoforge.mixins.json into com.simibubi.create.content.equipment.zapper.ZapperItem
[08Sep2026 17:02:35.474] [modloading-worker-0/DEBUG] [mixin/]: sable-neoforge.mixins.json:compatibility.create.zapper.ZapperItemMixin from mod sable->@Inject::sable$projectTargetPos(Lnet/minecraft/world/level/Level;Lnet/minecraft/world/entity/player/Player;Lnet/minecraft/world/InteractionHand;Lorg/spongepowered/asm/mixin/injection/callback/CallbackInfoReturnable;)V doesn't use it's CallbackInfoReturnable
[08Sep2026 17:02:35.474] [modloading-worker-0/DEBUG] [mixin/]: sable-neoforge.mixins.json:compatibility.create.zapper.ZapperItemMixin from mod sable->@Inject::sable$projectTargetPos(Lnet/minecraft/world/level/Level;Lnet/minecraft/world/entity/player/Player;Lnet/minecraft/world/InteractionHand;Lorg/spongepowered/asm/mixin/injection/callback/CallbackInfoReturnable;)V has 0 override(s) in child classes
[08Sep2026 17:02:35.474] [modloading-worker-0/DEBUG] [mixin/]: sable-neoforge.mixins.json:compatibility.create.zapper.ZapperItemMixin from mod sable->@Inject::sable$projectTargetPos(Lnet/minecraft/world/level/Level;Lnet/minecraft/world/entity/player/Player;Lnet/minecraft/world/InteractionHand;Lorg/spongepowered/asm/mixin/injection/callback/CallbackInfoReturnable;)V won't be passed a CallbackInfoReturnable as a result
[08Sep2026 17:02:35.474] [modloading-worker-0/DEBUG] [mixin/]: sable-neoforge.mixins.json:compatibility.create.zapper.ZapperItemMixin from mod sable->@Inject::sable$projectTargetPos(Lnet/minecraft/world/level/Level;Lnet/minecraft/world/entity/player/Player;Lnet/minecraft/world/InteractionHand;Lorg/spongepowered/asm/mixin/injection/callback/CallbackInfoReturnable;)V doesn't use it's CallbackInfoReturnable
[08Sep2026 17:02:35.474] [modloading-worker-0/DEBUG] [mixin/]: sable-neoforge.mixins.json:compatibility.create.zapper.ZapperItemMixin from mod sable->@Inject::sable$projectTargetPos(Lnet/minecraft/world/level/Level;Lnet/minecraft/world/entity/player/Player;Lnet/minecraft/world/InteractionHand;Lorg/spongepowered/asm/mixin/injection/callback/CallbackInfoReturnable;)V has 0 override(s) in child classes
[08Sep2026 17:02:35.474] [modloading-worker-0/DEBUG] [mixin/]: sable-neoforge.mixins.json:compatibility.create.zapper.ZapperItemMixin from mod sable->@Inject::sable$projectTargetPos(Lnet/minecraft/world/level/Level;Lnet/minecraft/world/entity/player/Player;Lnet/minecraft/world/InteractionHand;Lorg/spongepowered/asm/mixin/injection/callback/CallbackInfoReturnable;)V won't be passed a CallbackInfoReturnable as a result
[08Sep2026 17:02:35.492] [modloading-worker-0/DEBUG] [mixin/]: Mixing compatibility.create.impact.AbstractBellBlockAccessor from sable-neoforge.mixins.json into com.simibubi.create.content.equipment.bell.AbstractBellBlock
[08Sep2026 17:02:35.492] [modloading-worker-0/DEBUG] [mixin/]: Mixing compatibility.create.impact.AbstractBellBlockMixin from sable-neoforge.mixins.json into com.simibubi.create.content.equipment.bell.AbstractBellBlock
[08Sep2026 17:02:35.522] [modloading-worker-0/DEBUG] [mixin/]: Mixing compatibility.create.entity_falls_on_block.SeatBlockMixin from sable-neoforge.mixins.json into com.simibubi.create.content.contraptions.actors.seat.SeatBlock
[08Sep2026 17:02:35.572] [modloading-worker-0/DEBUG] [mixin/]: Mixing propeller_bearing.PropellerBearingContraptionEntityMixin from aeronautics.mixins.json into dev.eriksonn.aeronautics.content.blocks.propeller.bearing.contraption.PropellerBearingContraptionEntity
[08Sep2026 17:02:35.572] [modloading-worker-0/DEBUG] [mixin/]: aeronautics.mixins.json:propeller_bearing.PropellerBearingContraptionEntityMixin from mod aeronautics: Class version 65 required is higher than the class version supported by the current version of Mixin (JAVA_18 supports class version 62)
[08Sep2026 17:02:35.629] [modloading-worker-0/DEBUG] [net.neoforged.fml.ModContainer/]: Attempted to register an empty config for type CLIENT on mod aeronautics
[08Sep2026 17:02:35.629] [modloading-worker-0/DEBUG] [net.neoforged.fml.config.ConfigTracker/CONFIG]: Config file aeronautics-server.toml for aeronautics tracking
[08Sep2026 17:02:35.629] [modloading-worker-0/DEBUG] [net.neoforged.fml.javafmlmod.AutomaticEventSubscriber/LOADING]: Attempting to inject @EventBusSubscriber classes into the eventbus for aeronautics
[08Sep2026 17:02:35.629] [modloading-worker-0/DEBUG] [net.neoforged.fml.javafmlmod.AutomaticEventSubscriber/LOADING]: Scanning class dev.eriksonn.aeronautics.neoforge.events.AeroNeoForgeCommonEvents for @SubscribeEvent-annotated methods
[08Sep2026 17:02:35.629] [modloading-worker-0/DEBUG] [net.neoforged.fml.javafmlmod.AutomaticEventSubscriber/]: Subscribing @EventBusSubscriber class Ldev/eriksonn/aeronautics/neoforge/events/AeroNeoForgeCommonEvents; to the game event bus
[08Sep2026 17:02:35.629] [modloading-worker-0/DEBUG] [net.neoforged.fml.javafmlmod.AutomaticEventSubscriber/LOADING]: Scanning class dev.eriksonn.aeronautics.neoforge.events.AeroNeoForgeCommonEvents$ModBusEvents for @SubscribeEvent-annotated methods
[08Sep2026 17:02:35.629] [modloading-worker-0/DEBUG] [net.neoforged.fml.javafmlmod.AutomaticEventSubscriber/]: Subscribing @EventBusSubscriber class Ldev/eriksonn/aeronautics/neoforge/events/AeroNeoForgeCommonEvents$ModBusEvents; to the mod event bus of mod aeronautics
[08Sep2026 17:02:35.640] [modloading-worker-0/DEBUG] [mixin/]: Mixing compatibility.create.redstone_contacts.AllBlockEntityTypesMixin from sable-neoforge.mixins.json into com.simibubi.create.AllBlockEntityTypes
[08Sep2026 17:02:35.658] [modloading-worker-0/DEBUG] [mixin/]: Mixing compatibility.create.fans_provide_force.EncasedFanBlockEntityMixin from sable-neoforge.mixins.json into com.simibubi.create.content.kinetics.fan.EncasedFanBlockEntity
[08Sep2026 17:02:35.663] [modloading-worker-0/DEBUG] [mixin/]: Mixing compatibility.create.nozzle.NozzleBlockEntityAccessor from sable-neoforge.mixins.json into com.simibubi.create.content.kinetics.fan.NozzleBlockEntity
[08Sep2026 17:02:35.663] [modloading-worker-0/DEBUG] [mixin/]: Mixing compatibility.create.nozzle.block_entity.NozzleBEFixesMixin from sable-neoforge.mixins.json into com.simibubi.create.content.kinetics.fan.NozzleBlockEntity
[08Sep2026 17:02:35.665] [modloading-worker-0/DEBUG] [mixin/]: Mixing compatibility.create.nozzle.block_entity.NozzleHoveringMixin from sable-neoforge.mixins.json into com.simibubi.create.content.kinetics.fan.NozzleBlockEntity
[08Sep2026 17:02:35.666] [modloading-worker-0/DEBUG] [mixin/]: Mixing compatibility.create.nozzle.block_entity.ValidNozzledirectionMixin from sable-neoforge.mixins.json into com.simibubi.create.content.kinetics.fan.NozzleBlockEntity
[08Sep2026 17:02:35.672] [modloading-worker-0/DEBUG] [mixin/]: sable-neoforge.mixins.json:compatibility.create.nozzle.block_entity.NozzleHoveringMixin from mod sable->@Inject::sable$generateRays(Lnet/minecraft/world/level/block/entity/BlockEntityType;Lnet/minecraft/core/BlockPos;Lnet/minecraft/world/level/block/state/BlockState;Lorg/spongepowered/asm/mixin/injection/callback/CallbackInfo;)V doesn't use it's CallbackInfo
[08Sep2026 17:02:35.672] [modloading-worker-0/DEBUG] [mixin/]: sable-neoforge.mixins.json:compatibility.create.nozzle.block_entity.NozzleHoveringMixin from mod sable->@Inject::sable$generateRays(Lnet/minecraft/world/level/block/entity/BlockEntityType;Lnet/minecraft/core/BlockPos;Lnet/minecraft/world/level/block/state/BlockState;Lorg/spongepowered/asm/mixin/injection/callback/CallbackInfo;)V has 0 override(s) in child classes
[08Sep2026 17:02:35.672] [modloading-worker-0/DEBUG] [mixin/]: sable-neoforge.mixins.json:compatibility.create.nozzle.block_entity.NozzleHoveringMixin from mod sable->@Inject::sable$generateRays(Lnet/minecraft/world/level/block/entity/BlockEntityType;Lnet/minecraft/core/BlockPos;Lnet/minecraft/world/level/block/state/BlockState;Lorg/spongepowered/asm/mixin/injection/callback/CallbackInfo;)V won't be passed a CallbackInfo as a result
[08Sep2026 17:02:35.672] [modloading-worker-0/DEBUG] [mixin/]: sable-neoforge.mixins.json:compatibility.create.nozzle.block_entity.NozzleHoveringMixin from mod sable->@Inject::addPhysicsParticles(Lorg/spongepowered/asm/mixin/injection/callback/CallbackInfo;)V doesn't use it's CallbackInfo
[08Sep2026 17:02:35.672] [modloading-worker-0/DEBUG] [mixin/]: sable-neoforge.mixins.json:compatibility.create.nozzle.block_entity.NozzleHoveringMixin from mod sable->@Inject::addPhysicsParticles(Lorg/spongepowered/asm/mixin/injection/callback/CallbackInfo;)V has 0 override(s) in child classes
[08Sep2026 17:02:35.672] [modloading-worker-0/DEBUG] [mixin/]: sable-neoforge.mixins.json:compatibility.create.nozzle.block_entity.NozzleHoveringMixin from mod sable->@Inject::addPhysicsParticles(Lorg/spongepowered/asm/mixin/injection/callback/CallbackInfo;)V won't be passed a CallbackInfo as a result
[08Sep2026 17:02:35.673] [modloading-worker-0/DEBUG] [mixin/]: sable-neoforge.mixins.json:compatibility.create.nozzle.block_entity.ValidNozzledirectionMixin from mod sable->@Inject::sable$updateValidDirections(Lorg/spongepowered/asm/mixin/injection/callback/CallbackInfo;)V doesn't use it's CallbackInfo
[08Sep2026 17:02:35.673] [modloading-worker-0/DEBUG] [mixin/]: sable-neoforge.mixins.json:compatibility.create.nozzle.block_entity.ValidNozzledirectionMixin from mod sable->@Inject::sable$updateValidDirections(Lorg/spongepowered/asm/mixin/injection/callback/CallbackInfo;)V has 0 override(s) in child classes
[08Sep2026 17:02:35.673] [modloading-worker-0/DEBUG] [mixin/]: sable-neoforge.mixins.json:compatibility.create.nozzle.block_entity.ValidNozzledirectionMixin from mod sable->@Inject::sable$updateValidDirections(Lorg/spongepowered/asm/mixin/injection/callback/CallbackInfo;)V won't be passed a CallbackInfo as a result
[08Sep2026 17:02:35.683] [modloading-worker-0/DEBUG] [mixin/]: Mixing compatibility.create.chain_conveyor.ChainConveyorBlockEntityMixin from sable-neoforge.mixins.json into com.simibubi.create.content.kinetics.chainConveyor.ChainConveyorBlockEntity
[08Sep2026 17:02:35.684] [modloading-worker-0/DEBUG] [mixin/]: Mixing compatibility.create.frogports.ChainConveyorBlockEntityMixin from sable-neoforge.mixins.json into com.simibubi.create.content.kinetics.chainConveyor.ChainConveyorBlockEntity
[08Sep2026 17:02:35.706] [modloading-worker-0/DEBUG] [mixin/]: sable-neoforge.mixins.json:compatibility.create.chain_conveyor.ChainConveyorBlockEntityMixin from mod sable->@Inject::dropInvalidPackages(Lorg/spongepowered/asm/mixin/injection/callback/CallbackInfo;)V doesn't use it's CallbackInfo
[08Sep2026 17:02:35.706] [modloading-worker-0/DEBUG] [mixin/]: sable-neoforge.mixins.json:compatibility.create.chain_conveyor.ChainConveyorBlockEntityMixin from mod sable->@Inject::dropInvalidPackages(Lorg/spongepowered/asm/mixin/injection/callback/CallbackInfo;)V has 0 override(s) in child classes
[08Sep2026 17:02:35.706] [modloading-worker-0/DEBUG] [mixin/]: sable-neoforge.mixins.json:compatibility.create.chain_conveyor.ChainConveyorBlockEntityMixin from mod sable->@Inject::dropInvalidPackages(Lorg/spongepowered/asm/mixin/injection/callback/CallbackInfo;)V won't be passed a CallbackInfo as a result
[08Sep2026 17:02:35.720] [modloading-worker-0/DEBUG] [mixin/]: Mixing compatibility.create.hose_pulley.HosePulleyBlockEntityMixin from sable-neoforge.mixins.json into com.simibubi.create.content.fluids.hosePulley.HosePulleyBlockEntity
[08Sep2026 17:02:35.720] [modloading-worker-0/DEBUG] [mixin/]: Renaming synthetic method lambda$sable$getBlockState$0(Lcom/llamalad7/mixinextras/injector/wrapoperation/Operation;Lnet/minecraft/world/level/Level;ZLdev/ryanhcode/sable/sublevel/SubLevel;Lnet/minecraft/core/BlockPos;)Lnet/minecraft/world/level/block/state/BlockState; to md9b259f$sable$lambda$sable$getBlockState$0$0 in sable-neoforge.mixins.json:compatibility.create.hose_pulley.HosePulleyBlockEntityMixin from mod sable
[08Sep2026 17:02:35.728] [modloading-worker-0/DEBUG] [mixin/]: Mixing compatibility.create.inventory_manipulation.ChuteBlockEntityMixin from sable-neoforge.mixins.json into com.simibubi.create.content.logistics.chute.ChuteBlockEntity
[08Sep2026 17:02:35.728] [modloading-worker-0/DEBUG] [mixin/]: Renaming synthetic method lambda$sable$grabCap$0(Lorg/joml/Vector3d;Lorg/joml/Vector3d;Lnet/minecraft/world/level/Level;Ldev/ryanhcode/sable/sublevel/SubLevel;Lnet/minecraft/core/BlockPos;)Lnet/neoforged/neoforge/items/IItemHandler; to md9b259f$sable$lambda$sable$grabCap$0$0 in sable-neoforge.mixins.json:compatibility.create.inventory_manipulation.ChuteBlockEntityMixin from mod sable
[08Sep2026 17:02:35.740] [modloading-worker-0/DEBUG] [mixin/]: Mixing compatibility.create.mechnical_arm.MechanicalArmBlockEntity from sable-neoforge.mixins.json into com.simibubi.create.content.kinetics.mechanicalArm.ArmBlockEntity
[08Sep2026 17:02:35.742] [modloading-worker-0/DEBUG] [mixin/]: sable-neoforge.mixins.json:compatibility.create.mechnical_arm.MechanicalArmBlockEntity from mod sable->@Inject::sable$forceMechArmsLoad(Lnet/minecraft/core/BlockPos;ILorg/spongepowered/asm/mixin/injection/callback/CallbackInfoReturnable;)V does use it's CallbackInfoReturnable
[08Sep2026 17:02:35.744] [modloading-worker-0/DEBUG] [mixin/]: Mixing accessor.ItemStackHandlerAccessor from create.mixins.json into net.neoforged.neoforge.items.ItemStackHandler
[08Sep2026 17:02:35.756] [modloading-worker-0/DEBUG] [mixin/]: Mixing create_assembly.LinearActuatorBlockEntityMixin from simulated.mixins.json into com.simibubi.create.content.contraptions.piston.LinearActuatorBlockEntity
[08Sep2026 17:02:35.761] [modloading-worker-0/DEBUG] [mixin/]: Mixing create_assembly.ClockworkBearingBlockEntityMixin from simulated.mixins.json into com.simibubi.create.content.contraptions.bearing.ClockworkBearingBlockEntity
[08Sep2026 17:02:35.764] [modloading-worker-0/DEBUG] [mixin/]: Mixing create_assembly.ElevatorPulleyBlockEntityMixin from simulated.mixins.json into com.simibubi.create.content.contraptions.elevator.ElevatorPulleyBlockEntity
[08Sep2026 17:02:35.770] [modloading-worker-0/DEBUG] [mixin/]: Mixing compatibility.create.sticker.StickerBlockEntityMixin from sable-neoforge.mixins.json into com.simibubi.create.content.contraptions.chassis.StickerBlockEntity
[08Sep2026 17:02:35.770] [modloading-worker-0/DEBUG] [mixin/]: Renaming synthetic method lambda$tick$3()Ljava/lang/Runnable; to md9b259f$sable$lambda$tick$3$0 in sable-neoforge.mixins.json:compatibility.create.sticker.StickerBlockEntityMixin from mod sable
[08Sep2026 17:02:35.771] [modloading-worker-0/DEBUG] [mixin/]: Renaming synthetic method lambda$tick$2()V to md9b259f$sable$lambda$tick$2$1 in sable-neoforge.mixins.json:compatibility.create.sticker.StickerBlockEntityMixin from mod sable
[08Sep2026 17:02:35.771] [modloading-worker-0/DEBUG] [mixin/]: Renaming synthetic method lambda$tick$1()Ljava/lang/Runnable; to md9b259f$sable$lambda$tick$1$2 in sable-neoforge.mixins.json:compatibility.create.sticker.StickerBlockEntityMixin from mod sable
[08Sep2026 17:02:35.771] [modloading-worker-0/DEBUG] [mixin/]: Renaming synthetic method lambda$tick$0()V to md9b259f$sable$lambda$tick$0$3 in sable-neoforge.mixins.json:compatibility.create.sticker.StickerBlockEntityMixin from mod sable
[08Sep2026 17:02:35.788] [modloading-worker-0/DEBUG] [mixin/]: sable-neoforge.mixins.json:compatibility.create.sticker.StickerBlockEntityMixin from mod sable->@Inject::tick(Lorg/spongepowered/asm/mixin/injection/callback/CallbackInfo;)V doesn't use it's CallbackInfo
[08Sep2026 17:02:35.788] [modloading-worker-0/DEBUG] [mixin/]: sable-neoforge.mixins.json:compatibility.create.sticker.StickerBlockEntityMixin from mod sable->@Inject::tick(Lorg/spongepowered/asm/mixin/injection/callback/CallbackInfo;)V has 0 override(s) in child classes
[08Sep2026 17:02:35.788] [modloading-worker-0/DEBUG] [mixin/]: sable-neoforge.mixins.json:compatibility.create.sticker.StickerBlockEntityMixin from mod sable->@Inject::tick(Lorg/spongepowered/asm/mixin/injection/callback/CallbackInfo;)V won't be passed a CallbackInfo as a result
[08Sep2026 17:02:35.788] [modloading-worker-0/DEBUG] [mixin/]: sable-neoforge.mixins.json:compatibility.create.sticker.StickerBlockEntityMixin from mod sable->@Inject::write(Lnet/minecraft/nbt/CompoundTag;Lnet/minecraft/core/HolderLookup$Provider;ZLorg/spongepowered/asm/mixin/injection/callback/CallbackInfo;)V doesn't use it's CallbackInfo
[08Sep2026 17:02:35.788] [modloading-worker-0/DEBUG] [mixin/]: sable-neoforge.mixins.json:compatibility.create.sticker.StickerBlockEntityMixin from mod sable->@Inject::write(Lnet/minecraft/nbt/CompoundTag;Lnet/minecraft/core/HolderLookup$Provider;ZLorg/spongepowered/asm/mixin/injection/callback/CallbackInfo;)V has 0 override(s) in child classes
[08Sep2026 17:02:35.788] [modloading-worker-0/DEBUG] [mixin/]: sable-neoforge.mixins.json:compatibility.create.sticker.StickerBlockEntityMixin from mod sable->@Inject::write(Lnet/minecraft/nbt/CompoundTag;Lnet/minecraft/core/HolderLookup$Provider;ZLorg/spongepowered/asm/mixin/injection/callback/CallbackInfo;)V won't be passed a CallbackInfo as a result
[08Sep2026 17:02:35.788] [modloading-worker-0/DEBUG] [mixin/]: sable-neoforge.mixins.json:compatibility.create.sticker.StickerBlockEntityMixin from mod sable->@Inject::read(Lnet/minecraft/nbt/CompoundTag;Lnet/minecraft/core/HolderLookup$Provider;ZLorg/spongepowered/asm/mixin/injection/callback/CallbackInfo;)V doesn't use it's CallbackInfo
[08Sep2026 17:02:35.788] [modloading-worker-0/DEBUG] [mixin/]: sable-neoforge.mixins.json:compatibility.create.sticker.StickerBlockEntityMixin from mod sable->@Inject::read(Lnet/minecraft/nbt/CompoundTag;Lnet/minecraft/core/HolderLookup$Provider;ZLorg/spongepowered/asm/mixin/injection/callback/CallbackInfo;)V has 0 override(s) in child classes
[08Sep2026 17:02:35.788] [modloading-worker-0/DEBUG] [mixin/]: sable-neoforge.mixins.json:compatibility.create.sticker.StickerBlockEntityMixin from mod sable->@Inject::read(Lnet/minecraft/nbt/CompoundTag;Lnet/minecraft/core/HolderLookup$Provider;ZLorg/spongepowered/asm/mixin/injection/callback/CallbackInfo;)V won't be passed a CallbackInfo as a result
[08Sep2026 17:02:35.792] [modloading-worker-0/DEBUG] [mixin/]: Mixing compatibility.create.block_breakers.BlockBreakingKineticBlockEntityMixin from sable-neoforge.mixins.json into com.simibubi.create.content.kinetics.base.BlockBreakingKineticBlockEntity
[08Sep2026 17:02:35.793] [modloading-worker-0/DEBUG] [mixin/]: Renaming synthetic method lambda$sable$preGetBlockToBreak$0(Lnet/minecraft/core/BlockPos;Lnet/minecraft/world/level/block/state/BlockState;)Z to md9b259f$sable$lambda$sable$preGetBlockToBreak$0$0 in sable-neoforge.mixins.json:compatibility.create.block_breakers.BlockBreakingKineticBlockEntityMixin from mod sable
[08Sep2026 17:02:35.793] [modloading-worker-0/DEBUG] [mixin/]: Mixing harvesters.BlockBreakingTileEntityMixin from simulated-neoforge.mixins.json into com.simibubi.create.content.kinetics.base.BlockBreakingKineticBlockEntity
[08Sep2026 17:02:35.797] [modloading-worker-0/DEBUG] [mixin/]: simulated-neoforge.mixins.json:harvesters.BlockBreakingTileEntityMixin from mod simulated->@Inject::checkIfDepositable(Lnet/minecraft/world/phys/Vec3;Lnet/minecraft/world/item/ItemStack;Lorg/spongepowered/asm/mixin/injection/callback/CallbackInfo;)V does use it's CallbackInfo
[08Sep2026 17:02:35.800] [modloading-worker-0/DEBUG] [mixin/]: Mixing compatibility.create.saw.SawBlockEntityMixin from sable-neoforge.mixins.json into com.simibubi.create.content.kinetics.saw.SawBlockEntity
[08Sep2026 17:02:35.800] [modloading-worker-0/DEBUG] [mixin/]: Mixing harvesters.SawTileEntityMixin from simulated-neoforge.mixins.json into com.simibubi.create.content.kinetics.saw.SawBlockEntity
[08Sep2026 17:02:35.802] [modloading-worker-0/DEBUG] [mixin/]: simulated-neoforge.mixins.json:harvesters.SawTileEntityMixin from mod simulated->@Inject::checkDeposit(Lnet/minecraft/core/BlockPos;Lnet/minecraft/world/item/ItemStack;Lorg/spongepowered/asm/mixin/injection/callback/CallbackInfo;)V does use it's CallbackInfo
[08Sep2026 17:02:35.805] [modloading-worker-0/DEBUG] [mixin/]: Mixing compatibility.create.behaviour_compatibility.harvester_block_entity.HarvesterBlockEntityMixin from sable-neoforge.mixins.json into com.simibubi.create.content.contraptions.actors.harvester.HarvesterBlockEntity
[08Sep2026 17:02:35.805] [modloading-worker-0/DEBUG] [mixin/]: Renaming synthetic method lambda$sable$tick$0(Ldev/ryanhcode/sable/sublevel/SubLevel;Lnet/minecraft/core/BlockPos;)Lnet/minecraft/core/BlockPos; to md9b259f$sable$lambda$sable$tick$0$0 in sable-neoforge.mixins.json:compatibility.create.behaviour_compatibility.harvester_block_entity.HarvesterBlockEntityMixin from mod sable
[08Sep2026 17:02:35.807] [modloading-worker-0/DEBUG] [mixin/]: Mixing harvesters.SableHarvesterMixin from simulated-neoforge.mixins.json into com.simibubi.create.content.contraptions.actors.harvester.HarvesterBlockEntity
[08Sep2026 17:02:35.816] [modloading-worker-0/DEBUG] [mixin/]: Mixing flywheel_block_entity.FlywheelBlockEntityMixin from aeronautics.mixins.json into com.simibubi.create.content.kinetics.flywheel.FlywheelBlockEntity
[08Sep2026 17:02:35.816] [modloading-worker-0/DEBUG] [mixin/]: aeronautics.mixins.json:flywheel_block_entity.FlywheelBlockEntityMixin from mod aeronautics: Class version 65 required is higher than the class version supported by the current version of Mixin (JAVA_18 supports class version 62)
[08Sep2026 17:02:35.817] [modloading-worker-0/DEBUG] [mixin/]: Mixing compatibility.create.flywheel.FlywheelBlockEntityMixin from sable-neoforge.mixins.json into com.simibubi.create.content.kinetics.flywheel.FlywheelBlockEntity
[08Sep2026 17:02:35.820] [modloading-worker-0/DEBUG] [mixin/]: aeronautics.mixins.json:flywheel_block_entity.FlywheelBlockEntityMixin from mod aeronautics->@Inject::read(Lnet/minecraft/nbt/CompoundTag;Lnet/minecraft/core/HolderLookup$Provider;ZLorg/spongepowered/asm/mixin/injection/callback/CallbackInfo;)V doesn't use it's CallbackInfo
[08Sep2026 17:02:35.820] [modloading-worker-0/DEBUG] [mixin/]: aeronautics.mixins.json:flywheel_block_entity.FlywheelBlockEntityMixin from mod aeronautics->@Inject::read(Lnet/minecraft/nbt/CompoundTag;Lnet/minecraft/core/HolderLookup$Provider;ZLorg/spongepowered/asm/mixin/injection/callback/CallbackInfo;)V has 0 override(s) in child classes
[08Sep2026 17:02:35.820] [modloading-worker-0/DEBUG] [mixin/]: aeronautics.mixins.json:flywheel_block_entity.FlywheelBlockEntityMixin from mod aeronautics->@Inject::read(Lnet/minecraft/nbt/CompoundTag;Lnet/minecraft/core/HolderLookup$Provider;ZLorg/spongepowered/asm/mixin/injection/callback/CallbackInfo;)V won't be passed a CallbackInfo as a result
[08Sep2026 17:02:35.821] [modloading-worker-0/DEBUG] [mixin/]: sable-neoforge.mixins.json:compatibility.create.flywheel.FlywheelBlockEntityMixin from mod sable->@Inject::sable$tick(Lorg/spongepowered/asm/mixin/injection/callback/CallbackInfo;)V doesn't use it's CallbackInfo
[08Sep2026 17:02:35.821] [modloading-worker-0/DEBUG] [mixin/]: sable-neoforge.mixins.json:compatibility.create.flywheel.FlywheelBlockEntityMixin from mod sable->@Inject::sable$tick(Lorg/spongepowered/asm/mixin/injection/callback/CallbackInfo;)V has 0 override(s) in child classes
[08Sep2026 17:02:35.821] [modloading-worker-0/DEBUG] [mixin/]: sable-neoforge.mixins.json:compatibility.create.flywheel.FlywheelBlockEntityMixin from mod sable->@Inject::sable$tick(Lorg/spongepowered/asm/mixin/injection/callback/CallbackInfo;)V won't be passed a CallbackInfo as a result
[08Sep2026 17:02:35.821] [modloading-worker-0/DEBUG] [mixin/]: sable-neoforge.mixins.json:compatibility.create.flywheel.FlywheelBlockEntityMixin from mod sable->@Inject::sable$write(Lnet/minecraft/nbt/CompoundTag;Lnet/minecraft/core/HolderLookup$Provider;ZLorg/spongepowered/asm/mixin/injection/callback/CallbackInfo;)V doesn't use it's CallbackInfo
[08Sep2026 17:02:35.821] [modloading-worker-0/DEBUG] [mixin/]: sable-neoforge.mixins.json:compatibility.create.flywheel.FlywheelBlockEntityMixin from mod sable->@Inject::sable$write(Lnet/minecraft/nbt/CompoundTag;Lnet/minecraft/core/HolderLookup$Provider;ZLorg/spongepowered/asm/mixin/injection/callback/CallbackInfo;)V has 0 override(s) in child classes
[08Sep2026 17:02:35.821] [modloading-worker-0/DEBUG] [mixin/]: sable-neoforge.mixins.json:compatibility.create.flywheel.FlywheelBlockEntityMixin from mod sable->@Inject::sable$write(Lnet/minecraft/nbt/CompoundTag;Lnet/minecraft/core/HolderLookup$Provider;ZLorg/spongepowered/asm/mixin/injection/callback/CallbackInfo;)V won't be passed a CallbackInfo as a result
[08Sep2026 17:02:35.821] [modloading-worker-0/DEBUG] [mixin/]: sable-neoforge.mixins.json:compatibility.create.flywheel.FlywheelBlockEntityMixin from mod sable->@Inject::sable$read(Lnet/minecraft/nbt/CompoundTag;Lnet/minecraft/core/HolderLookup$Provider;ZLorg/spongepowered/asm/mixin/injection/callback/CallbackInfo;)V doesn't use it's CallbackInfo
[08Sep2026 17:02:35.821] [modloading-worker-0/DEBUG] [mixin/]: sable-neoforge.mixins.json:compatibility.create.flywheel.FlywheelBlockEntityMixin from mod sable->@Inject::sable$read(Lnet/minecraft/nbt/CompoundTag;Lnet/minecraft/core/HolderLookup$Provider;ZLorg/spongepowered/asm/mixin/injection/callback/CallbackInfo;)V has 0 override(s) in child classes
[08Sep2026 17:02:35.821] [modloading-worker-0/DEBUG] [mixin/]: sable-neoforge.mixins.json:compatibility.create.flywheel.FlywheelBlockEntityMixin from mod sable->@Inject::sable$read(Lnet/minecraft/nbt/CompoundTag;Lnet/minecraft/core/HolderLookup$Provider;ZLorg/spongepowered/asm/mixin/injection/callback/CallbackInfo;)V won't be passed a CallbackInfo as a result
[08Sep2026 17:02:35.824] [modloading-worker-0/DEBUG] [mixin/]: Mixing compatibility.create.crushing_wheel_entity_processing.CrushingWheelControllerBlockEntityMixin from sable-neoforge.mixins.json into com.simibubi.create.content.kinetics.crusher.CrushingWheelControllerBlockEntity
[08Sep2026 17:02:35.828] [modloading-worker-0/DEBUG] [mixin/]: sable-neoforge.mixins.json:compatibility.create.crushing_wheel_entity_processing.CrushingWheelControllerBlockEntityMixin from mod sable->@Inject::sable$initSublevel(Lorg/spongepowered/asm/mixin/injection/callback/CallbackInfo;)V doesn't use it's CallbackInfo
[08Sep2026 17:02:35.828] [modloading-worker-0/DEBUG] [mixin/]: sable-neoforge.mixins.json:compatibility.create.crushing_wheel_entity_processing.CrushingWheelControllerBlockEntityMixin from mod sable->@Inject::sable$initSublevel(Lorg/spongepowered/asm/mixin/injection/callback/CallbackInfo;)V has 0 override(s) in child classes
[08Sep2026 17:02:35.828] [modloading-worker-0/DEBUG] [mixin/]: sable-neoforge.mixins.json:compatibility.create.crushing_wheel_entity_processing.CrushingWheelControllerBlockEntityMixin from mod sable->@Inject::sable$initSublevel(Lorg/spongepowered/asm/mixin/injection/callback/CallbackInfo;)V won't be passed a CallbackInfo as a result
[08Sep2026 17:02:35.832] [modloading-worker-0/DEBUG] [mixin/]: Mixing levitite.WaterWheelBlockEntityMixin from aeronautics.mixins.json into com.simibubi.create.content.kinetics.waterwheel.WaterWheelBlockEntity
[08Sep2026 17:02:35.832] [modloading-worker-0/DEBUG] [mixin/]: aeronautics.mixins.json:levitite.WaterWheelBlockEntityMixin from mod aeronautics: Class version 65 required is higher than the class version supported by the current version of Mixin (JAVA_18 supports class version 62)
[08Sep2026 17:02:35.837] [modloading-worker-0/DEBUG] [mixin/]: Mixing compatibility.create.basin_interactions.BasinOperatingBlockEntityMixin from sable-neoforge.mixins.json into com.simibubi.create.content.processing.basin.BasinOperatingBlockEntity
[08Sep2026 17:02:35.837] [modloading-worker-0/DEBUG] [mixin/]: Renaming synthetic method lambda$sable$accountForSubLevels$0(Lnet/minecraft/world/level/Level;Ldev/ryanhcode/sable/sublevel/SubLevel;Lnet/minecraft/core/BlockPos;)Lnet/minecraft/world/level/block/entity/BlockEntity; to md9b259f$sable$lambda$sable$accountForSubLevels$0$0 in sable-neoforge.mixins.json:compatibility.create.basin_interactions.BasinOperatingBlockEntityMixin from mod sable
[08Sep2026 17:02:35.839] [modloading-worker-0/DEBUG] [mixin/]: sable-neoforge.mixins.json:compatibility.create.basin_interactions.BasinOperatingBlockEntityMixin from mod sable->@Inject::sable$forceUpdate(Lorg/spongepowered/asm/mixin/injection/callback/CallbackInfo;)V doesn't use it's CallbackInfo
[08Sep2026 17:02:35.839] [modloading-worker-0/DEBUG] [mixin/]: sable-neoforge.mixins.json:compatibility.create.basin_interactions.BasinOperatingBlockEntityMixin from mod sable->@Inject::sable$forceUpdate(Lorg/spongepowered/asm/mixin/injection/callback/CallbackInfo;)V has 0 override(s) in child classes
[08Sep2026 17:02:35.839] [modloading-worker-0/DEBUG] [mixin/]: sable-neoforge.mixins.json:compatibility.create.basin_interactions.BasinOperatingBlockEntityMixin from mod sable->@Inject::sable$forceUpdate(Lorg/spongepowered/asm/mixin/injection/callback/CallbackInfo;)V won't be passed a CallbackInfo as a result
[08Sep2026 17:02:35.846] [modloading-worker-0/DEBUG] [mixin/]: Mixing compatibility.create.deployer.DeployerBlockEntityMixin from sable-neoforge.mixins.json into com.simibubi.create.content.kinetics.deployer.DeployerBlockEntity
[08Sep2026 17:02:35.868] [modloading-worker-0/DEBUG] [mixin/]: Mixing compatibility.create.inventory_manipulation.CapManipulationBehaviourBaseMixin from sable-neoforge.mixins.json into com.simibubi.create.foundation.blockEntity.behaviour.inventory.CapManipulationBehaviourBase
[08Sep2026 17:02:35.868] [modloading-worker-0/DEBUG] [mixin/]: Renaming synthetic method lambda$sable$findNewCapOnSubLevel$0(Lnet/minecraft/world/level/Level;Ldev/ryanhcode/sable/sublevel/SubLevel;Lnet/minecraft/core/BlockPos;)Lnet/minecraft/world/level/block/entity/BlockEntity; to md9b259f$sable$lambda$sable$findNewCapOnSubLevel$0$0 in sable-neoforge.mixins.json:compatibility.create.inventory_manipulation.CapManipulationBehaviourBaseMixin from mod sable
[08Sep2026 17:02:35.892] [modloading-worker-0/DEBUG] [mixin/]: Mixing accessor.RedstoneLinkBlockEntityAccessor from simulated.mixins.json into com.simibubi.create.content.redstone.link.RedstoneLinkBlockEntity
[08Sep2026 17:02:35.895] [modloading-worker-0/DEBUG] [mixin/]: Mixing compatibility.create.display_link.DisplayLinkBlockEntityMixin from sable-neoforge.mixins.json into com.simibubi.create.content.redstone.displayLink.DisplayLinkBlockEntity
[08Sep2026 17:02:35.897] [modloading-worker-0/DEBUG] [mixin/]: Mixing conditional_display_target.DisplayLinkBlockEntityMixin from simulated.mixins.json into com.simibubi.create.content.redstone.displayLink.DisplayLinkBlockEntity
[08Sep2026 17:02:35.898] [modloading-worker-0/DEBUG] [mixin/]: sable-neoforge.mixins.json:compatibility.create.display_link.DisplayLinkBlockEntityMixin from mod sable->@Inject::sable$accountForSubLevels(Lorg/spongepowered/asm/mixin/injection/callback/CallbackInfoReturnable;)V does use it's CallbackInfoReturnable
[08Sep2026 17:02:35.898] [modloading-worker-0/DEBUG] [mixin/]: simulated.mixins.json:conditional_display_target.DisplayLinkBlockEntityMixin from mod simulated->@Inject::simulated$stopConditionalTransfer(Lorg/spongepowered/asm/mixin/injection/callback/CallbackInfo;)V does use it's CallbackInfo
[08Sep2026 17:02:35.904] [modloading-worker-0/DEBUG] [mixin/]: Mixing compatibility.create.ejector.EjectorBlockEntityMixin from sable-neoforge.mixins.json into com.simibubi.create.content.logistics.depot.EjectorBlockEntity
[08Sep2026 17:02:35.924] [modloading-worker-0/DEBUG] [mixin/]: sable-neoforge.mixins.json:compatibility.create.ejector.EjectorBlockEntityMixin from mod sable->@Inject::sable$launchSubLevels(Lorg/spongepowered/asm/mixin/injection/callback/CallbackInfo;)V doesn't use it's CallbackInfo
[08Sep2026 17:02:35.924] [modloading-worker-0/DEBUG] [mixin/]: sable-neoforge.mixins.json:compatibility.create.ejector.EjectorBlockEntityMixin from mod sable->@Inject::sable$launchSubLevels(Lorg/spongepowered/asm/mixin/injection/callback/CallbackInfo;)V has 0 override(s) in child classes
[08Sep2026 17:02:35.924] [modloading-worker-0/DEBUG] [mixin/]: sable-neoforge.mixins.json:compatibility.create.ejector.EjectorBlockEntityMixin from mod sable->@Inject::sable$launchSubLevels(Lorg/spongepowered/asm/mixin/injection/callback/CallbackInfo;)V won't be passed a CallbackInfo as a result
[08Sep2026 17:02:35.925] [modloading-worker-0/DEBUG] [mixin/]: sable-neoforge.mixins.json:compatibility.create.ejector.EjectorBlockEntityMixin from mod sable->@Inject::sable$tick(Lorg/spongepowered/asm/mixin/injection/callback/CallbackInfo;)V doesn't use it's CallbackInfo
[08Sep2026 17:02:35.925] [modloading-worker-0/DEBUG] [mixin/]: sable-neoforge.mixins.json:compatibility.create.ejector.EjectorBlockEntityMixin from mod sable->@Inject::sable$tick(Lorg/spongepowered/asm/mixin/injection/callback/CallbackInfo;)V has 0 override(s) in child classes
[08Sep2026 17:02:35.925] [modloading-worker-0/DEBUG] [mixin/]: sable-neoforge.mixins.json:compatibility.create.ejector.EjectorBlockEntityMixin from mod sable->@Inject::sable$tick(Lorg/spongepowered/asm/mixin/injection/callback/CallbackInfo;)V won't be passed a CallbackInfo as a result
[08Sep2026 17:02:35.935] [modloading-worker-0/DEBUG] [mixin/]: Mixing compatibility.create.lectern_controller.LecternControllerBlockEntityMixin from sable-neoforge.mixins.json into com.simibubi.create.content.redstone.link.controller.LecternControllerBlockEntity
[08Sep2026 17:02:35.937] [modloading-worker-0/DEBUG] [mixin/]: sable-neoforge.mixins.json:compatibility.create.lectern_controller.LecternControllerBlockEntityMixin from mod sable->@Inject::sable$dropController(Lnet/minecraft/world/level/block/state/BlockState;Lorg/spongepowered/asm/mixin/injection/callback/CallbackInfo;)V does use it's CallbackInfo
[08Sep2026 17:02:36.006] [modloading-worker-0/DEBUG] [mixin/]: Mixing compatibility.create.schematics.SchematicPlacePacketMixin from sable-neoforge.mixins.json into com.simibubi.create.content.schematics.packet.SchematicPlacePacket
[08Sep2026 17:02:36.006] [modloading-worker-0/DEBUG] [mixin/]: Renaming synthetic method lambda$sable$handle$3(Lnet/createmod/catnip/levelWrappers/SchematicLevel;Lnet/minecraft/world/level/Level;Lnet/minecraft/core/BlockPos;Lnet/minecraft/core/BlockPos;)V to md9b259f$sable$lambda$sable$handle$3$0 in sable-neoforge.mixins.json:compatibility.create.schematics.SchematicPlacePacketMixin from mod sable
[08Sep2026 17:02:36.006] [modloading-worker-0/DEBUG] [mixin/]: Renaming synthetic method lambda$sable$handle$2(Ldev/ryanhcode/sable/sublevel/SubLevel;Ljava/lang/Object;)Lnet/minecraft/core/BlockPos; to md9b259f$sable$lambda$sable$handle$2$1 in sable-neoforge.mixins.json:compatibility.create.schematics.SchematicPlacePacketMixin from mod sable
[08Sep2026 17:02:36.006] [modloading-worker-0/DEBUG] [mixin/]: Renaming synthetic method lambda$sable$handle$1(Lnet/minecraft/core/BlockPos;Ljava/lang/Object;)Lnet/minecraft/core/BlockPos; to md9b259f$sable$lambda$sable$handle$1$2 in sable-neoforge.mixins.json:compatibility.create.schematics.SchematicPlacePacketMixin from mod sable
[08Sep2026 17:02:36.006] [modloading-worker-0/DEBUG] [mixin/]: Renaming synthetic method lambda$sable$handle$0(Lcom/simibubi/create/content/contraptions/StructureTransform;Ljava/lang/Object;)Lnet/minecraft/core/BlockPos; to md9b259f$sable$lambda$sable$handle$0$3 in sable-neoforge.mixins.json:compatibility.create.schematics.SchematicPlacePacketMixin from mod sable
[08Sep2026 17:02:36.016] [modloading-worker-0/DEBUG] [mixin/]: sable-neoforge.mixins.json:compatibility.create.schematics.SchematicPlacePacketMixin from mod sable->@Inject::sable$preHandle(Lnet/minecraft/server/level/ServerPlayer;Lorg/spongepowered/asm/mixin/injection/callback/CallbackInfo;)V does use it's CallbackInfo
[08Sep2026 17:02:36.016] [modloading-worker-0/DEBUG] [mixin/]: sable-neoforge.mixins.json:compatibility.create.schematics.SchematicPlacePacketMixin from mod sable->@Inject::sable$handle(Lnet/minecraft/server/level/ServerPlayer;Lorg/spongepowered/asm/mixin/injection/callback/CallbackInfo;)V doesn't use it's CallbackInfo
[08Sep2026 17:02:36.016] [modloading-worker-0/DEBUG] [mixin/]: sable-neoforge.mixins.json:compatibility.create.schematics.SchematicPlacePacketMixin from mod sable->@Inject::sable$postHandle(Lnet/minecraft/server/level/ServerPlayer;Lorg/spongepowered/asm/mixin/injection/callback/CallbackInfo;)V doesn't use it's CallbackInfo
[08Sep2026 17:02:36.024] [modloading-worker-0/DEBUG] [mixin/]: Mixing compatibility.create.frogports.PackagePortPlacementPacketMixin from sable-neoforge.mixins.json into com.simibubi.create.content.logistics.packagePort.PackagePortPlacementPacket
[08Sep2026 17:02:36.087] [modloading-worker-0/DEBUG] [mixin/]: Mixing compatibility.create.tracks.CurvedTrackDestroyPacketMixin from sable-neoforge.mixins.json into com.simibubi.create.content.trains.track.CurvedTrackDestroyPacket
[08Sep2026 17:02:36.093] [modloading-worker-0/DEBUG] [mixin/]: Mixing compatibility.create.super_glue.SuperGlueRemovalPacketMixin from sable-neoforge.mixins.json into com.simibubi.create.content.contraptions.glue.SuperGlueRemovalPacket
[08Sep2026 17:02:36.124] [modloading-worker-0/DEBUG] [mixin/]: Mixing compatibility.create.frogports.ChainPackageInteractionPacketMixin from sable-neoforge.mixins.json into com.simibubi.create.content.kinetics.chainConveyor.ChainPackageInteractionPacket
[08Sep2026 17:02:36.128] [modloading-worker-0/DEBUG] [mixin/]: sable-neoforge.mixins.json:compatibility.create.frogports.ChainPackageInteractionPacketMixin from mod sable->@Inject::sable$initialiseLoopingWorldPosition(Lnet/minecraft/server/level/ServerPlayer;Lcom/simibubi/create/content/kinetics/chainConveyor/ChainConveyorBlockEntity;Lorg/spongepowered/asm/mixin/injection/callback/CallbackInfo;)V doesn't use it's CallbackInfo
[08Sep2026 17:02:36.128] [modloading-worker-0/DEBUG] [mixin/]: sable-neoforge.mixins.json:compatibility.create.frogports.ChainPackageInteractionPacketMixin from mod sable->@Inject::sable$initialiseLoopingWorldPosition(Lnet/minecraft/server/level/ServerPlayer;Lcom/simibubi/create/content/kinetics/chainConveyor/ChainConveyorBlockEntity;Lorg/spongepowered/asm/mixin/injection/callback/CallbackInfo;)V has 0 override(s) in child classes
[08Sep2026 17:02:36.128] [modloading-worker-0/DEBUG] [mixin/]: sable-neoforge.mixins.json:compatibility.create.frogports.ChainPackageInteractionPacketMixin from mod sable->@Inject::sable$initialiseLoopingWorldPosition(Lnet/minecraft/server/level/ServerPlayer;Lcom/simibubi/create/content/kinetics/chainConveyor/ChainConveyorBlockEntity;Lorg/spongepowered/asm/mixin/injection/callback/CallbackInfo;)V won't be passed a CallbackInfo as a result
[08Sep2026 17:02:36.128] [modloading-worker-0/DEBUG] [mixin/]: sable-neoforge.mixins.json:compatibility.create.frogports.ChainPackageInteractionPacketMixin from mod sable->@Inject::sable$initialiseTravellingWorldPosition(Lnet/minecraft/server/level/ServerPlayer;Lcom/simibubi/create/content/kinetics/chainConveyor/ChainConveyorBlockEntity;Lorg/spongepowered/asm/mixin/injection/callback/CallbackInfo;)V doesn't use it's CallbackInfo
[08Sep2026 17:02:36.128] [modloading-worker-0/DEBUG] [mixin/]: sable-neoforge.mixins.json:compatibility.create.frogports.ChainPackageInteractionPacketMixin from mod sable->@Inject::sable$initialiseTravellingWorldPosition(Lnet/minecraft/server/level/ServerPlayer;Lcom/simibubi/create/content/kinetics/chainConveyor/ChainConveyorBlockEntity;Lorg/spongepowered/asm/mixin/injection/callback/CallbackInfo;)V has 0 override(s) in child classes
[08Sep2026 17:02:36.128] [modloading-worker-0/DEBUG] [mixin/]: sable-neoforge.mixins.json:compatibility.create.frogports.ChainPackageInteractionPacketMixin from mod sable->@Inject::sable$initialiseTravellingWorldPosition(Lnet/minecraft/server/level/ServerPlayer;Lcom/simibubi/create/content/kinetics/chainConveyor/ChainConveyorBlockEntity;Lorg/spongepowered/asm/mixin/injection/callback/CallbackInfo;)V won't be passed a CallbackInfo as a result
[08Sep2026 17:02:36.176] [modloading-worker-0/DEBUG] [mixin/]: Mixing MountedStorageAccessor from offroad.mixins.json into com.simibubi.create.content.contraptions.MountedStorageManager
[08Sep2026 17:02:36.177] [modloading-worker-0/DEBUG] [mixin/]: offroad.mixins.json:MountedStorageAccessor from mod offroad: Class version 65 required is higher than the class version supported by the current version of Mixin (JAVA_18 supports class version 62)
[08Sep2026 17:02:36.223] [modloading-worker-0/DEBUG] [mixin/]: Mixing compatibility.create.tracks.TrackPlacementMixin from sable-neoforge.mixins.json into com.simibubi.create.content.trains.track.TrackPlacement
[08Sep2026 17:02:36.278] [modloading-worker-0/DEBUG] [net.neoforged.fml.config.ConfigTracker/CONFIG]: Config file create-common.toml for create tracking
[08Sep2026 17:02:36.278] [modloading-worker-0/DEBUG] [net.neoforged.fml.config.ConfigTracker/CONFIG]: Config file create-client.toml for create tracking
[08Sep2026 17:02:36.278] [modloading-worker-0/DEBUG] [net.neoforged.fml.config.ConfigTracker/CONFIG]: Config file create-server.toml for create tracking
[08Sep2026 17:02:36.296] [modloading-worker-0/DEBUG] [net.neoforged.fml.javafmlmod.AutomaticEventSubscriber/LOADING]: Attempting to inject @EventBusSubscriber classes into the eventbus for create
[08Sep2026 17:02:36.296] [modloading-worker-0/DEBUG] [net.neoforged.fml.javafmlmod.AutomaticEventSubscriber/LOADING]: Scanning class com.simibubi.create.infrastructure.config.AllConfigs for @SubscribeEvent-annotated methods
[08Sep2026 17:02:36.296] [modloading-worker-0/DEBUG] [net.neoforged.fml.javafmlmod.AutomaticEventSubscriber/]: Subscribing @EventBusSubscriber class Lcom/simibubi/create/infrastructure/config/AllConfigs; to the mod event bus of mod create
[08Sep2026 17:02:36.298] [modloading-worker-0/DEBUG] [net.neoforged.fml.javafmlmod.AutomaticEventSubscriber/LOADING]: Scanning class com.simibubi.create.infrastructure.RemapHelper for @SubscribeEvent-annotated methods
[08Sep2026 17:02:36.299] [modloading-worker-0/DEBUG] [net.neoforged.fml.javafmlmod.AutomaticEventSubscriber/]: Subscribing @EventBusSubscriber class Lcom/simibubi/create/infrastructure/RemapHelper; to the mod event bus of mod create
[08Sep2026 17:02:36.301] [modloading-worker-0/DEBUG] [net.neoforged.fml.javafmlmod.AutomaticEventSubscriber/LOADING]: Scanning class com.simibubi.create.infrastructure.gametest.CreateGameTests for @SubscribeEvent-annotated methods
[08Sep2026 17:02:36.307] [modloading-worker-0/DEBUG] [net.neoforged.fml.javafmlmod.AutomaticEventSubscriber/]: Subscribing @EventBusSubscriber class Lcom/simibubi/create/infrastructure/gametest/CreateGameTests; to the mod event bus of mod create
[08Sep2026 17:02:36.307] [modloading-worker-0/DEBUG] [net.neoforged.fml.javafmlmod.AutomaticEventSubscriber/LOADING]: Scanning class com.simibubi.create.foundation.block.ItemUseOverrides for @SubscribeEvent-annotated methods
[08Sep2026 17:02:36.307] [modloading-worker-0/DEBUG] [net.neoforged.fml.javafmlmod.AutomaticEventSubscriber/]: Subscribing @EventBusSubscriber class Lcom/simibubi/create/foundation/block/ItemUseOverrides; to the game event bus
[08Sep2026 17:02:36.307] [modloading-worker-0/DEBUG] [net.neoforged.fml.javafmlmod.AutomaticEventSubscriber/LOADING]: Scanning class com.simibubi.create.foundation.blockEntity.behaviour.ValueSettingsInputHandler for @SubscribeEvent-annotated methods
[08Sep2026 17:02:36.308] [modloading-worker-0/DEBUG] [net.neoforged.fml.javafmlmod.AutomaticEventSubscriber/]: Subscribing @EventBusSubscriber class Lcom/simibubi/create/foundation/blockEntity/behaviour/ValueSettingsInputHandler; to the game event bus
[08Sep2026 17:02:36.308] [modloading-worker-0/DEBUG] [net.neoforged.fml.javafmlmod.AutomaticEventSubscriber/LOADING]: Scanning class com.simibubi.create.foundation.blockEntity.behaviour.edgeInteraction.EdgeInteractionHandler for @SubscribeEvent-annotated methods
[08Sep2026 17:02:36.310] [modloading-worker-0/DEBUG] [net.neoforged.fml.javafmlmod.AutomaticEventSubscriber/]: Subscribing @EventBusSubscriber class Lcom/simibubi/create/foundation/blockEntity/behaviour/edgeInteraction/EdgeInteractionHandler; to the game event bus
[08Sep2026 17:02:36.310] [modloading-worker-0/DEBUG] [net.neoforged.fml.javafmlmod.AutomaticEventSubscriber/LOADING]: Scanning class com.simibubi.create.foundation.events.CommonEvents$ModBusEvents for @SubscribeEvent-annotated methods
[08Sep2026 17:02:36.311] [modloading-worker-0/DEBUG] [net.neoforged.fml.javafmlmod.AutomaticEventSubscriber/]: Subscribing @EventBusSubscriber class Lcom/simibubi/create/foundation/events/CommonEvents$ModBusEvents; to the mod event bus of mod create
[08Sep2026 17:02:36.312] [modloading-worker-0/DEBUG] [net.neoforged.fml.javafmlmod.AutomaticEventSubscriber/LOADING]: Scanning class com.simibubi.create.foundation.events.CommonEvents for @SubscribeEvent-annotated methods
[08Sep2026 17:02:36.313] [modloading-worker-0/DEBUG] [net.neoforged.fml.javafmlmod.AutomaticEventSubscriber/]: Subscribing @EventBusSubscriber class Lcom/simibubi/create/foundation/events/CommonEvents; to the game event bus
[08Sep2026 17:02:36.316] [modloading-worker-0/DEBUG] [net.neoforged.fml.javafmlmod.AutomaticEventSubscriber/LOADING]: Scanning class com.simibubi.create.content.contraptions.glue.SuperGlueHandler for @SubscribeEvent-annotated methods
[08Sep2026 17:02:36.317] [modloading-worker-0/DEBUG] [net.neoforged.fml.javafmlmod.AutomaticEventSubscriber/]: Subscribing @EventBusSubscriber class Lcom/simibubi/create/content/contraptions/glue/SuperGlueHandler; to the game event bus
[08Sep2026 17:02:36.318] [modloading-worker-0/DEBUG] [net.neoforged.fml.javafmlmod.AutomaticEventSubscriber/LOADING]: Scanning class com.simibubi.create.content.contraptions.glue.SuperGlueItem for @SubscribeEvent-annotated methods
[08Sep2026 17:02:36.318] [modloading-worker-0/DEBUG] [net.neoforged.fml.javafmlmod.AutomaticEventSubscriber/]: Subscribing @EventBusSubscriber class Lcom/simibubi/create/content/contraptions/glue/SuperGlueItem; to the game event bus
[08Sep2026 17:02:36.323] [modloading-worker-0/DEBUG] [net.neoforged.fml.javafmlmod.AutomaticEventSubscriber/LOADING]: Scanning class com.simibubi.create.content.contraptions.minecart.CouplingHandler for @SubscribeEvent-annotated methods
[08Sep2026 17:02:36.325] [modloading-worker-0/DEBUG] [net.neoforged.fml.javafmlmod.AutomaticEventSubscriber/]: Subscribing @EventBusSubscriber class Lcom/simibubi/create/content/contraptions/minecart/CouplingHandler; to the game event bus
[08Sep2026 17:02:36.325] [modloading-worker-0/DEBUG] [net.neoforged.fml.javafmlmod.AutomaticEventSubscriber/LOADING]: Scanning class com.simibubi.create.content.contraptions.minecart.MinecartCouplingItem for @SubscribeEvent-annotated methods
[08Sep2026 17:02:36.325] [modloading-worker-0/DEBUG] [net.neoforged.fml.javafmlmod.AutomaticEventSubscriber/]: Subscribing @EventBusSubscriber class Lcom/simibubi/create/content/contraptions/minecart/MinecartCouplingItem; to the game event bus
[08Sep2026 17:02:36.325] [modloading-worker-0/DEBUG] [net.neoforged.fml.javafmlmod.AutomaticEventSubscriber/LOADING]: Scanning class com.simibubi.create.content.contraptions.mounted.MinecartContraptionItem for @SubscribeEvent-annotated methods
[08Sep2026 17:02:36.326] [modloading-worker-0/DEBUG] [net.neoforged.fml.javafmlmod.AutomaticEventSubscriber/]: Subscribing @EventBusSubscriber class Lcom/simibubi/create/content/contraptions/mounted/MinecartContraptionItem; to the game event bus
[08Sep2026 17:02:36.327] [modloading-worker-0/DEBUG] [net.neoforged.fml.javafmlmod.AutomaticEventSubscriber/LOADING]: Scanning class com.simibubi.create.content.fluids.FluidReactions for @SubscribeEvent-annotated methods
[08Sep2026 17:02:36.328] [modloading-worker-0/DEBUG] [net.neoforged.fml.javafmlmod.AutomaticEventSubscriber/]: Subscribing @EventBusSubscriber class Lcom/simibubi/create/content/fluids/FluidReactions; to the game event bus
[08Sep2026 17:02:36.328] [modloading-worker-0/DEBUG] [net.neoforged.fml.javafmlmod.AutomaticEventSubscriber/LOADING]: Scanning class com.simibubi.create.content.fluids.FluidBottleItemHook for @SubscribeEvent-annotated methods
[08Sep2026 17:02:36.328] [modloading-worker-0/DEBUG] [net.neoforged.fml.javafmlmod.AutomaticEventSubscriber/]: Subscribing @EventBusSubscriber class Lcom/simibubi/create/content/fluids/FluidBottleItemHook; to the game event bus
[08Sep2026 17:02:36.329] [modloading-worker-0/DEBUG] [net.neoforged.fml.javafmlmod.AutomaticEventSubscriber/LOADING]: Scanning class com.simibubi.create.content.trains.schedule.ScheduleItemEntityInteraction for @SubscribeEvent-annotated methods
[08Sep2026 17:02:36.330] [modloading-worker-0/DEBUG] [net.neoforged.fml.javafmlmod.AutomaticEventSubscriber/]: Subscribing @EventBusSubscriber class Lcom/simibubi/create/content/trains/schedule/ScheduleItemEntityInteraction; to the game event bus
[08Sep2026 17:02:36.330] [modloading-worker-0/DEBUG] [net.neoforged.fml.javafmlmod.AutomaticEventSubscriber/LOADING]: Scanning class com.simibubi.create.content.logistics.funnel.FunnelItem for @SubscribeEvent-annotated methods
[08Sep2026 17:02:36.330] [modloading-worker-0/DEBUG] [net.neoforged.fml.javafmlmod.AutomaticEventSubscriber/]: Subscribing @EventBusSubscriber class Lcom/simibubi/create/content/logistics/funnel/FunnelItem; to the game event bus
[08Sep2026 17:02:36.331] [modloading-worker-0/DEBUG] [net.neoforged.fml.javafmlmod.AutomaticEventSubscriber/LOADING]: Scanning class com.simibubi.create.content.logistics.itemHatch.ItemHatchHandler for @SubscribeEvent-annotated methods
[08Sep2026 17:02:36.331] [modloading-worker-0/DEBUG] [net.neoforged.fml.javafmlmod.AutomaticEventSubscriber/]: Subscribing @EventBusSubscriber class Lcom/simibubi/create/content/logistics/itemHatch/ItemHatchHandler; to the game event bus
[08Sep2026 17:02:36.331] [modloading-worker-0/DEBUG] [net.neoforged.fml.javafmlmod.AutomaticEventSubscriber/LOADING]: Scanning class com.simibubi.create.content.logistics.stockTicker.StockTickerInteractionHandler for @SubscribeEvent-annotated methods
[08Sep2026 17:02:36.331] [modloading-worker-0/DEBUG] [mixin/]: Mixing compatibility.create.stock_ticker.StockTickerInteractionHandlerMixin from sable-neoforge.mixins.json into com.simibubi.create.content.logistics.stockTicker.StockTickerInteractionHandler
[08Sep2026 17:02:36.333] [modloading-worker-0/DEBUG] [net.neoforged.fml.javafmlmod.AutomaticEventSubscriber/]: Subscribing @EventBusSubscriber class Lcom/simibubi/create/content/logistics/stockTicker/StockTickerInteractionHandler; to the game event bus
[08Sep2026 17:02:36.333] [modloading-worker-0/DEBUG] [net.neoforged.fml.javafmlmod.AutomaticEventSubscriber/LOADING]: Scanning class com.simibubi.create.content.redstone.displayLink.ClickToLinkBlockItem for @SubscribeEvent-annotated methods
[08Sep2026 17:02:36.333] [modloading-worker-0/DEBUG] [net.neoforged.fml.javafmlmod.AutomaticEventSubscriber/]: Subscribing @EventBusSubscriber class Lcom/simibubi/create/content/redstone/displayLink/ClickToLinkBlockItem; to the game event bus
[08Sep2026 17:02:36.333] [modloading-worker-0/DEBUG] [net.neoforged.fml.javafmlmod.AutomaticEventSubscriber/LOADING]: Scanning class com.simibubi.create.content.redstone.link.LinkHandler for @SubscribeEvent-annotated methods
[08Sep2026 17:02:36.334] [modloading-worker-0/DEBUG] [net.neoforged.fml.javafmlmod.AutomaticEventSubscriber/]: Subscribing @EventBusSubscriber class Lcom/simibubi/create/content/redstone/link/LinkHandler; to the game event bus
[08Sep2026 17:02:36.334] [modloading-worker-0/DEBUG] [net.neoforged.fml.javafmlmod.AutomaticEventSubscriber/LOADING]: Scanning class com.simibubi.create.content.equipment.extendoGrip.ExtendoGripItem for @SubscribeEvent-annotated methods
[08Sep2026 17:02:36.334] [modloading-worker-0/DEBUG] [net.neoforged.fml.javafmlmod.AutomaticEventSubscriber/]: Subscribing @EventBusSubscriber class Lcom/simibubi/create/content/equipment/extendoGrip/ExtendoGripItem; to the game event bus
[08Sep2026 17:02:36.335] [modloading-worker-0/DEBUG] [net.neoforged.fml.javafmlmod.AutomaticEventSubscriber/LOADING]: Scanning class com.simibubi.create.content.equipment.clipboard.ClipboardValueSettingsHandler for @SubscribeEvent-annotated methods
[08Sep2026 17:02:36.336] [modloading-worker-0/DEBUG] [net.neoforged.fml.javafmlmod.AutomaticEventSubscriber/]: Subscribing @EventBusSubscriber class Lcom/simibubi/create/content/equipment/clipboard/ClipboardValueSettingsHandler; to the game event bus
[08Sep2026 17:02:36.337] [modloading-worker-0/DEBUG] [net.neoforged.fml.javafmlmod.AutomaticEventSubscriber/LOADING]: Scanning class com.simibubi.create.content.equipment.armor.NetheriteDivingHandler for @SubscribeEvent-annotated methods
[08Sep2026 17:02:36.337] [modloading-worker-0/DEBUG] [net.neoforged.fml.javafmlmod.AutomaticEventSubscriber/]: Subscribing @EventBusSubscriber class Lcom/simibubi/create/content/equipment/armor/NetheriteDivingHandler; to the game event bus
[08Sep2026 17:02:36.338] [modloading-worker-0/DEBUG] [net.neoforged.fml.javafmlmod.AutomaticEventSubscriber/LOADING]: Scanning class com.simibubi.create.content.equipment.armor.DivingBootsItem for @SubscribeEvent-annotated methods
[08Sep2026 17:02:36.338] [modloading-worker-0/DEBUG] [net.neoforged.fml.javafmlmod.AutomaticEventSubscriber/]: Subscribing @EventBusSubscriber class Lcom/simibubi/create/content/equipment/armor/DivingBootsItem; to the game event bus
[08Sep2026 17:02:36.338] [modloading-worker-0/DEBUG] [net.neoforged.fml.javafmlmod.AutomaticEventSubscriber/LOADING]: Scanning class com.simibubi.create.content.equipment.armor.CardboardArmorHandler for @SubscribeEvent-annotated methods
[08Sep2026 17:02:36.338] [modloading-worker-0/DEBUG] [net.neoforged.fml.javafmlmod.AutomaticEventSubscriber/]: Subscribing @EventBusSubscriber class Lcom/simibubi/create/content/equipment/armor/CardboardArmorHandler; to the game event bus
[08Sep2026 17:02:36.339] [modloading-worker-0/DEBUG] [net.neoforged.fml.javafmlmod.AutomaticEventSubscriber/LOADING]: Scanning class com.simibubi.create.content.equipment.armor.DivingHelmetItem for @SubscribeEvent-annotated methods
[08Sep2026 17:02:36.339] [modloading-worker-0/DEBUG] [net.neoforged.fml.javafmlmod.AutomaticEventSubscriber/]: Subscribing @EventBusSubscriber class Lcom/simibubi/create/content/equipment/armor/DivingHelmetItem; to the game event bus
[08Sep2026 17:02:36.340] [modloading-worker-0/DEBUG] [net.neoforged.fml.javafmlmod.AutomaticEventSubscriber/LOADING]: Scanning class com.simibubi.create.content.equipment.wrench.WrenchEventHandler for @SubscribeEvent-annotated methods
[08Sep2026 17:02:36.340] [modloading-worker-0/DEBUG] [net.neoforged.fml.javafmlmod.AutomaticEventSubscriber/]: Subscribing @EventBusSubscriber class Lcom/simibubi/create/content/equipment/wrench/WrenchEventHandler; to the game event bus
[08Sep2026 17:02:36.340] [modloading-worker-0/DEBUG] [net.neoforged.fml.javafmlmod.AutomaticEventSubscriber/LOADING]: Scanning class com.simibubi.create.content.equipment.bell.HauntedBellPulser for @SubscribeEvent-annotated methods
[08Sep2026 17:02:36.341] [modloading-worker-0/DEBUG] [net.neoforged.fml.javafmlmod.AutomaticEventSubscriber/]: Subscribing @EventBusSubscriber class Lcom/simibubi/create/content/equipment/bell/HauntedBellPulser; to the game event bus
[08Sep2026 17:02:36.341] [modloading-worker-0/DEBUG] [net.neoforged.fml.javafmlmod.AutomaticEventSubscriber/LOADING]: Scanning class com.simibubi.create.content.equipment.symmetryWand.SymmetryHandler for @SubscribeEvent-annotated methods
[08Sep2026 17:02:36.342] [modloading-worker-0/DEBUG] [net.neoforged.fml.javafmlmod.AutomaticEventSubscriber/]: Subscribing @EventBusSubscriber class Lcom/simibubi/create/content/equipment/symmetryWand/SymmetryHandler; to the game event bus
[08Sep2026 17:02:36.342] [modloading-worker-0/DEBUG] [net.neoforged.fml.javafmlmod.AutomaticEventSubscriber/LOADING]: Scanning class com.simibubi.create.content.equipment.zapper.ZapperInteractionHandler for @SubscribeEvent-annotated methods
[08Sep2026 17:02:36.343] [modloading-worker-0/DEBUG] [net.neoforged.fml.javafmlmod.AutomaticEventSubscriber/]: Subscribing @EventBusSubscriber class Lcom/simibubi/create/content/equipment/zapper/ZapperInteractionHandler; to the game event bus
[08Sep2026 17:02:36.343] [modloading-worker-0/DEBUG] [net.neoforged.fml.javafmlmod.AutomaticEventSubscriber/LOADING]: Scanning class com.simibubi.create.content.equipment.tool.CardboardSwordItem for @SubscribeEvent-annotated methods
[08Sep2026 17:02:36.343] [modloading-worker-0/DEBUG] [net.neoforged.fml.javafmlmod.AutomaticEventSubscriber/]: Subscribing @EventBusSubscriber class Lcom/simibubi/create/content/equipment/tool/CardboardSwordItem; to the game event bus
[08Sep2026 17:02:36.343] [modloading-worker-0/DEBUG] [net.neoforged.fml.javafmlmod.AutomaticEventSubscriber/LOADING]: Scanning class com.simibubi.create.content.kinetics.crank.ValveHandleBlock for @SubscribeEvent-annotated methods
[08Sep2026 17:02:36.343] [modloading-worker-0/DEBUG] [net.neoforged.fml.javafmlmod.AutomaticEventSubscriber/]: Subscribing @EventBusSubscriber class Lcom/simibubi/create/content/kinetics/crank/ValveHandleBlock; to the game event bus
[08Sep2026 17:02:36.347] [modloading-worker-0/DEBUG] [net.neoforged.fml.javafmlmod.AutomaticEventSubscriber/LOADING]: Scanning class com.simibubi.create.content.kinetics.crusher.CrushingWheelBlockEntity for @SubscribeEvent-annotated methods
[08Sep2026 17:02:36.348] [modloading-worker-0/DEBUG] [net.neoforged.fml.javafmlmod.AutomaticEventSubscriber/]: Subscribing @EventBusSubscriber class Lcom/simibubi/create/content/kinetics/crusher/CrushingWheelBlockEntity; to the game event bus
[08Sep2026 17:02:36.348] [modloading-worker-0/DEBUG] [mixin/]: Mixing extra_kinetics.KineticNetworkMixin from simulated.mixins.json into com.simibubi.create.content.kinetics.KineticNetwork
[08Sep2026 17:02:36.353] [modloading-worker-0/DEBUG] [net.neoforged.fml.javafmlmod.AutomaticEventSubscriber/LOADING]: Scanning class com.simibubi.create.content.kinetics.deployer.ManualApplicationRecipe for @SubscribeEvent-annotated methods
[08Sep2026 17:02:36.353] [modloading-worker-0/DEBUG] [net.neoforged.fml.javafmlmod.AutomaticEventSubscriber/]: Subscribing @EventBusSubscriber class Lcom/simibubi/create/content/kinetics/deployer/ManualApplicationRecipe; to the game event bus
[08Sep2026 17:02:36.354] [modloading-worker-0/DEBUG] [net.neoforged.fml.javafmlmod.AutomaticEventSubscriber/LOADING]: Scanning class com.simibubi.create.content.kinetics.deployer.DeployerFakePlayer for @SubscribeEvent-annotated methods
[08Sep2026 17:02:36.360] [modloading-worker-0/DEBUG] [mixin/]: Mixing entity.entities_stick_sublevels.player.ServerGamePacketListenerImplMixin from sable.mixins.json into net.minecraft.server.network.ServerGamePacketListenerImpl
[08Sep2026 17:02:36.361] [modloading-worker-0/DEBUG] [mixin/]: Mixing entity.entity_sublevel_collision.ServerGamePacketListenerImplMixin from sable.mixins.json into net.minecraft.server.network.ServerGamePacketListenerImpl
[08Sep2026 17:02:36.361] [modloading-worker-0/DEBUG] [mixin/]: Mixing MixinServerGamePacketListenerImpl from badpackets.mixins.json into net.minecraft.server.network.ServerGamePacketListenerImpl
[08Sep2026 17:02:36.361] [modloading-worker-0/DEBUG] [mixin/]: badpackets.mixins.json:MixinServerGamePacketListenerImpl from mod badpackets: Class version 65 required is higher than the class version supported by the current version of Mixin (JAVA_16 supports class version 60)
[08Sep2026 17:02:36.365] [modloading-worker-0/DEBUG] [mixin/]: sable.mixins.json:entity.entities_stick_sublevels.player.ServerGamePacketListenerImplMixin from mod sable->@Inject::handleMovePlayer(Lnet/minecraft/network/protocol/game/ServerboundMovePlayerPacket;Lorg/spongepowered/asm/mixin/injection/callback/CallbackInfo;)V doesn't use it's CallbackInfo
[08Sep2026 17:02:36.365] [modloading-worker-0/DEBUG] [mixin/]: sable.mixins.json:entity.entities_stick_sublevels.player.ServerGamePacketListenerImplMixin from mod sable->@Inject::handleMovePlayer(Lnet/minecraft/network/protocol/game/ServerboundMovePlayerPacket;Lorg/spongepowered/asm/mixin/injection/callback/CallbackInfo;)V has 0 override(s) in child classes
[08Sep2026 17:02:36.365] [modloading-worker-0/DEBUG] [mixin/]: sable.mixins.json:entity.entities_stick_sublevels.player.ServerGamePacketListenerImplMixin from mod sable->@Inject::handleMovePlayer(Lnet/minecraft/network/protocol/game/ServerboundMovePlayerPacket;Lorg/spongepowered/asm/mixin/injection/callback/CallbackInfo;)V won't be passed a CallbackInfo as a result
[08Sep2026 17:02:36.366] [modloading-worker-0/DEBUG] [mixin/]: badpackets.mixins.json:MixinServerGamePacketListenerImpl from mod badpackets->@Inject::badpackets_createServerPacketHandler(Lnet/minecraft/server/MinecraftServer;Lnet/minecraft/network/Connection;Lnet/minecraft/server/level/ServerPlayer;Lnet/minecraft/server/network/CommonListenerCookie;Lorg/spongepowered/asm/mixin/injection/callback/CallbackInfo;)V doesn't use it's CallbackInfo
[08Sep2026 17:02:36.366] [modloading-worker-0/DEBUG] [mixin/]: badpackets.mixins.json:MixinServerGamePacketListenerImpl from mod badpackets->@Inject::badpackets_createServerPacketHandler(Lnet/minecraft/server/MinecraftServer;Lnet/minecraft/network/Connection;Lnet/minecraft/server/level/ServerPlayer;Lnet/minecraft/server/network/CommonListenerCookie;Lorg/spongepowered/asm/mixin/injection/callback/CallbackInfo;)V has 0 override(s) in child classes
[08Sep2026 17:02:36.366] [modloading-worker-0/DEBUG] [mixin/]: badpackets.mixins.json:MixinServerGamePacketListenerImpl from mod badpackets->@Inject::badpackets_createServerPacketHandler(Lnet/minecraft/server/MinecraftServer;Lnet/minecraft/network/Connection;Lnet/minecraft/server/level/ServerPlayer;Lnet/minecraft/server/network/CommonListenerCookie;Lorg/spongepowered/asm/mixin/injection/callback/CallbackInfo;)V won't be passed a CallbackInfo as a result
[08Sep2026 17:02:36.377] [modloading-worker-0/DEBUG] [mixin/]: Mixing MixinServerCommonPacketListenerImpl from badpackets.mixins.json into net.minecraft.server.network.ServerCommonPacketListenerImpl
[08Sep2026 17:02:36.377] [modloading-worker-0/DEBUG] [mixin/]: badpackets.mixins.json:MixinServerCommonPacketListenerImpl from mod badpackets: Class version 65 required is higher than the class version supported by the current version of Mixin (JAVA_16 supports class version 60)
[08Sep2026 17:02:36.378] [modloading-worker-0/DEBUG] [mixin/]: badpackets.mixins.json:MixinServerCommonPacketListenerImpl from mod badpackets->@Inject::badpackets_onPong(Lnet/minecraft/network/protocol/common/ServerboundPongPacket;Lorg/spongepowered/asm/mixin/injection/callback/CallbackInfo;)V doesn't use it's CallbackInfo
[08Sep2026 17:02:36.378] [modloading-worker-0/DEBUG] [mixin/]: badpackets.mixins.json:MixinServerCommonPacketListenerImpl from mod badpackets->@Inject::badpackets_onPong(Lnet/minecraft/network/protocol/common/ServerboundPongPacket;Lorg/spongepowered/asm/mixin/injection/callback/CallbackInfo;)V has 0 override(s) in child classes
[08Sep2026 17:02:36.378] [modloading-worker-0/DEBUG] [mixin/]: badpackets.mixins.json:MixinServerCommonPacketListenerImpl from mod badpackets->@Inject::badpackets_onPong(Lnet/minecraft/network/protocol/common/ServerboundPongPacket;Lorg/spongepowered/asm/mixin/injection/callback/CallbackInfo;)V won't be passed a CallbackInfo as a result
[08Sep2026 17:02:36.382] [modloading-worker-0/DEBUG] [net.neoforged.fml.javafmlmod.AutomaticEventSubscriber/]: Subscribing @EventBusSubscriber class Lcom/simibubi/create/content/kinetics/deployer/DeployerFakePlayer; to the game event bus
[08Sep2026 17:02:36.403] [modloading-worker-0/DEBUG] [mixin/]: Mixing death_message.CombatTrackerMixin from sable.mixins.json into net.minecraft.world.damagesource.CombatTracker
[08Sep2026 17:02:36.409] [modloading-worker-0/DEBUG] [mixin/]: Mixing entity.entities_stick_sublevels.ServerEntityMixin from sable.mixins.json into net.minecraft.server.level.ServerEntity
[08Sep2026 17:02:36.411] [modloading-worker-0/DEBUG] [mixin/]: Mixing entity.entity_rotations_and_riding.ServerEntityMixin from sable.mixins.json into net.minecraft.server.level.ServerEntity
[08Sep2026 17:02:36.413] [modloading-worker-0/DEBUG] [mixin/]: sable.mixins.json:entity.entities_stick_sublevels.ServerEntityMixin from mod sable->@Inject::sable$pre(Lorg/spongepowered/asm/mixin/injection/callback/CallbackInfo;)V doesn't use it's CallbackInfo
[08Sep2026 17:02:36.413] [modloading-worker-0/DEBUG] [mixin/]: sable.mixins.json:entity.entities_stick_sublevels.ServerEntityMixin from mod sable->@Inject::sable$pre(Lorg/spongepowered/asm/mixin/injection/callback/CallbackInfo;)V has 0 override(s) in child classes
[08Sep2026 17:02:36.413] [modloading-worker-0/DEBUG] [mixin/]: sable.mixins.json:entity.entities_stick_sublevels.ServerEntityMixin from mod sable->@Inject::sable$pre(Lorg/spongepowered/asm/mixin/injection/callback/CallbackInfo;)V won't be passed a CallbackInfo as a result
[08Sep2026 17:02:36.413] [modloading-worker-0/DEBUG] [mixin/]: sable.mixins.json:entity.entities_stick_sublevels.ServerEntityMixin from mod sable->@Inject::sable$pre(Lorg/spongepowered/asm/mixin/injection/callback/CallbackInfo;)V doesn't use it's CallbackInfo
[08Sep2026 17:02:36.413] [modloading-worker-0/DEBUG] [mixin/]: sable.mixins.json:entity.entities_stick_sublevels.ServerEntityMixin from mod sable->@Inject::sable$pre(Lorg/spongepowered/asm/mixin/injection/callback/CallbackInfo;)V has 0 override(s) in child classes
[08Sep2026 17:02:36.413] [modloading-worker-0/DEBUG] [mixin/]: sable.mixins.json:entity.entities_stick_sublevels.ServerEntityMixin from mod sable->@Inject::sable$pre(Lorg/spongepowered/asm/mixin/injection/callback/CallbackInfo;)V won't be passed a CallbackInfo as a result
[08Sep2026 17:02:36.413] [modloading-worker-0/DEBUG] [mixin/]: sable.mixins.json:entity.entities_stick_sublevels.ServerEntityMixin from mod sable->@Inject::sable$postTransform(Lorg/spongepowered/asm/mixin/injection/callback/CallbackInfo;)V doesn't use it's CallbackInfo
[08Sep2026 17:02:36.413] [modloading-worker-0/DEBUG] [mixin/]: sable.mixins.json:entity.entities_stick_sublevels.ServerEntityMixin from mod sable->@Inject::sable$postTransform(Lorg/spongepowered/asm/mixin/injection/callback/CallbackInfo;)V has 0 override(s) in child classes
[08Sep2026 17:02:36.413] [modloading-worker-0/DEBUG] [mixin/]: sable.mixins.json:entity.entities_stick_sublevels.ServerEntityMixin from mod sable->@Inject::sable$postTransform(Lorg/spongepowered/asm/mixin/injection/callback/CallbackInfo;)V won't be passed a CallbackInfo as a result
[08Sep2026 17:02:36.413] [modloading-worker-0/DEBUG] [mixin/]: sable.mixins.json:entity.entity_rotations_and_riding.ServerEntityMixin from mod sable->@Inject::sable$beforeSendChanges(Lorg/spongepowered/asm/mixin/injection/callback/CallbackInfo;)V doesn't use it's CallbackInfo
[08Sep2026 17:02:36.413] [modloading-worker-0/DEBUG] [mixin/]: sable.mixins.json:entity.entity_rotations_and_riding.ServerEntityMixin from mod sable->@Inject::sable$beforeSendChanges(Lorg/spongepowered/asm/mixin/injection/callback/CallbackInfo;)V has 0 override(s) in child classes
[08Sep2026 17:02:36.413] [modloading-worker-0/DEBUG] [mixin/]: sable.mixins.json:entity.entity_rotations_and_riding.ServerEntityMixin from mod sable->@Inject::sable$beforeSendChanges(Lorg/spongepowered/asm/mixin/injection/callback/CallbackInfo;)V won't be passed a CallbackInfo as a result
[08Sep2026 17:02:36.413] [modloading-worker-0/DEBUG] [mixin/]: sable.mixins.json:entity.entity_rotations_and_riding.ServerEntityMixin from mod sable->@Inject::sable$beforeSendChanges(Lorg/spongepowered/asm/mixin/injection/callback/CallbackInfo;)V doesn't use it's CallbackInfo
[08Sep2026 17:02:36.413] [modloading-worker-0/DEBUG] [mixin/]: sable.mixins.json:entity.entity_rotations_and_riding.ServerEntityMixin from mod sable->@Inject::sable$beforeSendChanges(Lorg/spongepowered/asm/mixin/injection/callback/CallbackInfo;)V has 0 override(s) in child classes
[08Sep2026 17:02:36.413] [modloading-worker-0/DEBUG] [mixin/]: sable.mixins.json:entity.entity_rotations_and_riding.ServerEntityMixin from mod sable->@Inject::sable$beforeSendChanges(Lorg/spongepowered/asm/mixin/injection/callback/CallbackInfo;)V won't be passed a CallbackInfo as a result
[08Sep2026 17:02:36.413] [modloading-worker-0/DEBUG] [mixin/]: sable.mixins.json:entity.entity_rotations_and_riding.ServerEntityMixin from mod sable->@Inject::sable$beforeSendChanges(Lorg/spongepowered/asm/mixin/injection/callback/CallbackInfo;)V doesn't use it's CallbackInfo
[08Sep2026 17:02:36.413] [modloading-worker-0/DEBUG] [mixin/]: sable.mixins.json:entity.entity_rotations_and_riding.ServerEntityMixin from mod sable->@Inject::sable$beforeSendChanges(Lorg/spongepowered/asm/mixin/injection/callback/CallbackInfo;)V has 0 override(s) in child classes
[08Sep2026 17:02:36.413] [modloading-worker-0/DEBUG] [mixin/]: sable.mixins.json:entity.entity_rotations_and_riding.ServerEntityMixin from mod sable->@Inject::sable$beforeSendChanges(Lorg/spongepowered/asm/mixin/injection/callback/CallbackInfo;)V won't be passed a CallbackInfo as a result
[08Sep2026 17:02:36.413] [modloading-worker-0/DEBUG] [mixin/]: sable.mixins.json:entity.entity_rotations_and_riding.ServerEntityMixin from mod sable->@Inject::sable$beforeSendChanges(Lorg/spongepowered/asm/mixin/injection/callback/CallbackInfo;)V doesn't use it's CallbackInfo
[08Sep2026 17:02:36.413] [modloading-worker-0/DEBUG] [mixin/]: sable.mixins.json:entity.entity_rotations_and_riding.ServerEntityMixin from mod sable->@Inject::sable$beforeSendChanges(Lorg/spongepowered/asm/mixin/injection/callback/CallbackInfo;)V has 0 override(s) in child classes
[08Sep2026 17:02:36.413] [modloading-worker-0/DEBUG] [mixin/]: sable.mixins.json:entity.entity_rotations_and_riding.ServerEntityMixin from mod sable->@Inject::sable$beforeSendChanges(Lorg/spongepowered/asm/mixin/injection/callback/CallbackInfo;)V won't be passed a CallbackInfo as a result
[08Sep2026 17:02:36.413] [modloading-worker-0/DEBUG] [mixin/]: sable.mixins.json:entity.entity_rotations_and_riding.ServerEntityMixin from mod sable->@Inject::sable$beforeSendChanges(Lorg/spongepowered/asm/mixin/injection/callback/CallbackInfo;)V doesn't use it's CallbackInfo
[08Sep2026 17:02:36.413] [modloading-worker-0/DEBUG] [mixin/]: sable.mixins.json:entity.entity_rotations_and_riding.ServerEntityMixin from mod sable->@Inject::sable$beforeSendChanges(Lorg/spongepowered/asm/mixin/injection/callback/CallbackInfo;)V has 0 override(s) in child classes
[08Sep2026 17:02:36.413] [modloading-worker-0/DEBUG] [mixin/]: sable.mixins.json:entity.entity_rotations_and_riding.ServerEntityMixin from mod sable->@Inject::sable$beforeSendChanges(Lorg/spongepowered/asm/mixin/injection/callback/CallbackInfo;)V won't be passed a CallbackInfo as a result
[08Sep2026 17:02:36.413] [modloading-worker-0/DEBUG] [mixin/]: sable.mixins.json:entity.entity_rotations_and_riding.ServerEntityMixin from mod sable->@Inject::sable$beforeSendChanges(Lorg/spongepowered/asm/mixin/injection/callback/CallbackInfo;)V doesn't use it's CallbackInfo
[08Sep2026 17:02:36.414] [modloading-worker-0/DEBUG] [mixin/]: sable.mixins.json:entity.entity_rotations_and_riding.ServerEntityMixin from mod sable->@Inject::sable$beforeSendChanges(Lorg/spongepowered/asm/mixin/injection/callback/CallbackInfo;)V has 0 override(s) in child classes
[08Sep2026 17:02:36.414] [modloading-worker-0/DEBUG] [mixin/]: sable.mixins.json:entity.entity_rotations_and_riding.ServerEntityMixin from mod sable->@Inject::sable$beforeSendChanges(Lorg/spongepowered/asm/mixin/injection/callback/CallbackInfo;)V won't be passed a CallbackInfo as a result
[08Sep2026 17:02:36.421] [modloading-worker-0/DEBUG] [net.neoforged.fml.javafmlmod.AutomaticEventSubscriber/LOADING]: Scanning class com.simibubi.create.content.processing.burner.BlazeBurnerHandler for @SubscribeEvent-annotated methods
[08Sep2026 17:02:36.422] [modloading-worker-0/DEBUG] [net.neoforged.fml.javafmlmod.AutomaticEventSubscriber/]: Subscribing @EventBusSubscriber class Lcom/simibubi/create/content/processing/burner/BlazeBurnerHandler; to the game event bus
[08Sep2026 17:02:36.422] [modloading-worker-0/DEBUG] [net.neoforged.fml.javafmlmod.AutomaticEventSubscriber/LOADING]: Scanning class com.simibubi.create.impl.registry.CreateDataMapsImpl for @SubscribeEvent-annotated methods
[08Sep2026 17:02:36.422] [modloading-worker-0/DEBUG] [net.neoforged.fml.javafmlmod.AutomaticEventSubscriber/]: Subscribing @EventBusSubscriber class Lcom/simibubi/create/impl/registry/CreateDataMapsImpl; to the mod event bus of mod create
[08Sep2026 17:02:36.423] [modloading-worker-0/DEBUG] [net.neoforged.fml.javafmlmod.AutomaticEventSubscriber/LOADING]: Scanning class com.simibubi.create.impl.registry.CreateRegistriesImpl for @SubscribeEvent-annotated methods
[08Sep2026 17:02:36.423] [modloading-worker-0/DEBUG] [net.neoforged.fml.javafmlmod.AutomaticEventSubscriber/]: Subscribing @EventBusSubscriber class Lcom/simibubi/create/impl/registry/CreateRegistriesImpl; to the mod event bus of mod create
[08Sep2026 17:02:36.446] [modloading-worker-0/INFO] [dev.ryanhcode.sable.Sable/]: Sable loaded!
[08Sep2026 17:02:36.454] [modloading-worker-0/DEBUG] [net.neoforged.fml.config.ConfigTracker/CONFIG]: Config file sable-common.toml for sable tracking
[08Sep2026 17:02:36.454] [modloading-worker-0/DEBUG] [net.neoforged.fml.config.ConfigTracker/CONFIG]: Config file sable-server.toml for sable tracking
[08Sep2026 17:02:36.456] [modloading-worker-0/DEBUG] [net.neoforged.fml.javafmlmod.AutomaticEventSubscriber/LOADING]: Attempting to inject @EventBusSubscriber classes into the eventbus for sable
[08Sep2026 17:02:36.469] [modloading-sync-worker/DEBUG] [mixin/]: Mixing accessor.RegistryDataAccessor from veil.registry.mixins.json into net.minecraft.resources.RegistryDataLoader$RegistryData
[08Sep2026 17:02:36.531] [modloading-sync-worker/DEBUG] [mixin/]: Mixing GunItemMixin from musketmod.mixins.json into ewewukek.musketmod.GunItem
[08Sep2026 17:02:38.079] [modloading-sync-worker/DEBUG] [mixin/]: Mixing dynamic_stress.KineticStatsMixin from simulated.mixins.json into com.simibubi.create.foundation.item.KineticStats
[08Sep2026 17:02:39.245] [modloading-sync-worker/DEBUG] [net.neoforged.fml.config.ConfigTracker/CONFIG]: Loading configs type COMMON
[08Sep2026 17:02:39.254] [modloading-sync-worker/DEBUG] [net.neoforged.fml.config.ConfigTracker/CONFIG]: Loaded TOML config file X:\NonSteamGamesOnXray\Minecraft\CreateServerWithModsIncludingComputerCraftWithMage-Updated\config\allarrowspickup-common.toml
[08Sep2026 17:02:39.260] [modloading-sync-worker/DEBUG] [net.neoforged.fml.config.ConfigTracker/CONFIG]: Watching TOML config file X:\NonSteamGamesOnXray\Minecraft\CreateServerWithModsIncludingComputerCraftWithMage-Updated\config\allarrowspickup-common.toml for changes
[08Sep2026 17:02:39.262] [modloading-sync-worker/DEBUG] [net.neoforged.neoforge.common.NeoForgeConfig/FORGEMOD]: Loaded NeoForge config file neoforge-common.toml
[08Sep2026 17:02:39.262] [modloading-sync-worker/DEBUG] [net.neoforged.fml.config.ConfigTracker/CONFIG]: Loaded TOML config file X:\NonSteamGamesOnXray\Minecraft\CreateServerWithModsIncludingComputerCraftWithMage-Updated\config\neoforge-common.toml
[08Sep2026 17:02:39.263] [modloading-sync-worker/DEBUG] [net.neoforged.fml.config.ConfigTracker/CONFIG]: Watching TOML config file X:\NonSteamGamesOnXray\Minecraft\CreateServerWithModsIncludingComputerCraftWithMage-Updated\config\neoforge-common.toml for changes
[08Sep2026 17:02:39.263] [modloading-sync-worker/DEBUG] [net.neoforged.fml.config.ConfigTracker/CONFIG]: Loaded TOML config file X:\NonSteamGamesOnXray\Minecraft\CreateServerWithModsIncludingComputerCraftWithMage-Updated\config\create-common.toml
[08Sep2026 17:02:39.264] [modloading-sync-worker/DEBUG] [net.neoforged.fml.config.ConfigTracker/CONFIG]: Watching TOML config file X:\NonSteamGamesOnXray\Minecraft\CreateServerWithModsIncludingComputerCraftWithMage-Updated\config\create-common.toml for changes
[08Sep2026 17:02:39.265] [modloading-sync-worker/DEBUG] [net.neoforged.fml.config.ConfigTracker/CONFIG]: Loaded TOML config file X:\NonSteamGamesOnXray\Minecraft\CreateServerWithModsIncludingComputerCraftWithMage-Updated\config\sable-common.toml
[08Sep2026 17:02:39.266] [modloading-sync-worker/DEBUG] [net.neoforged.fml.config.ConfigTracker/CONFIG]: Watching TOML config file X:\NonSteamGamesOnXray\Minecraft\CreateServerWithModsIncludingComputerCraftWithMage-Updated\config\sable-common.toml for changes
[08Sep2026 17:02:39.270] [modloading-worker-0/DEBUG] [mixin/]: Mixing accessor.FluidInteractionRegistryAccessor from create.mixins.json into net.neoforged.neoforge.fluids.FluidInteractionRegistry
[08Sep2026 17:02:39.270] [modloading-worker-0/DEBUG] [mixin/]: Renaming @Accessor method getInteractions()Ljava/util/Map; to getInteractions$create_$md$9b259f$0 in create.mixins.json:accessor.FluidInteractionRegistryAccessor from mod create
[08Sep2026 17:02:39.283] [modloading-sync-worker/DEBUG] [net.neoforged.fml.DeferredWorkQueue/LOADING]: Dispatching synchronous work for work queue Common setup: 5 jobs
[08Sep2026 17:02:39.326] [modloading-sync-worker/DEBUG] [net.neoforged.fml.DeferredWorkQueue/LOADING]: Synchronous work queue completed in 41.06 ms
[08Sep2026 17:02:39.378] [modloading-sync-worker/DEBUG] [net.neoforged.fml.DeferredWorkQueue/LOADING]: Dispatching synchronous work for work queue Complete loading of 27 mods: 2 jobs
[08Sep2026 17:02:39.406] [modloading-sync-worker/INFO] [mcp.mobius.waila.plugin.PluginLoader/]: [WTHIT] Initializing common plugin waila:core at mcp.mobius.waila.plugin.core.CoreCommonPlugin
[08Sep2026 17:02:39.420] [modloading-sync-worker/INFO] [mcp.mobius.waila.plugin.PluginLoader/]: [WTHIT] Initializing common plugin waila:vanilla at mcp.mobius.waila.plugin.vanilla.VanillaCommonPlugin
[08Sep2026 17:02:39.440] [modloading-sync-worker/INFO] [mcp.mobius.waila.plugin.PluginLoader/]: [WTHIT] Initializing common plugin waila:harvest at mcp.mobius.waila.plugin.harvest.HarvestCommonPlugin
[08Sep2026 17:02:39.441] [modloading-sync-worker/INFO] [mcp.mobius.waila.plugin.PluginLoader/]: [WTHIT] Initializing common plugin waila:neo at mcp.mobius.waila.plugin.neo.NeoCommonPlugin
[08Sep2026 17:02:39.443] [modloading-sync-worker/INFO] [mcp.mobius.waila.plugin.PluginLoader/]: [WTHIT] Initializing common plugin waila:extra at mcp.mobius.waila.plugin.extra.ExtraPlugin
[08Sep2026 17:02:39.452] [NeoForge Version Check/INFO] [net.neoforged.fml.VersionChecker/]: [create] Starting version check at https://api.modrinth.com/updates/create/forge_updates.json?neoforge=only
[08Sep2026 17:02:39.490] [modloading-sync-worker/INFO] [mcp.mobius.waila.config.PluginConfig/]: [WTHIT] Plugin config reloaded
[08Sep2026 17:02:39.496] [modloading-sync-worker/DEBUG] [net.neoforged.fml.DeferredWorkQueue/LOADING]: Synchronous work queue completed in 116.6 ms
[08Sep2026 17:02:39.634] [main/INFO] [com.mojang.authlib.yggdrasil.YggdrasilAuthenticationService/]: Environment: Environment[sessionHost=https://sessionserver.mojang.com, servicesHost=https://api.minecraftservices.com, name=PROD]
[08Sep2026 17:02:39.802] [main/DEBUG] [mixin/]: Mixing ResourceVanillaPackResourcesMixin from veil.resource.mixins.json into net.minecraft.server.packs.VanillaPackResources
[08Sep2026 17:02:39.809] [main/WARN] [net.minecraft.server.packs.VanillaPackResourcesBuilder/]: Assets URL 'union:/X:/NonSteamGamesOnXray/Minecraft/CreateServerWithModsIncludingComputerCraftWithMage-Updated/libraries/net/minecraft/server/1.21.1-20240808.144430/server-1.21.1-20240808.144430-srg.jar%23131!/assets/.mcassetsroot' uses unexpected schema
[08Sep2026 17:02:39.809] [main/WARN] [net.minecraft.server.packs.VanillaPackResourcesBuilder/]: Assets URL 'union:/X:/NonSteamGamesOnXray/Minecraft/CreateServerWithModsIncludingComputerCraftWithMage-Updated/libraries/net/minecraft/server/1.21.1-20240808.144430/server-1.21.1-20240808.144430-srg.jar%23131!/data/.mcassetsroot' uses unexpected schema
[08Sep2026 17:02:39.876] [NeoForge Version Check/DEBUG] [net.neoforged.fml.VersionChecker/]: [create] Received version check data:
{"homepage":"https://modrinth.com/mod/create","promos":{"1.21.1-latest":"6.0.10+mc1.21.1","1.20.1-recommended":"mc1.20.1-6.0.8","1.21.1-recommended":"6.0.10+mc1.21.1","1.20.1-latest":"mc1.20.1-6.0.8"}}
[08Sep2026 17:02:39.877] [NeoForge Version Check/INFO] [net.neoforged.fml.VersionChecker/]: [create] Found status: OUTDATED Current: 6.0.10 Target: 6.0.10+mc1.21.1
[08Sep2026 17:02:39.878] [NeoForge Version Check/INFO] [net.neoforged.fml.VersionChecker/]: [journeymap] Starting version check at https://neoforge.curseupdate.com/32274/journeymap
[08Sep2026 17:02:39.883] [main/INFO] [com.simibubi.create.Create/]: Created 157 recipes which will be injected into the game
[08Sep2026 17:02:39.889] [main/INFO] [com.simibubi.create.Create/]: Created 0 tags which will be injected into the game
[08Sep2026 17:02:39.897] [main/DEBUG] [mixin/]: Mixing ReloadableServerResourcesMixin from wthit.mixins.json into net.minecraft.server.ReloadableServerResources
[08Sep2026 17:02:39.897] [main/DEBUG] [mixin/]: wthit.mixins.json:ReloadableServerResourcesMixin from mod wthit: Class version 65 required is higher than the class version supported by the current version of Mixin (JAVA_16 supports class version 60)
[08Sep2026 17:02:39.898] [main/DEBUG] [mixin/]: wthit.mixins.json:ReloadableServerResourcesMixin from mod wthit->@Inject::wthit_onUpdateRegistryTags(Lorg/spongepowered/asm/mixin/injection/callback/CallbackInfo;)V doesn't use it's CallbackInfo
[08Sep2026 17:02:39.898] [main/DEBUG] [mixin/]: wthit.mixins.json:ReloadableServerResourcesMixin from mod wthit->@Inject::wthit_onUpdateRegistryTags(Lorg/spongepowered/asm/mixin/injection/callback/CallbackInfo;)V has 0 override(s) in child classes
[08Sep2026 17:02:39.898] [main/DEBUG] [mixin/]: wthit.mixins.json:ReloadableServerResourcesMixin from mod wthit->@Inject::wthit_onUpdateRegistryTags(Lorg/spongepowered/asm/mixin/injection/callback/CallbackInfo;)V won't be passed a CallbackInfo as a result
[08Sep2026 17:02:39.943] [main/DEBUG] [mixin/]: Mixing resources.PathPackResourcesMixin from veil.neoforge.mixins.json into net.minecraft.server.packs.PathPackResources
[08Sep2026 17:02:40.009] [NeoForge Version Check/DEBUG] [net.neoforged.fml.VersionChecker/]: [journeymap] Received version check data:
{"promos":{"1.20.1-latest":"5.9.18","1.20.1-recommended":"5.9.18","1.20.2-latest":"5.9.22","1.20.2-recommended":"5.9.22","1.20.3-latest":"5.9.18","1.20.3-recommended":"5.9.18","1.20.4-latest":"5.10.0","1.20.4-recommended":"5.10.0","1.20.5-latest":"5.9.27","1.20.5-recommended":"5.9.27","1.20.6-latest":"5.10.0","1.20.6-recommended":"5.10.0","1.21-latest":"1.21-6.0.0-beta.27","1.21.1-latest":"1.21.1-6.0.0-beta.52","1.21.4-latest":"1.21.4-6.0.0-beta.45","1.21.5-latest":"1.21.5-6.0.0-beta.52","1.21.6-latest":"1.21.6-6.0.0-beta.52","1.21.7-latest":"1.21.7-6.0.0-beta.53","1.21.8-latest":"1.21.8-6.0.0-beta.52"},"homepage":"https://www.curseforge.com/minecraft/mc-mods/journeymap"}
[08Sep2026 17:02:40.009] [NeoForge Version Check/INFO] [net.neoforged.fml.VersionChecker/]: [journeymap] Found status: BETA Current: 1.21.1-6.0.5 Target: 1.21.1-6.0.0-beta.52
[08Sep2026 17:02:40.010] [NeoForge Version Check/INFO] [net.neoforged.fml.VersionChecker/]: [computercraft] Starting version check at https://api.modrinth.com/updates/cc-tweaked/forge_updates.json
[08Sep2026 17:02:40.085] [NeoForge Version Check/DEBUG] [net.neoforged.fml.VersionChecker/]: [computercraft] Received version check data:
{"homepage":"https://modrinth.com/mod/cc-tweaked","promos":{"1.19.3-latest":"1.19.3-1.103.1","1.18.2-latest":"1.18.2-1.101.3","1.19.1-latest":"1.19.1-1.100.9","1.17.1-latest":"1.17.1-1.100.4","1.18.1-recommended":"1.18.1-1.100.2","1.20-latest":"1.105.0","1.16.4-recommended":"1.96.0","1.20-recommended":"1.105.0","1.19.4-latest":"1.108.0","1.18.2-recommended":"1.18.2-1.101.3","1.4.7-recommended":"1.115.1","1.16.5-recommended":"1.16.5-1.101.3","1.16.5-latest":"1.16.5-1.101.3","1.20.1-latest":"1.120.2","1.19.2-recommended":"1.19.2-1.101.4","1.20.1-recommended":"1.120.2","1.19-latest":"1.19-1.100.8","1.18.1-latest":"1.18.1-1.100.2","1.19.3-recommended":"1.19.3-1.103.1","1.18-latest":"1.18-1.99.0","1.19.2-latest":"1.19.2-1.101.4","1.15.2-recommended":"1.15.2-1.97.1","1.19.4-recommended":"1.108.0","1.15.2-latest":"1.15.2-1.97.1","1.16.4-latest":"1.96.0","1.4.7-latest":"1.115.1","1.17.1-recommended":"1.17.1-1.100.4"}}
[08Sep2026 17:02:40.086] [NeoForge Version Check/INFO] [net.neoforged.fml.VersionChecker/]: [computercraft] Found status: BETA Current: 1.120.2 Target: null
[08Sep2026 17:02:40.622] [main/DEBUG] [mixin/]: Mixing world_presets.PrimaryLevelDataMixin from simulated.mixins.json into net.minecraft.world.level.storage.PrimaryLevelData
[08Sep2026 17:02:40.625] [main/DEBUG] [mixin/]: simulated.mixins.json:world_presets.PrimaryLevelDataMixin from mod simulated->@Inject::simulated$parse(Lcom/mojang/serialization/Dynamic;Lnet/minecraft/world/level/LevelSettings;Lnet/minecraft/world/level/storage/PrimaryLevelData$SpecialWorldProperty;Lnet/minecraft/world/level/levelgen/WorldOptions;Lcom/mojang/serialization/Lifecycle;Lorg/spongepowered/asm/mixin/injection/callback/CallbackInfoReturnable;)V does use it's CallbackInfoReturnable
[08Sep2026 17:02:40.625] [main/DEBUG] [mixin/]: simulated.mixins.json:world_presets.PrimaryLevelDataMixin from mod simulated->@Inject::simulated$setTagData(Lnet/minecraft/core/RegistryAccess;Lnet/minecraft/nbt/CompoundTag;Lnet/minecraft/nbt/CompoundTag;Lorg/spongepowered/asm/mixin/injection/callback/CallbackInfo;)V doesn't use it's CallbackInfo
[08Sep2026 17:02:40.625] [main/DEBUG] [mixin/]: simulated.mixins.json:world_presets.PrimaryLevelDataMixin from mod simulated->@Inject::simulated$setTagData(Lnet/minecraft/core/RegistryAccess;Lnet/minecraft/nbt/CompoundTag;Lnet/minecraft/nbt/CompoundTag;Lorg/spongepowered/asm/mixin/injection/callback/CallbackInfo;)V has 0 override(s) in child classes
[08Sep2026 17:02:40.625] [main/DEBUG] [mixin/]: simulated.mixins.json:world_presets.PrimaryLevelDataMixin from mod simulated->@Inject::simulated$setTagData(Lnet/minecraft/core/RegistryAccess;Lnet/minecraft/nbt/CompoundTag;Lnet/minecraft/nbt/CompoundTag;Lorg/spongepowered/asm/mixin/injection/callback/CallbackInfo;)V won't be passed a CallbackInfo as a result
[08Sep2026 17:02:41.035] [Worker-Main-3/DEBUG] [mixin/]: Mixing command.ExecuteCommandMixin from sable.mixins.json into net.minecraft.server.commands.ExecuteCommand
[08Sep2026 17:02:41.035] [Worker-Main-3/DEBUG] [mixin/]: Renaming synthetic method lambda$sable$then$2(Lcom/mojang/brigadier/context/CommandContext;)Ljava/util/Collection; to md9b259f$sable$lambda$sable$then$2$0 in sable.mixins.json:command.ExecuteCommandMixin from mod sable
[08Sep2026 17:02:41.036] [Worker-Main-3/DEBUG] [mixin/]: Renaming synthetic method lambda$sable$then$1(Lcom/mojang/brigadier/context/CommandContext;)Ljava/util/Collection; to md9b259f$sable$lambda$sable$then$1$1 in sable.mixins.json:command.ExecuteCommandMixin from mod sable
[08Sep2026 17:02:41.036] [Worker-Main-3/DEBUG] [mixin/]: Renaming synthetic method lambda$sable$then$0(Lcom/mojang/brigadier/context/CommandContext;)Ljava/util/Collection; to md9b259f$sable$lambda$sable$then$0$2 in sable.mixins.json:command.ExecuteCommandMixin from mod sable
[08Sep2026 17:02:41.073] [Worker-Main-3/DEBUG] [mixin/]: Mixing command.DataCommandsMixin from sable.mixins.json into net.minecraft.server.commands.data.DataCommands
[08Sep2026 17:02:41.324] [Worker-Main-3/DEBUG] [mixin/]: Mixing SimpleReloadInstanceMixin from veil.debug.mixins.json into net.minecraft.server.packs.resources.SimpleReloadInstance
[08Sep2026 17:02:41.712] [main/INFO] [net.minecraft.world.item.crafting.RecipeManager/]: Loaded 3043 recipes
[08Sep2026 17:02:42.045] [main/INFO] [net.minecraft.advancements.AdvancementTree/]: Loaded 2735 advancements
[08Sep2026 17:02:42.070] [main/INFO] [ewewukek.musketmod.MusketMod/]: Configuration has been loaded
[08Sep2026 17:02:43.383] [main/DEBUG] [net.neoforged.neoforge.common.CommonHooks/WP]: Gathered mod list to write to world save Create2024
[08Sep2026 17:02:43.399] [main/DEBUG] [mixin/]: Mixing player_freezing.PlayerListMixin from sable.mixins.json into net.minecraft.server.players.PlayerList
[08Sep2026 17:02:43.399] [main/DEBUG] [mixin/]: Mixing plot.PlayerListMixin from sable.mixins.json into net.minecraft.server.players.PlayerList
[08Sep2026 17:02:43.400] [main/DEBUG] [mixin/]: Mixing udp.PlayerListMixin from sable.mixins.json into net.minecraft.server.players.PlayerList
[08Sep2026 17:02:43.400] [main/DEBUG] [mixin/]: Mixing MixinPlayerList from badpackets.mixins.json into net.minecraft.server.players.PlayerList
[08Sep2026 17:02:43.400] [main/DEBUG] [mixin/]: badpackets.mixins.json:MixinPlayerList from mod badpackets: Class version 65 required is higher than the class version supported by the current version of Mixin (JAVA_16 supports class version 60)
[08Sep2026 17:02:43.403] [main/DEBUG] [mixin/]: sable.mixins.json:player_freezing.PlayerListMixin from mod sable->@Inject::sable$player(Lnet/minecraft/network/Connection;Lnet/minecraft/server/level/ServerPlayer;Lnet/minecraft/server/network/CommonListenerCookie;Lorg/spongepowered/asm/mixin/injection/callback/CallbackInfo;)V doesn't use it's CallbackInfo
[08Sep2026 17:02:43.403] [main/DEBUG] [mixin/]: sable.mixins.json:player_freezing.PlayerListMixin from mod sable->@Inject::sable$player(Lnet/minecraft/network/Connection;Lnet/minecraft/server/level/ServerPlayer;Lnet/minecraft/server/network/CommonListenerCookie;Lorg/spongepowered/asm/mixin/injection/callback/CallbackInfo;)V has 0 override(s) in child classes
[08Sep2026 17:02:43.403] [main/DEBUG] [mixin/]: sable.mixins.json:player_freezing.PlayerListMixin from mod sable->@Inject::sable$player(Lnet/minecraft/network/Connection;Lnet/minecraft/server/level/ServerPlayer;Lnet/minecraft/server/network/CommonListenerCookie;Lorg/spongepowered/asm/mixin/injection/callback/CallbackInfo;)V won't be passed a CallbackInfo as a result
[08Sep2026 17:02:43.403] [main/DEBUG] [mixin/]: sable.mixins.json:player_freezing.PlayerListMixin from mod sable->@Inject::sable$respawn(Lnet/minecraft/server/level/ServerPlayer;ZLnet/minecraft/world/entity/Entity$RemovalReason;Lorg/spongepowered/asm/mixin/injection/callback/CallbackInfoReturnable;)V does use it's CallbackInfoReturnable
[08Sep2026 17:02:43.403] [main/DEBUG] [mixin/]: sable.mixins.json:udp.PlayerListMixin from mod sable->@Inject::onPlayerJoin(Lnet/minecraft/network/Connection;Lnet/minecraft/server/level/ServerPlayer;Lnet/minecraft/server/network/CommonListenerCookie;Lorg/spongepowered/asm/mixin/injection/callback/CallbackInfo;)V doesn't use it's CallbackInfo
[08Sep2026 17:02:43.403] [main/DEBUG] [mixin/]: sable.mixins.json:udp.PlayerListMixin from mod sable->@Inject::onPlayerJoin(Lnet/minecraft/network/Connection;Lnet/minecraft/server/level/ServerPlayer;Lnet/minecraft/server/network/CommonListenerCookie;Lorg/spongepowered/asm/mixin/injection/callback/CallbackInfo;)V has 0 override(s) in child classes
[08Sep2026 17:02:43.403] [main/DEBUG] [mixin/]: sable.mixins.json:udp.PlayerListMixin from mod sable->@Inject::onPlayerJoin(Lnet/minecraft/network/Connection;Lnet/minecraft/server/level/ServerPlayer;Lnet/minecraft/server/network/CommonListenerCookie;Lorg/spongepowered/asm/mixin/injection/callback/CallbackInfo;)V won't be passed a CallbackInfo as a result
[08Sep2026 17:02:43.403] [main/DEBUG] [mixin/]: badpackets.mixins.json:MixinPlayerList from mod badpackets->@Inject::badpackets_initServerPlayPacketHandler(Lnet/minecraft/network/Connection;Lnet/minecraft/server/level/ServerPlayer;Lnet/minecraft/server/network/CommonListenerCookie;Lorg/spongepowered/asm/mixin/injection/callback/CallbackInfo;)V doesn't use it's CallbackInfo
[08Sep2026 17:02:43.403] [main/DEBUG] [mixin/]: badpackets.mixins.json:MixinPlayerList from mod badpackets->@Inject::badpackets_initServerPlayPacketHandler(Lnet/minecraft/network/Connection;Lnet/minecraft/server/level/ServerPlayer;Lnet/minecraft/server/network/CommonListenerCookie;Lorg/spongepowered/asm/mixin/injection/callback/CallbackInfo;)V has 0 override(s) in child classes
[08Sep2026 17:02:43.403] [main/DEBUG] [mixin/]: badpackets.mixins.json:MixinPlayerList from mod badpackets->@Inject::badpackets_initServerPlayPacketHandler(Lnet/minecraft/network/Connection;Lnet/minecraft/server/level/ServerPlayer;Lnet/minecraft/server/network/CommonListenerCookie;Lorg/spongepowered/asm/mixin/injection/callback/CallbackInfo;)V won't be passed a CallbackInfo as a result
[08Sep2026 17:02:43.410] [main/DEBUG] [mixin/]: Mixing udp.ServerConnectionListenerMixin from sable.mixins.json into net.minecraft.server.network.ServerConnectionListener
[08Sep2026 17:02:43.415] [main/DEBUG] [mixin/]: sable.mixins.json:udp.ServerConnectionListenerMixin from mod sable->@Inject::sable$startTcpServerListener(Ljava/net/InetAddress;ILorg/spongepowered/asm/mixin/injection/callback/CallbackInfo;)V doesn't use it's CallbackInfo
[08Sep2026 17:02:43.415] [main/DEBUG] [mixin/]: sable.mixins.json:udp.ServerConnectionListenerMixin from mod sable->@Inject::sable$startTcpServerListener(Ljava/net/InetAddress;ILorg/spongepowered/asm/mixin/injection/callback/CallbackInfo;)V has 0 override(s) in child classes
[08Sep2026 17:02:43.415] [main/DEBUG] [mixin/]: sable.mixins.json:udp.ServerConnectionListenerMixin from mod sable->@Inject::sable$startTcpServerListener(Ljava/net/InetAddress;ILorg/spongepowered/asm/mixin/injection/callback/CallbackInfo;)V won't be passed a CallbackInfo as a result
[08Sep2026 17:02:43.415] [main/DEBUG] [mixin/]: sable.mixins.json:udp.ServerConnectionListenerMixin from mod sable->@Inject::sable$startMemoryChannel(Lorg/spongepowered/asm/mixin/injection/callback/CallbackInfoReturnable;)V doesn't use it's CallbackInfoReturnable
[08Sep2026 17:02:43.415] [main/DEBUG] [mixin/]: sable.mixins.json:udp.ServerConnectionListenerMixin from mod sable->@Inject::sable$startMemoryChannel(Lorg/spongepowered/asm/mixin/injection/callback/CallbackInfoReturnable;)V has 0 override(s) in child classes
[08Sep2026 17:02:43.415] [main/DEBUG] [mixin/]: sable.mixins.json:udp.ServerConnectionListenerMixin from mod sable->@Inject::sable$startMemoryChannel(Lorg/spongepowered/asm/mixin/injection/callback/CallbackInfoReturnable;)V won't be passed a CallbackInfoReturnable as a result
[08Sep2026 17:02:43.415] [main/DEBUG] [mixin/]: sable.mixins.json:udp.ServerConnectionListenerMixin from mod sable->@Inject::sable$stop(Lorg/spongepowered/asm/mixin/injection/callback/CallbackInfo;)V doesn't use it's CallbackInfo
[08Sep2026 17:02:43.415] [main/DEBUG] [mixin/]: sable.mixins.json:udp.ServerConnectionListenerMixin from mod sable->@Inject::sable$stop(Lorg/spongepowered/asm/mixin/injection/callback/CallbackInfo;)V has 0 override(s) in child classes
[08Sep2026 17:02:43.415] [main/DEBUG] [mixin/]: sable.mixins.json:udp.ServerConnectionListenerMixin from mod sable->@Inject::sable$stop(Lorg/spongepowered/asm/mixin/injection/callback/CallbackInfo;)V won't be passed a CallbackInfo as a result
[08Sep2026 17:02:43.420] [main/DEBUG] [mixin/]: Mixing accessor.PotionBrewingAccessor from create.mixins.json into net.minecraft.world.item.alchemy.PotionBrewing
[08Sep2026 17:02:43.967] [Server thread/INFO] [net.minecraft.server.dedicated.DedicatedServer/]: Starting minecraft server version 1.21.1
[08Sep2026 17:02:43.967] [Server thread/INFO] [net.minecraft.server.dedicated.DedicatedServer/]: Loading properties
[08Sep2026 17:02:43.967] [Server thread/INFO] [net.minecraft.server.dedicated.DedicatedServer/]: Default game type: SURVIVAL
[08Sep2026 17:02:43.967] [Server thread/INFO] [net.minecraft.server.MinecraftServer/]: Generating keypair
[08Sep2026 17:02:44.149] [Server thread/INFO] [net.minecraft.server.dedicated.DedicatedServer/]: Starting Minecraft server on *:25565
[08Sep2026 17:02:44.168] [Server thread/DEBUG] [io.netty.channel.MultithreadEventLoopGroup/]: -Dio.netty.eventLoopThreads: 48
[08Sep2026 17:02:44.180] [Server thread/DEBUG] [io.netty.util.concurrent.GlobalEventExecutor/]: -Dio.netty.globalEventExecutor.quietPeriodSeconds: 1
[08Sep2026 17:02:44.196] [Server thread/DEBUG] [io.netty.channel.nio.NioEventLoop/]: -Dio.netty.noKeySetOptimization: false
[08Sep2026 17:02:44.196] [Server thread/DEBUG] [io.netty.channel.nio.NioEventLoop/]: -Dio.netty.selectorAutoRebuildThreshold: 512
[08Sep2026 17:02:44.204] [Server thread/DEBUG] [io.netty.util.internal.PlatformDependent/]: org.jctools-core.MpscChunkedArrayQueue: available
[08Sep2026 17:02:44.259] [Server thread/INFO] [dev.ryanhcode.sable.Sable/]: Adding UDP server channel future
[08Sep2026 17:02:44.265] [Server thread/DEBUG] [mixin/]: Generating mapped inner class net/minecraft/server/network/ServerConnectionListener$Anonymous$d2514a0be0fc4990b2d8813b62c6c96b (originally dev/ryanhcode/sable/mixin/udp/ServerConnectionListenerMixin$1)
[08Sep2026 17:02:44.273] [Server thread/DEBUG] [io.netty.channel.DefaultChannelId/]: -Dio.netty.processId: 30576 (auto-detected)
[08Sep2026 17:02:44.275] [Server thread/DEBUG] [io.netty.util.NetUtil/]: -Djava.net.preferIPv4Stack: false
[08Sep2026 17:02:44.275] [Server thread/DEBUG] [io.netty.util.NetUtil/]: -Djava.net.preferIPv6Addresses: system
[08Sep2026 17:02:44.278] [Server thread/DEBUG] [io.netty.util.NetUtilInitializations/]: Loopback interface: loopback_0 (Software Loopback Interface 1, 0:0:0:0:0:0:0:1)
[08Sep2026 17:02:44.279] [Server thread/DEBUG] [io.netty.util.NetUtil/]: Failed to get SOMAXCONN from sysctl and file \proc\sys\net\core\somaxconn. Default: 200
[08Sep2026 17:02:44.280] [Server thread/DEBUG] [io.netty.channel.DefaultChannelId/]: -Dio.netty.machineId: a8:5e:45:ff:fe:e0:c2:66 (auto-detected)
[08Sep2026 17:02:44.302] [Server thread/DEBUG] [net.neoforged.neoforge.network.DualStackUtils/]: Detected IPv6 address: "0:0:0:0:0:0:0:0"
[08Sep2026 17:02:44.302] [Netty Server IO #0/INFO] [dev.ryanhcode.sable.Sable/]: Server UDP channel active
[08Sep2026 17:02:44.302] [Server thread/INFO] [net.minecraft.server.network.ServerConnectionListener/]: Using default channel type
[08Sep2026 17:02:44.328] [Server thread/DEBUG] [net.neoforged.fml.config.ConfigTracker/CONFIG]: Loading configs type SERVER
[08Sep2026 17:02:44.328] [Server thread/INFO] [net.neoforged.fml.config.ConfigTracker/CONFIG]: Found config file override in path .\world\serverconfig\jei-server.toml
[08Sep2026 17:02:44.328] [Server thread/DEBUG] [net.neoforged.fml.config.ConfigTracker/CONFIG]: Loaded TOML config file .\world\serverconfig\jei-server.toml
[08Sep2026 17:02:44.330] [Server thread/DEBUG] [net.neoforged.fml.config.ConfigTracker/CONFIG]: Watching TOML config file .\world\serverconfig\jei-server.toml for changes
[08Sep2026 17:02:44.330] [Server thread/INFO] [net.neoforged.fml.config.ConfigTracker/CONFIG]: Found config file override in path .\world\serverconfig\inventorysorter-server.toml
[08Sep2026 17:02:44.331] [Server thread/DEBUG] [net.neoforged.fml.config.ConfigTracker/CONFIG]: Loaded TOML config file .\world\serverconfig\inventorysorter-server.toml
[08Sep2026 17:02:44.332] [Server thread/DEBUG] [net.neoforged.fml.config.ConfigTracker/CONFIG]: Watching TOML config file .\world\serverconfig\inventorysorter-server.toml for changes
[08Sep2026 17:02:44.333] [Server thread/DEBUG] [net.neoforged.neoforge.common.NeoForgeConfig/FORGEMOD]: Loaded NeoForge config file neoforge-server.toml
[08Sep2026 17:02:44.333] [Server thread/DEBUG] [net.neoforged.fml.config.ConfigTracker/CONFIG]: Loaded TOML config file X:\NonSteamGamesOnXray\Minecraft\CreateServerWithModsIncludingComputerCraftWithMage-Updated\config\neoforge-server.toml
[08Sep2026 17:02:44.334] [Server thread/DEBUG] [net.neoforged.fml.config.ConfigTracker/CONFIG]: Watching TOML config file X:\NonSteamGamesOnXray\Minecraft\CreateServerWithModsIncludingComputerCraftWithMage-Updated\config\neoforge-server.toml for changes
[08Sep2026 17:02:44.334] [Server thread/INFO] [net.neoforged.fml.config.ConfigTracker/CONFIG]: Found config file override in path .\world\serverconfig\journeymap-server.toml
[08Sep2026 17:02:44.335] [Server thread/INFO] [journeymap/]: Loading JourneyMap Forge Configs
[08Sep2026 17:02:44.336] [Server thread/DEBUG] [net.neoforged.fml.config.ConfigTracker/CONFIG]: Loaded TOML config file .\world\serverconfig\journeymap-server.toml
[08Sep2026 17:02:44.337] [Server thread/DEBUG] [net.neoforged.fml.config.ConfigTracker/CONFIG]: Watching TOML config file .\world\serverconfig\journeymap-server.toml for changes
[08Sep2026 17:02:44.337] [Server thread/INFO] [net.neoforged.fml.config.ConfigTracker/CONFIG]: Found config file override in path .\world\serverconfig\computercraft-server.toml
[08Sep2026 17:02:44.355] [Server thread/DEBUG] [net.neoforged.fml.config.ConfigTracker/CONFIG]: Loaded TOML config file .\world\serverconfig\computercraft-server.toml
[08Sep2026 17:02:44.355] [Server thread/DEBUG] [net.neoforged.fml.config.ConfigTracker/CONFIG]: Watching TOML config file .\world\serverconfig\computercraft-server.toml for changes
[08Sep2026 17:02:44.355] [Server thread/DEBUG] [net.neoforged.fml.config.ConfigTracker/CONFIG]: Loaded TOML config file X:\NonSteamGamesOnXray\Minecraft\CreateServerWithModsIncludingComputerCraftWithMage-Updated\config\offroad-server.toml
[08Sep2026 17:02:44.356] [Server thread/DEBUG] [net.neoforged.fml.config.ConfigTracker/CONFIG]: Watching TOML config file X:\NonSteamGamesOnXray\Minecraft\CreateServerWithModsIncludingComputerCraftWithMage-Updated\config\offroad-server.toml for changes
[08Sep2026 17:02:44.360] [Server thread/DEBUG] [net.neoforged.fml.config.ConfigTracker/CONFIG]: Loaded TOML config file X:\NonSteamGamesOnXray\Minecraft\CreateServerWithModsIncludingComputerCraftWithMage-Updated\config\simulated-server.toml
[08Sep2026 17:02:44.360] [Server thread/DEBUG] [net.neoforged.fml.config.ConfigTracker/CONFIG]: Watching TOML config file X:\NonSteamGamesOnXray\Minecraft\CreateServerWithModsIncludingComputerCraftWithMage-Updated\config\simulated-server.toml for changes
[08Sep2026 17:02:44.362] [Server thread/DEBUG] [net.neoforged.fml.config.ConfigTracker/CONFIG]: Loaded TOML config file X:\NonSteamGamesOnXray\Minecraft\CreateServerWithModsIncludingComputerCraftWithMage-Updated\config\aeronautics-server.toml
[08Sep2026 17:02:44.363] [Server thread/DEBUG] [net.neoforged.fml.config.ConfigTracker/CONFIG]: Watching TOML config file X:\NonSteamGamesOnXray\Minecraft\CreateServerWithModsIncludingComputerCraftWithMage-Updated\config\aeronautics-server.toml for changes
[08Sep2026 17:02:44.363] [Server thread/INFO] [net.neoforged.fml.config.ConfigTracker/CONFIG]: Found config file override in path .\world\serverconfig\create-server.toml
[08Sep2026 17:02:44.366] [Server thread/DEBUG] [net.neoforged.fml.config.ConfigTracker/CONFIG]: Loaded TOML config file .\world\serverconfig\create-server.toml
[08Sep2026 17:02:44.368] [Server thread/DEBUG] [net.neoforged.fml.config.ConfigTracker/CONFIG]: Watching TOML config file .\world\serverconfig\create-server.toml for changes
[08Sep2026 17:02:44.368] [Server thread/DEBUG] [net.neoforged.fml.config.ConfigTracker/CONFIG]: Loaded TOML config file X:\NonSteamGamesOnXray\Minecraft\CreateServerWithModsIncludingComputerCraftWithMage-Updated\config\sable-server.toml
[08Sep2026 17:02:44.368] [Server thread/DEBUG] [net.neoforged.fml.config.ConfigTracker/CONFIG]: Watching TOML config file X:\NonSteamGamesOnXray\Minecraft\CreateServerWithModsIncludingComputerCraftWithMage-Updated\config\sable-server.toml for changes
[08Sep2026 17:02:44.400] [Server thread/INFO] [net.minecraft.server.dedicated.DedicatedServer/]: Preparing level "world"
[08Sep2026 17:02:44.403] [Server thread/DEBUG] [mixin/]: Mixing accessor.BiomeManagerAccessor from ponder-common.mixins.json into net.minecraft.world.level.biome.BiomeManager
[08Sep2026 17:02:44.403] [Server thread/DEBUG] [mixin/]: ponder-common.mixins.json:accessor.BiomeManagerAccessor from mod ponder: Class version 65 required is higher than the class version supported by the current version of Mixin (JAVA_17 supports class version 61)
[08Sep2026 17:02:44.419] [Server thread/DEBUG] [mixin/]: Mixing MapItemSavedDataMixin from create.mixins.json into net.minecraft.world.level.saveddata.maps.MapItemSavedData
[08Sep2026 17:02:44.428] [Server thread/DEBUG] [mixin/]: create.mixins.json:MapItemSavedDataMixin from mod create->@Inject::create$onLoad(Lnet/minecraft/nbt/CompoundTag;Lnet/minecraft/core/HolderLookup$Provider;Lorg/spongepowered/asm/mixin/injection/callback/CallbackInfoReturnable;)V does use it's CallbackInfoReturnable
[08Sep2026 17:02:44.428] [Server thread/DEBUG] [mixin/]: create.mixins.json:MapItemSavedDataMixin from mod create->@Inject::create$onSave(Lnet/minecraft/nbt/CompoundTag;Lnet/minecraft/core/HolderLookup$Provider;Lorg/spongepowered/asm/mixin/injection/callback/CallbackInfoReturnable;)V doesn't use it's CallbackInfoReturnable
[08Sep2026 17:02:44.428] [Server thread/DEBUG] [mixin/]: create.mixins.json:MapItemSavedDataMixin from mod create->@Inject::create$onSave(Lnet/minecraft/nbt/CompoundTag;Lnet/minecraft/core/HolderLookup$Provider;Lorg/spongepowered/asm/mixin/injection/callback/CallbackInfoReturnable;)V has 0 override(s) in child classes
[08Sep2026 17:02:44.428] [Server thread/DEBUG] [mixin/]: create.mixins.json:MapItemSavedDataMixin from mod create->@Inject::create$onSave(Lnet/minecraft/nbt/CompoundTag;Lnet/minecraft/core/HolderLookup$Provider;Lorg/spongepowered/asm/mixin/injection/callback/CallbackInfoReturnable;)V won't be passed a CallbackInfoReturnable as a result
[08Sep2026 17:02:44.428] [Server thread/DEBUG] [mixin/]: create.mixins.json:MapItemSavedDataMixin from mod create->@Inject::create$onCheckBanners(Lnet/minecraft/world/level/BlockGetter;IILorg/spongepowered/asm/mixin/injection/callback/CallbackInfo;)V doesn't use it's CallbackInfo
[08Sep2026 17:02:44.428] [Server thread/DEBUG] [mixin/]: create.mixins.json:MapItemSavedDataMixin from mod create->@Inject::create$onCheckBanners(Lnet/minecraft/world/level/BlockGetter;IILorg/spongepowered/asm/mixin/injection/callback/CallbackInfo;)V has 0 override(s) in child classes
[08Sep2026 17:02:44.428] [Server thread/DEBUG] [mixin/]: create.mixins.json:MapItemSavedDataMixin from mod create->@Inject::create$onCheckBanners(Lnet/minecraft/world/level/BlockGetter;IILorg/spongepowered/asm/mixin/injection/callback/CallbackInfo;)V won't be passed a CallbackInfo as a result
[08Sep2026 17:02:44.431] [Server thread/DEBUG] [mixin/]: Mixing level_accelerator.ServerChunkCacheAccessor from sable.mixins.json into net.minecraft.server.level.ServerChunkCache
[08Sep2026 17:02:44.431] [Server thread/DEBUG] [mixin/]: Mixing plot.ServerChunkCacheMixin from sable.mixins.json into net.minecraft.server.level.ServerChunkCache
[08Sep2026 17:02:44.435] [Server thread/DEBUG] [mixin/]: Mixing server.ServerChunkCacheAccessor from journeymap.mixins.json into net.minecraft.server.level.ServerChunkCache
[08Sep2026 17:02:44.435] [Server thread/DEBUG] [mixin/]: journeymap.mixins.json:server.ServerChunkCacheAccessor from mod journeymap: Class version 65 required is higher than the class version supported by the current version of Mixin (JAVA_17 supports class version 61)
[08Sep2026 17:02:44.440] [Server thread/DEBUG] [mixin/]: sable.mixins.json:plot.ServerChunkCacheMixin from mod sable->@Inject::init(Lnet/minecraft/server/level/ServerLevel;Lnet/minecraft/world/level/storage/LevelStorageSource$LevelStorageAccess;Lcom/mojang/datafixers/DataFixer;Lnet/minecraft/world/level/levelgen/structure/templatesystem/StructureTemplateManager;Ljava/util/concurrent/Executor;Lnet/minecraft/world/level/chunk/ChunkGenerator;IIZLnet/minecraft/server/level/progress/ChunkProgressListener;Lnet/minecraft/world/level/entity/ChunkStatusUpdateListener;Ljava/util/function/Supplier;Lorg/spongepowered/asm/mixin/injection/callback/CallbackInfo;)V doesn't use it's CallbackInfo
[08Sep2026 17:02:44.440] [Server thread/DEBUG] [mixin/]: sable.mixins.json:plot.ServerChunkCacheMixin from mod sable->@Inject::init(Lnet/minecraft/server/level/ServerLevel;Lnet/minecraft/world/level/storage/LevelStorageSource$LevelStorageAccess;Lcom/mojang/datafixers/DataFixer;Lnet/minecraft/world/level/levelgen/structure/templatesystem/StructureTemplateManager;Ljava/util/concurrent/Executor;Lnet/minecraft/world/level/chunk/ChunkGenerator;IIZLnet/minecraft/server/level/progress/ChunkProgressListener;Lnet/minecraft/world/level/entity/ChunkStatusUpdateListener;Ljava/util/function/Supplier;Lorg/spongepowered/asm/mixin/injection/callback/CallbackInfo;)V has 0 override(s) in child classes
[08Sep2026 17:02:44.440] [Server thread/DEBUG] [mixin/]: sable.mixins.json:plot.ServerChunkCacheMixin from mod sable->@Inject::init(Lnet/minecraft/server/level/ServerLevel;Lnet/minecraft/world/level/storage/LevelStorageSource$LevelStorageAccess;Lcom/mojang/datafixers/DataFixer;Lnet/minecraft/world/level/levelgen/structure/templatesystem/StructureTemplateManager;Ljava/util/concurrent/Executor;Lnet/minecraft/world/level/chunk/ChunkGenerator;IIZLnet/minecraft/server/level/progress/ChunkProgressListener;Lnet/minecraft/world/level/entity/ChunkStatusUpdateListener;Ljava/util/function/Supplier;Lorg/spongepowered/asm/mixin/injection/callback/CallbackInfo;)V won't be passed a CallbackInfo as a result
[08Sep2026 17:02:44.440] [Server thread/DEBUG] [mixin/]: sable.mixins.json:plot.ServerChunkCacheMixin from mod sable->@Inject::getChunkNow(IILorg/spongepowered/asm/mixin/injection/callback/CallbackInfoReturnable;)V does use it's CallbackInfoReturnable
[08Sep2026 17:02:44.440] [Server thread/DEBUG] [mixin/]: sable.mixins.json:plot.ServerChunkCacheMixin from mod sable->@Inject::getChunkFutureMainThread(IILnet/minecraft/world/level/chunk/status/ChunkStatus;ZLorg/spongepowered/asm/mixin/injection/callback/CallbackInfoReturnable;)V does use it's CallbackInfoReturnable
[08Sep2026 17:02:44.440] [Server thread/DEBUG] [mixin/]: sable.mixins.json:plot.ServerChunkCacheMixin from mod sable->@Inject::getChunkForLighting(IILorg/spongepowered/asm/mixin/injection/callback/CallbackInfoReturnable;)V does use it's CallbackInfoReturnable
[08Sep2026 17:02:44.440] [Server thread/DEBUG] [mixin/]: sable.mixins.json:plot.ServerChunkCacheMixin from mod sable->@Inject::getFullChunk(JLjava/util/function/Consumer;Lorg/spongepowered/asm/mixin/injection/callback/CallbackInfo;)V does use it's CallbackInfo
[08Sep2026 17:02:44.440] [Server thread/DEBUG] [mixin/]: sable.mixins.json:plot.ServerChunkCacheMixin from mod sable->@Inject::blockChanged(Lnet/minecraft/core/BlockPos;Lorg/spongepowered/asm/mixin/injection/callback/CallbackInfo;)V does use it's CallbackInfo
[08Sep2026 17:02:44.440] [Server thread/DEBUG] [mixin/]: sable.mixins.json:plot.ServerChunkCacheMixin from mod sable->@Inject::getVisibleChunkIfPresent(JLorg/spongepowered/asm/mixin/injection/callback/CallbackInfoReturnable;)V does use it's CallbackInfoReturnable
[08Sep2026 17:02:44.440] [Server thread/DEBUG] [mixin/]: sable.mixins.json:plot.ServerChunkCacheMixin from mod sable->@Inject::addRegionTicket(Lnet/minecraft/server/level/TicketType;Lnet/minecraft/world/level/ChunkPos;ILjava/lang/Object;Lorg/spongepowered/asm/mixin/injection/callback/CallbackInfo;)V does use it's CallbackInfo
[08Sep2026 17:02:44.466] [Server thread/INFO] [dev.ryanhcode.sable.Sable/]: Creating physics pipeline for ResourceKey[minecraft:dimension / minecraft:overworld] using RapierPhysicsPipelineProvider
[08Sep2026 17:02:44.479] [Server thread/INFO] [dev.ryanhcode.sable.Sable/]: Using game directory relative Sable Rapier native directory X:\NonSteamGamesOnXray\Minecraft\CreateServerWithModsIncludingComputerCraftWithMage-Updated\.sable\natives
[08Sep2026 17:02:44.673] [Server thread/DEBUG] [mixin/]: Mixing plot.serialization.LevelChunkTicksMixin from sable.mixins.json into net.minecraft.world.ticks.LevelChunkTicks
[08Sep2026 17:02:44.691] [Server thread/DEBUG] [mixin/]: Mixing entity.entity_unloading.PersistentEntitySectionManagerMixin from sable.mixins.json into net.minecraft.world.level.entity.PersistentEntitySectionManager
[08Sep2026 17:02:44.693] [Server thread/DEBUG] [mixin/]: sable.mixins.json:entity.entity_unloading.PersistentEntitySectionManagerMixin from mod sable->@Inject::processChunkUnload(JLorg/spongepowered/asm/mixin/injection/callback/CallbackInfoReturnable;)V doesn't use it's CallbackInfoReturnable
[08Sep2026 17:02:44.693] [Server thread/DEBUG] [mixin/]: sable.mixins.json:entity.entity_unloading.PersistentEntitySectionManagerMixin from mod sable->@Inject::processChunkUnload(JLorg/spongepowered/asm/mixin/injection/callback/CallbackInfoReturnable;)V has 0 override(s) in child classes
[08Sep2026 17:02:44.693] [Server thread/DEBUG] [mixin/]: sable.mixins.json:entity.entity_unloading.PersistentEntitySectionManagerMixin from mod sable->@Inject::processChunkUnload(JLorg/spongepowered/asm/mixin/injection/callback/CallbackInfoReturnable;)V won't be passed a CallbackInfoReturnable as a result
[08Sep2026 17:02:44.703] [Server thread/DEBUG] [mixin/]: Mixing entity.server_entities_tick.ChunkMapMixin from sable.mixins.json into net.minecraft.server.level.ChunkMap
[08Sep2026 17:02:44.704] [Server thread/DEBUG] [mixin/]: Mixing plot.ChunkMapMixin from sable.mixins.json into net.minecraft.server.level.ChunkMap
[08Sep2026 17:02:44.704] [Server thread/DEBUG] [mixin/]: Renaming synthetic method lambda$sable$hasWork$0(Lnet/minecraft/server/level/ChunkHolder;)Z to md9b259f$sable$lambda$sable$hasWork$0$0 in sable.mixins.json:plot.ChunkMapMixin from mod sable
[08Sep2026 17:02:44.706] [Server thread/DEBUG] [mixin/]: Mixing plot.serialization.ChunkMapMixin from sable.mixins.json into net.minecraft.server.level.ChunkMap
[08Sep2026 17:02:44.707] [Server thread/DEBUG] [mixin/]: Mixing server.ChunkMapAccessor from journeymap.mixins.json into net.minecraft.server.level.ChunkMap
[08Sep2026 17:02:44.707] [Server thread/DEBUG] [mixin/]: journeymap.mixins.json:server.ChunkMapAccessor from mod journeymap: Class version 65 required is higher than the class version supported by the current version of Mixin (JAVA_17 supports class version 61)
[08Sep2026 17:02:44.711] [Server thread/DEBUG] [mixin/]: sable.mixins.json:plot.ChunkMapMixin from mod sable->@Inject::sable$getPlayers(Lnet/minecraft/world/level/ChunkPos;ZLorg/spongepowered/asm/mixin/injection/callback/CallbackInfoReturnable;)V does use it's CallbackInfoReturnable
[08Sep2026 17:02:44.711] [Server thread/DEBUG] [mixin/]: sable.mixins.json:plot.ChunkMapMixin from mod sable->@Inject::sable$saveChunkIfNeeded(Lnet/minecraft/server/level/ChunkHolder;Lorg/spongepowered/asm/mixin/injection/callback/CallbackInfoReturnable;)V does use it's CallbackInfoReturnable
[08Sep2026 17:02:44.711] [Server thread/DEBUG] [mixin/]: sable.mixins.json:plot.ChunkMapMixin from mod sable->@Inject::sable$anyPlayerCloseEnoughForSpawning(Lnet/minecraft/world/level/ChunkPos;Lorg/spongepowered/asm/mixin/injection/callback/CallbackInfoReturnable;)V does use it's CallbackInfoReturnable
[08Sep2026 17:02:44.711] [Server thread/DEBUG] [mixin/]: sable.mixins.json:plot.serialization.ChunkMapMixin from mod sable->@Inject::sable$init(Lnet/minecraft/server/level/ServerLevel;Lnet/minecraft/world/level/storage/LevelStorageSource$LevelStorageAccess;Lcom/mojang/datafixers/DataFixer;Lnet/minecraft/world/level/levelgen/structure/templatesystem/StructureTemplateManager;Ljava/util/concurrent/Executor;Lnet/minecraft/util/thread/BlockableEventLoop;Lnet/minecraft/world/level/chunk/LightChunkGetter;Lnet/minecraft/world/level/chunk/ChunkGenerator;Lnet/minecraft/server/level/progress/ChunkProgressListener;Lnet/minecraft/world/level/entity/ChunkStatusUpdateListener;Ljava/util/function/Supplier;IZLorg/spongepowered/asm/mixin/injection/callback/CallbackInfo;)V doesn't use it's CallbackInfo
[08Sep2026 17:02:44.711] [Server thread/DEBUG] [mixin/]: sable.mixins.json:plot.serialization.ChunkMapMixin from mod sable->@Inject::sable$init(Lnet/minecraft/server/level/ServerLevel;Lnet/minecraft/world/level/storage/LevelStorageSource$LevelStorageAccess;Lcom/mojang/datafixers/DataFixer;Lnet/minecraft/world/level/levelgen/structure/templatesystem/StructureTemplateManager;Ljava/util/concurrent/Executor;Lnet/minecraft/util/thread/BlockableEventLoop;Lnet/minecraft/world/level/chunk/LightChunkGetter;Lnet/minecraft/world/level/chunk/ChunkGenerator;Lnet/minecraft/server/level/progress/ChunkProgressListener;Lnet/minecraft/world/level/entity/ChunkStatusUpdateListener;Ljava/util/function/Supplier;IZLorg/spongepowered/asm/mixin/injection/callback/CallbackInfo;)V has 0 override(s) in child classes
[08Sep2026 17:02:44.711] [Server thread/DEBUG] [mixin/]: sable.mixins.json:plot.serialization.ChunkMapMixin from mod sable->@Inject::sable$init(Lnet/minecraft/server/level/ServerLevel;Lnet/minecraft/world/level/storage/LevelStorageSource$LevelStorageAccess;Lcom/mojang/datafixers/DataFixer;Lnet/minecraft/world/level/levelgen/structure/templatesystem/StructureTemplateManager;Ljava/util/concurrent/Executor;Lnet/minecraft/util/thread/BlockableEventLoop;Lnet/minecraft/world/level/chunk/LightChunkGetter;Lnet/minecraft/world/level/chunk/ChunkGenerator;Lnet/minecraft/server/level/progress/ChunkProgressListener;Lnet/minecraft/world/level/entity/ChunkStatusUpdateListener;Ljava/util/function/Supplier;IZLorg/spongepowered/asm/mixin/injection/callback/CallbackInfo;)V won't be passed a CallbackInfo as a result
[08Sep2026 17:02:44.711] [Server thread/DEBUG] [mixin/]: sable.mixins.json:plot.serialization.ChunkMapMixin from mod sable->@Inject::sable$onStatusChange(Lnet/minecraft/world/level/ChunkPos;Lnet/minecraft/server/level/FullChunkStatus;Lorg/spongepowered/asm/mixin/injection/callback/CallbackInfo;)V doesn't use it's CallbackInfo
[08Sep2026 17:02:44.711] [Server thread/DEBUG] [mixin/]: sable.mixins.json:plot.serialization.ChunkMapMixin from mod sable->@Inject::sable$onStatusChange(Lnet/minecraft/world/level/ChunkPos;Lnet/minecraft/server/level/FullChunkStatus;Lorg/spongepowered/asm/mixin/injection/callback/CallbackInfo;)V has 0 override(s) in child classes
[08Sep2026 17:02:44.711] [Server thread/DEBUG] [mixin/]: sable.mixins.json:plot.serialization.ChunkMapMixin from mod sable->@Inject::sable$onStatusChange(Lnet/minecraft/world/level/ChunkPos;Lnet/minecraft/server/level/FullChunkStatus;Lorg/spongepowered/asm/mixin/injection/callback/CallbackInfo;)V won't be passed a CallbackInfo as a result
[08Sep2026 17:02:44.820] [Server thread/DEBUG] [mixin/]: Mixing chunk_container_replacement.LevelChunkSectionMixin from sable.mixins.json into net.minecraft.world.level.chunk.LevelChunkSection
[08Sep2026 17:02:44.925] [Server thread/DEBUG] [mixin/]: Mixing sculk_vibrations.GameEventDispatcherMixin from sable.mixins.json into net.minecraft.world.level.gameevent.GameEventDispatcher
[08Sep2026 17:02:44.925] [Server thread/DEBUG] [mixin/]: Renaming synthetic method lambda$sable$visitShipListeners$0(Ldev/ryanhcode/sable/companion/math/BoundingBox3dc;Lcom/llamalad7/mixinextras/sugar/ref/LocalRef;Ldev/ryanhcode/sable/companion/math/BoundingBox3i;Lcom/llamalad7/mixinextras/injector/wrapoperation/Operation;Lnet/minecraft/core/Holder;Lnet/minecraft/world/phys/Vec3;Lnet/minecraft/world/level/gameevent/GameEvent$Context;Ldev/ryanhcode/sable/sublevel/SubLevel;)V to md9b259f$sable$lambda$sable$visitShipListeners$0$0 in sable.mixins.json:sculk_vibrations.GameEventDispatcherMixin from mod sable
[08Sep2026 17:02:44.931] [Server thread/DEBUG] [mixin/]: sable.mixins.json:sculk_vibrations.GameEventDispatcherMixin from mod sable->@Inject::sable$useBBIntersection(Lnet/minecraft/core/Holder;Lnet/minecraft/world/phys/Vec3;Lnet/minecraft/world/level/gameevent/GameEvent$Context;Lorg/spongepowered/asm/mixin/injection/callback/CallbackInfo;)V doesn't use it's CallbackInfo
[08Sep2026 17:02:44.931] [Server thread/DEBUG] [mixin/]: sable.mixins.json:sculk_vibrations.GameEventDispatcherMixin from mod sable->@Inject::sable$useBBIntersection(Lnet/minecraft/core/Holder;Lnet/minecraft/world/phys/Vec3;Lnet/minecraft/world/level/gameevent/GameEvent$Context;Lorg/spongepowered/asm/mixin/injection/callback/CallbackInfo;)V has 0 override(s) in child classes
[08Sep2026 17:02:44.931] [Server thread/DEBUG] [mixin/]: sable.mixins.json:sculk_vibrations.GameEventDispatcherMixin from mod sable->@Inject::sable$useBBIntersection(Lnet/minecraft/core/Holder;Lnet/minecraft/world/phys/Vec3;Lnet/minecraft/world/level/gameevent/GameEvent$Context;Lorg/spongepowered/asm/mixin/injection/callback/CallbackInfo;)V won't be passed a CallbackInfo as a result
[08Sep2026 17:02:44.992] [Server thread/DEBUG] [com.simibubi.create.Create/]: Prepared Redstone Network Space for minecraft:overworld
[08Sep2026 17:02:44.992] [Server thread/DEBUG] [com.simibubi.create.Create/]: Prepared Kinetic Network Space for minecraft:overworld
[08Sep2026 17:02:45.050] [Server thread/INFO] [dev.ryanhcode.sable.Sable/]: Creating physics pipeline for ResourceKey[minecraft:dimension / minecraft:the_end] using RapierPhysicsPipelineProvider
[08Sep2026 17:02:45.352] [Server thread/DEBUG] [com.simibubi.create.Create/]: Prepared Redstone Network Space for minecraft:the_end
[08Sep2026 17:02:45.352] [Server thread/DEBUG] [com.simibubi.create.Create/]: Prepared Kinetic Network Space for minecraft:the_end
[08Sep2026 17:02:45.353] [Server thread/INFO] [dev.ryanhcode.sable.Sable/]: Creating physics pipeline for ResourceKey[minecraft:dimension / minecraft:the_nether] using RapierPhysicsPipelineProvider
[08Sep2026 17:02:45.373] [Server thread/DEBUG] [com.simibubi.create.Create/]: Prepared Redstone Network Space for minecraft:the_nether
[08Sep2026 17:02:45.373] [Server thread/DEBUG] [com.simibubi.create.Create/]: Prepared Kinetic Network Space for minecraft:the_nether
[08Sep2026 17:02:45.376] [Server thread/INFO] [net.minecraft.server.MinecraftServer/]: Preparing start region for dimension minecraft:overworld
[08Sep2026 17:02:45.592] [Worker-Main-13/INFO] [net.minecraft.server.level.progress.LoggerChunkProgressListener/]: Preparing spawn area: 0%
[08Sep2026 17:02:45.670] [Server thread/DEBUG] [mixin/]: Mixing compatibility.create.airflow.AirCurrentMixin from sable-neoforge.mixins.json into com.simibubi.create.content.kinetics.fan.AirCurrent
[08Sep2026 17:02:45.671] [Server thread/DEBUG] [mixin/]: Mixing diving_boots.AirCurrentMixin from simulated.mixins.json into com.simibubi.create.content.kinetics.fan.AirCurrent
[08Sep2026 17:02:45.673] [Server thread/DEBUG] [mixin/]: sable-neoforge.mixins.json:compatibility.create.airflow.AirCurrentMixin from mod sable->@Inject::sable$updateSubLevel(Lorg/spongepowered/asm/mixin/injection/callback/CallbackInfo;)V doesn't use it's CallbackInfo
[08Sep2026 17:02:45.673] [Server thread/DEBUG] [mixin/]: sable-neoforge.mixins.json:compatibility.create.airflow.AirCurrentMixin from mod sable->@Inject::sable$updateSubLevel(Lorg/spongepowered/asm/mixin/injection/callback/CallbackInfo;)V has 0 override(s) in child classes
[08Sep2026 17:02:45.673] [Server thread/DEBUG] [mixin/]: sable-neoforge.mixins.json:compatibility.create.airflow.AirCurrentMixin from mod sable->@Inject::sable$updateSubLevel(Lorg/spongepowered/asm/mixin/injection/callback/CallbackInfo;)V won't be passed a CallbackInfo as a result
[08Sep2026 17:02:45.690] [Server thread/DEBUG] [mixin/]: Mixing steam_vent.BoilerDataMixin from aeronautics.mixins.json into com.simibubi.create.content.fluids.tank.BoilerData
[08Sep2026 17:02:45.690] [Server thread/DEBUG] [mixin/]: aeronautics.mixins.json:steam_vent.BoilerDataMixin from mod aeronautics: Class version 65 required is higher than the class version supported by the current version of Mixin (JAVA_18 supports class version 62)
[08Sep2026 17:02:45.693] [Server thread/DEBUG] [mixin/]: Mixing compatibility.create.fluid_tank_heating.BoilerDataMixin from sable-neoforge.mixins.json into com.simibubi.create.content.fluids.tank.BoilerData
[08Sep2026 17:02:45.693] [Server thread/DEBUG] [mixin/]: Renaming synthetic method lambda$sable$subLevelHeating$0(Lcom/llamalad7/mixinextras/injector/wrapoperation/Operation;Lnet/minecraft/world/level/Level;Ldev/ryanhcode/sable/sublevel/SubLevel;Lnet/minecraft/core/BlockPos;)Ljava/lang/Float; to md9b259f$sable$lambda$sable$subLevelHeating$0$0 in sable-neoforge.mixins.json:compatibility.create.fluid_tank_heating.BoilerDataMixin from mod sable
[08Sep2026 17:02:45.699] [Server thread/DEBUG] [mixin/]: aeronautics.mixins.json:steam_vent.BoilerDataMixin from mod aeronautics->@Inject::aeronautics$countVents1(Lcom/simibubi/create/content/fluids/tank/FluidTankBlockEntity;Lorg/spongepowered/asm/mixin/injection/callback/CallbackInfoReturnable;)V doesn't use it's CallbackInfoReturnable
[08Sep2026 17:02:45.699] [Server thread/DEBUG] [mixin/]: aeronautics.mixins.json:steam_vent.BoilerDataMixin from mod aeronautics->@Inject::aeronautics$countVents1(Lcom/simibubi/create/content/fluids/tank/FluidTankBlockEntity;Lorg/spongepowered/asm/mixin/injection/callback/CallbackInfoReturnable;)V has 0 override(s) in child classes
[08Sep2026 17:02:45.699] [Server thread/DEBUG] [mixin/]: aeronautics.mixins.json:steam_vent.BoilerDataMixin from mod aeronautics->@Inject::aeronautics$countVents1(Lcom/simibubi/create/content/fluids/tank/FluidTankBlockEntity;Lorg/spongepowered/asm/mixin/injection/callback/CallbackInfoReturnable;)V won't be passed a CallbackInfoReturnable as a result
[08Sep2026 17:02:45.699] [Server thread/DEBUG] [mixin/]: aeronautics.mixins.json:steam_vent.BoilerDataMixin from mod aeronautics->@Inject::aeronautics$countVents2(Lcom/simibubi/create/content/fluids/tank/FluidTankBlockEntity;Lorg/spongepowered/asm/mixin/injection/callback/CallbackInfoReturnable;)V doesn't use it's CallbackInfoReturnable
[08Sep2026 17:02:45.699] [Server thread/DEBUG] [mixin/]: aeronautics.mixins.json:steam_vent.BoilerDataMixin from mod aeronautics->@Inject::aeronautics$countVents2(Lcom/simibubi/create/content/fluids/tank/FluidTankBlockEntity;Lorg/spongepowered/asm/mixin/injection/callback/CallbackInfoReturnable;)V has 0 override(s) in child classes
[08Sep2026 17:02:45.699] [Server thread/DEBUG] [mixin/]: aeronautics.mixins.json:steam_vent.BoilerDataMixin from mod aeronautics->@Inject::aeronautics$countVents2(Lcom/simibubi/create/content/fluids/tank/FluidTankBlockEntity;Lorg/spongepowered/asm/mixin/injection/callback/CallbackInfoReturnable;)V won't be passed a CallbackInfoReturnable as a result
[08Sep2026 17:02:45.699] [Server thread/DEBUG] [mixin/]: aeronautics.mixins.json:steam_vent.BoilerDataMixin from mod aeronautics->@Inject::aeronautics$reformatBoilerTooltip(Ljava/util/List;ZILorg/spongepowered/asm/mixin/injection/callback/CallbackInfoReturnable;)V does use it's CallbackInfoReturnable
[08Sep2026 17:02:45.699] [Server thread/DEBUG] [mixin/]: aeronautics.mixins.json:steam_vent.BoilerDataMixin from mod aeronautics->@Inject::aeronautics$clearVents(Lorg/spongepowered/asm/mixin/injection/callback/CallbackInfo;)V doesn't use it's CallbackInfo
[08Sep2026 17:02:45.699] [Server thread/DEBUG] [mixin/]: aeronautics.mixins.json:steam_vent.BoilerDataMixin from mod aeronautics->@Inject::aeronautics$clearVents(Lorg/spongepowered/asm/mixin/injection/callback/CallbackInfo;)V has 0 override(s) in child classes
[08Sep2026 17:02:45.699] [Server thread/DEBUG] [mixin/]: aeronautics.mixins.json:steam_vent.BoilerDataMixin from mod aeronautics->@Inject::aeronautics$clearVents(Lorg/spongepowered/asm/mixin/injection/callback/CallbackInfo;)V won't be passed a CallbackInfo as a result
[08Sep2026 17:02:45.699] [Server thread/DEBUG] [mixin/]: aeronautics.mixins.json:steam_vent.BoilerDataMixin from mod aeronautics->@Inject::aeronautics$writeVentData(Lorg/spongepowered/asm/mixin/injection/callback/CallbackInfoReturnable;)V doesn't use it's CallbackInfoReturnable
[08Sep2026 17:02:45.699] [Server thread/DEBUG] [mixin/]: aeronautics.mixins.json:steam_vent.BoilerDataMixin from mod aeronautics->@Inject::aeronautics$writeVentData(Lorg/spongepowered/asm/mixin/injection/callback/CallbackInfoReturnable;)V has 0 override(s) in child classes
[08Sep2026 17:02:45.699] [Server thread/DEBUG] [mixin/]: aeronautics.mixins.json:steam_vent.BoilerDataMixin from mod aeronautics->@Inject::aeronautics$writeVentData(Lorg/spongepowered/asm/mixin/injection/callback/CallbackInfoReturnable;)V won't be passed a CallbackInfoReturnable as a result
[08Sep2026 17:02:45.699] [Server thread/DEBUG] [mixin/]: aeronautics.mixins.json:steam_vent.BoilerDataMixin from mod aeronautics->@Inject::aeronautics$readVentData(Lnet/minecraft/nbt/CompoundTag;ILorg/spongepowered/asm/mixin/injection/callback/CallbackInfo;)V doesn't use it's CallbackInfo
[08Sep2026 17:02:45.699] [Server thread/DEBUG] [mixin/]: aeronautics.mixins.json:steam_vent.BoilerDataMixin from mod aeronautics->@Inject::aeronautics$readVentData(Lnet/minecraft/nbt/CompoundTag;ILorg/spongepowered/asm/mixin/injection/callback/CallbackInfo;)V has 0 override(s) in child classes
[08Sep2026 17:02:45.699] [Server thread/DEBUG] [mixin/]: aeronautics.mixins.json:steam_vent.BoilerDataMixin from mod aeronautics->@Inject::aeronautics$readVentData(Lnet/minecraft/nbt/CompoundTag;ILorg/spongepowered/asm/mixin/injection/callback/CallbackInfo;)V won't be passed a CallbackInfo as a result
[08Sep2026 17:02:45.699] [Server thread/DEBUG] [mixin/]: sable-neoforge.mixins.json:compatibility.create.fluid_tank_heating.BoilerDataMixin from mod sable->@Inject::sable$forceUpdateHeatIfDisconnected(Lcom/simibubi/create/content/fluids/tank/FluidTankBlockEntity;Lorg/spongepowered/asm/mixin/injection/callback/CallbackInfo;)V doesn't use it's CallbackInfo
[08Sep2026 17:02:45.699] [Server thread/DEBUG] [mixin/]: sable-neoforge.mixins.json:compatibility.create.fluid_tank_heating.BoilerDataMixin from mod sable->@Inject::sable$forceUpdateHeatIfDisconnected(Lcom/simibubi/create/content/fluids/tank/FluidTankBlockEntity;Lorg/spongepowered/asm/mixin/injection/callback/CallbackInfo;)V has 0 override(s) in child classes
[08Sep2026 17:02:45.699] [Server thread/DEBUG] [mixin/]: sable-neoforge.mixins.json:compatibility.create.fluid_tank_heating.BoilerDataMixin from mod sable->@Inject::sable$forceUpdateHeatIfDisconnected(Lcom/simibubi/create/content/fluids/tank/FluidTankBlockEntity;Lorg/spongepowered/asm/mixin/injection/callback/CallbackInfo;)V won't be passed a CallbackInfo as a result
[08Sep2026 17:02:45.766] [Server thread/DEBUG] [mixin/]: Mixing compatibility.create.fluid_handling.OpenEndedPipeMixin from sable-neoforge.mixins.json into com.simibubi.create.content.fluids.OpenEndedPipe
[08Sep2026 17:02:45.767] [Server thread/DEBUG] [mixin/]: sable-neoforge.mixins.json:compatibility.create.fluid_handling.OpenEndedPipeMixin from mod sable->@Inject::sable$saveCurrentPos(Lnet/createmod/catnip/math/BlockFace;Lorg/spongepowered/asm/mixin/injection/callback/CallbackInfo;)V doesn't use it's CallbackInfo
[08Sep2026 17:02:45.768] [Server thread/DEBUG] [mixin/]: sable-neoforge.mixins.json:compatibility.create.fluid_handling.OpenEndedPipeMixin from mod sable->@Inject::sable$saveCurrentPos(Lnet/createmod/catnip/math/BlockFace;Lorg/spongepowered/asm/mixin/injection/callback/CallbackInfo;)V has 0 override(s) in child classes
[08Sep2026 17:02:45.768] [Server thread/DEBUG] [mixin/]: sable-neoforge.mixins.json:compatibility.create.fluid_handling.OpenEndedPipeMixin from mod sable->@Inject::sable$saveCurrentPos(Lnet/createmod/catnip/math/BlockFace;Lorg/spongepowered/asm/mixin/injection/callback/CallbackInfo;)V won't be passed a CallbackInfo as a result
[08Sep2026 17:02:45.890] [Server thread/DEBUG] [mixin/]: Mixing entity.entity_pathfinding.WalkNodeEvaluatorMixin from sable.mixins.json into net.minecraft.world.level.pathfinder.WalkNodeEvaluator
[08Sep2026 17:02:45.893] [Server thread/DEBUG] [mixin/]: sable.mixins.json:entity.entity_pathfinding.WalkNodeEvaluatorMixin from mod sable->@Inject::sable$init(Lorg/spongepowered/asm/mixin/injection/callback/CallbackInfoReturnable;)V doesn't use it's CallbackInfoReturnable
[08Sep2026 17:02:45.893] [Server thread/DEBUG] [mixin/]: sable.mixins.json:entity.entity_pathfinding.WalkNodeEvaluatorMixin from mod sable->@Inject::sable$init(Lorg/spongepowered/asm/mixin/injection/callback/CallbackInfoReturnable;)V has 0 override(s) in child classes
[08Sep2026 17:02:45.893] [Server thread/DEBUG] [mixin/]: sable.mixins.json:entity.entity_pathfinding.WalkNodeEvaluatorMixin from mod sable->@Inject::sable$init(Lorg/spongepowered/asm/mixin/injection/callback/CallbackInfoReturnable;)V won't be passed a CallbackInfoReturnable as a result
[08Sep2026 17:02:45.894] [Server thread/DEBUG] [mixin/]: sable.mixins.json:entity.entity_pathfinding.WalkNodeEvaluatorMixin from mod sable->@Inject::sable$canReachWithoutCollision(Lorg/spongepowered/asm/mixin/injection/callback/CallbackInfoReturnable;)V doesn't use it's CallbackInfoReturnable
[08Sep2026 17:02:45.894] [Server thread/DEBUG] [mixin/]: sable.mixins.json:entity.entity_pathfinding.WalkNodeEvaluatorMixin from mod sable->@Inject::sable$canReachWithoutCollision(Lorg/spongepowered/asm/mixin/injection/callback/CallbackInfoReturnable;)V has 0 override(s) in child classes
[08Sep2026 17:02:45.894] [Server thread/DEBUG] [mixin/]: sable.mixins.json:entity.entity_pathfinding.WalkNodeEvaluatorMixin from mod sable->@Inject::sable$canReachWithoutCollision(Lorg/spongepowered/asm/mixin/injection/callback/CallbackInfoReturnable;)V won't be passed a CallbackInfoReturnable as a result
[08Sep2026 17:02:45.927] [Server thread/DEBUG] [mixin/]: Mixing entity.entity_pathfinding.FlyNodeEvaluatorMixin from sable.mixins.json into net.minecraft.world.level.pathfinder.FlyNodeEvaluator
[08Sep2026 17:02:45.931] [Server thread/DEBUG] [mixin/]: sable.mixins.json:entity.entity_pathfinding.FlyNodeEvaluatorMixin from mod sable->@Inject::sable$init(Lorg/spongepowered/asm/mixin/injection/callback/CallbackInfoReturnable;)V doesn't use it's CallbackInfoReturnable
[08Sep2026 17:02:45.931] [Server thread/DEBUG] [mixin/]: sable.mixins.json:entity.entity_pathfinding.FlyNodeEvaluatorMixin from mod sable->@Inject::sable$init(Lorg/spongepowered/asm/mixin/injection/callback/CallbackInfoReturnable;)V has 0 override(s) in child classes
[08Sep2026 17:02:45.931] [Server thread/DEBUG] [mixin/]: sable.mixins.json:entity.entity_pathfinding.FlyNodeEvaluatorMixin from mod sable->@Inject::sable$init(Lorg/spongepowered/asm/mixin/injection/callback/CallbackInfoReturnable;)V won't be passed a CallbackInfoReturnable as a result
[08Sep2026 17:02:45.938] [Server thread/DEBUG] [mixin/]: Mixing sculk_vibrations.VibrationSystemListenerMixin from sable.mixins.json into net.minecraft.world.level.gameevent.vibrations.VibrationSystem$Listener
[08Sep2026 17:02:45.945] [Server thread/DEBUG] [mixin/]: Mixing sculk_vibrations.EuclideanGameEventListenerRegistryMixin from sable.mixins.json into net.minecraft.world.level.gameevent.EuclideanGameEventListenerRegistry
[08Sep2026 17:02:45.954] [Server thread/DEBUG] [mixin/]: Mixing ProjectileUtilMixin from create.mixins.json into net.minecraft.world.entity.projectile.ProjectileUtil
[08Sep2026 17:02:45.954] [Server thread/DEBUG] [mixin/]: Mixing entity.entity_interaction.ProjectileUtilMixin from sable.mixins.json into net.minecraft.world.entity.projectile.ProjectileUtil
[08Sep2026 17:02:45.973] [Server thread/INFO] [net.minecraft.server.level.progress.LoggerChunkProgressListener/]: Time elapsed: 596 ms
[08Sep2026 17:02:45.973] [Server thread/INFO] [net.minecraft.server.dedicated.DedicatedServer/]: Done (1.646s)! For help, type "help"
[08Sep2026 17:02:45.979] [Server thread/DEBUG] [net.neoforged.neoforge.network.DualStackUtils/]: Detected IPv6 address: "0:0:0:0:0:0:0:0"
[08Sep2026 17:02:46.013] [Server thread/DEBUG] [net.neoforged.neoforge.server.LanguageHook/]: Loaded 24 language files for en_us
[08Sep2026 17:02:46.024] [Server thread/INFO] [net.neoforged.neoforge.server.permission.PermissionAPI/]: Successfully initialized permission handler neoforge:default_handler
[08Sep2026 17:02:46.041] [Server thread/INFO] [mcp.mobius.waila.config.PluginConfig/]: [WTHIT] Plugin config reloaded
[08Sep2026 17:02:46.043] [Server thread/INFO] [journeymap/]: Loaded null for service interface journeymap.api.services.WebMapService
[08Sep2026 17:02:46.045] [Server thread/INFO] [journeymap/]: Loaded journeymap.common.helpers.NeoForgeClientHooks@2f4bd55a for service interface journeymap.api.services.ClientPlatformService
[08Sep2026 17:02:46.048] [Server thread/INFO] [journeymap/]: Loaded journeymap.common.helpers.NeoForgeHooks@327865f for service interface journeymap.api.services.CommonPlatformService
[08Sep2026 17:02:46.071] [Server thread/INFO] [journeymap/]: Found @JourneyMapPlugin: journeymap.api.plugins.LoadedChunkOverlayPlugin
[08Sep2026 17:02:46.082] [Server thread/DEBUG] [mixin/]: Mixing compatibility.computercraft.WirelessNetworkMixin from sable.mixins.json into dan200.computercraft.shared.peripheral.modem.wireless.WirelessNetwork
[08Sep2026 17:02:46.104] [Server thread/INFO] [journeymap/]: Initialized IJourneyMapPlugin as:journeymap.api.plugins.LoadedChunkOverlayPlugin: for:journeymap_chunk_overlay
[08Sep2026 17:02:46.357] [Server thread/DEBUG] [mixin/]: Mixing entity.entity_tracking.TrackedEntityMixin from sable.mixins.json into net.minecraft.server.level.ChunkMap$TrackedEntity
[08Sep2026 17:02:46.446] [Server thread/DEBUG] [mixin/]: Mixing entity.entities_stick_sublevels.packet_mixin.ClientboundMoveEntityPacketPosMixin from sable.mixins.json into net.minecraft.network.protocol.game.ClientboundMoveEntityPacket$Pos
[08Sep2026 17:02:46.447] [Server thread/DEBUG] [mixin/]: sable.mixins.json:entity.entities_stick_sublevels.packet_mixin.ClientboundMoveEntityPacketPosMixin from mod sable->@Inject::sable$writeActuallyInSubLevel(Lnet/minecraft/network/FriendlyByteBuf;Lorg/spongepowered/asm/mixin/injection/callback/CallbackInfo;)V doesn't use it's CallbackInfo
[08Sep2026 17:02:46.447] [Server thread/DEBUG] [mixin/]: sable.mixins.json:entity.entities_stick_sublevels.packet_mixin.ClientboundMoveEntityPacketPosMixin from mod sable->@Inject::sable$writeActuallyInSubLevel(Lnet/minecraft/network/FriendlyByteBuf;Lorg/spongepowered/asm/mixin/injection/callback/CallbackInfo;)V has 0 override(s) in child classes
[08Sep2026 17:02:46.447] [Server thread/DEBUG] [mixin/]: sable.mixins.json:entity.entities_stick_sublevels.packet_mixin.ClientboundMoveEntityPacketPosMixin from mod sable->@Inject::sable$writeActuallyInSubLevel(Lnet/minecraft/network/FriendlyByteBuf;Lorg/spongepowered/asm/mixin/injection/callback/CallbackInfo;)V won't be passed a CallbackInfo as a result
[08Sep2026 17:02:46.447] [Server thread/DEBUG] [mixin/]: sable.mixins.json:entity.entities_stick_sublevels.packet_mixin.ClientboundMoveEntityPacketPosMixin from mod sable->@Inject::sable$readActuallyInSubLevel(Lnet/minecraft/network/FriendlyByteBuf;Lorg/spongepowered/asm/mixin/injection/callback/CallbackInfoReturnable;)V does use it's CallbackInfoReturnable
[08Sep2026 17:02:46.462] [Server thread/DEBUG] [mixin/]: Mixing compatibility.create.toolbox.ToolboxHandlerMixin from sable-neoforge.mixins.json into com.simibubi.create.content.equipment.toolbox.ToolboxHandler
[08Sep2026 17:02:46.462] [Server thread/DEBUG] [mixin/]: Renaming synthetic method lambda$sable$getNearestToolBoxRedirect$1(Lnet/minecraft/world/level/LevelAccessor;Lnet/minecraft/world/phys/Vec3;Lnet/minecraft/core/BlockPos;)D to md9b259f$sable$lambda$sable$getNearestToolBoxRedirect$1$0 in sable-neoforge.mixins.json:compatibility.create.toolbox.ToolboxHandlerMixin from mod sable
[08Sep2026 17:02:46.462] [Server thread/DEBUG] [mixin/]: Renaming synthetic method lambda$sable$getNearestToolBoxRedirect$0(Lnet/minecraft/world/level/LevelAccessor;Lnet/minecraft/world/phys/Vec3;DLnet/minecraft/core/BlockPos;)Z to md9b259f$sable$lambda$sable$getNearestToolBoxRedirect$0$1 in sable-neoforge.mixins.json:compatibility.create.toolbox.ToolboxHandlerMixin from mod sable
[08Sep2026 17:02:46.465] [Server thread/DEBUG] [mixin/]: sable-neoforge.mixins.json:compatibility.create.toolbox.ToolboxHandlerMixin from mod sable->@Inject::sable$withinRangeToolBoxRedirect(Lnet/minecraft/world/entity/player/Player;Lcom/simibubi/create/content/equipment/toolbox/ToolboxBlockEntity;Lorg/spongepowered/asm/mixin/injection/callback/CallbackInfoReturnable;)V does use it's CallbackInfoReturnable
[08Sep2026 17:02:46.466] [Server thread/DEBUG] [mixin/]: sable-neoforge.mixins.json:compatibility.create.toolbox.ToolboxHandlerMixin from mod sable->@Inject::sable$getNearestToolBoxRedirect(Lnet/minecraft/world/level/LevelAccessor;Lnet/minecraft/world/entity/player/Player;ILorg/spongepowered/asm/mixin/injection/callback/CallbackInfoReturnable;)V does use it's CallbackInfoReturnable
[08Sep2026 17:02:46.476] [Server thread/DEBUG] [mixin/]: Mixing extra_kinetics.RotationPropagatorMixin from simulated.mixins.json into com.simibubi.create.content.kinetics.RotationPropagator
[08Sep2026 17:02:46.478] [Server thread/DEBUG] [mixin/]: Mixing RotationPropagatorMixin from offroad.mixins.json into com.simibubi.create.content.kinetics.RotationPropagator
[08Sep2026 17:02:46.479] [Server thread/DEBUG] [mixin/]: offroad.mixins.json:RotationPropagatorMixin from mod offroad: Class version 65 required is higher than the class version supported by the current version of Mixin (JAVA_18 supports class version 62)
[08Sep2026 17:02:46.480] [Server thread/DEBUG] [mixin/]: Mixing flicker_tally_removal.RotationPropagatorMixin from simulated.mixins.json into com.simibubi.create.content.kinetics.RotationPropagator
[08Sep2026 17:02:46.486] [Server thread/DEBUG] [mixin/]: simulated.mixins.json:extra_kinetics.RotationPropagatorMixin from mod simulated->@Inject::simulated$addExtraKineticsBlockEntities(Lcom/simibubi/create/content/kinetics/base/KineticBlockEntity;Lorg/spongepowered/asm/mixin/injection/callback/CallbackInfoReturnable;)V does use it's CallbackInfoReturnable
[08Sep2026 17:02:46.486] [Server thread/DEBUG] [mixin/]: simulated.mixins.json:extra_kinetics.RotationPropagatorMixin from mod simulated->@Inject::simulated$getExtraKineticsBlockPositions(Lcom/simibubi/create/content/kinetics/base/KineticBlockEntity;Lorg/spongepowered/asm/mixin/injection/callback/CallbackInfoReturnable;)V does use it's CallbackInfoReturnable
[08Sep2026 17:02:46.625] [Server thread/INFO] [com.simibubi.create.Create/]: RecipeTrie of depth 3 with 108 nodes built with 117 variants, 107 ingredients, and 105 recipes
[08Sep2026 17:02:46.655] [Server thread/DEBUG] [dan200.computercraft.core.asm.Generator/]: Skipping bridge Lua Method dan200.computercraft.shared.peripheral.generic.methods.InventoryMethods.size
[08Sep2026 17:02:46.655] [Server thread/DEBUG] [dan200.computercraft.core.asm.Generator/]: Skipping bridge Lua Method dan200.computercraft.shared.peripheral.generic.methods.InventoryMethods.list
[08Sep2026 17:02:46.655] [Server thread/DEBUG] [dan200.computercraft.core.asm.Generator/]: Skipping bridge Lua Method dan200.computercraft.shared.peripheral.generic.methods.InventoryMethods.pullItems
[08Sep2026 17:02:46.655] [Server thread/DEBUG] [dan200.computercraft.core.asm.Generator/]: Skipping bridge Lua Method dan200.computercraft.shared.peripheral.generic.methods.InventoryMethods.pushItems
[08Sep2026 17:02:46.655] [Server thread/DEBUG] [dan200.computercraft.core.asm.Generator/]: Skipping bridge Lua Method dan200.computercraft.shared.peripheral.generic.methods.InventoryMethods.getItemLimit
[08Sep2026 17:02:46.655] [Server thread/DEBUG] [dan200.computercraft.core.asm.Generator/]: Skipping bridge Lua Method dan200.computercraft.shared.peripheral.generic.methods.InventoryMethods.getItemDetail
[08Sep2026 17:02:46.655] [Server thread/DEBUG] [dan200.computercraft.core.asm.Generator/]: Skipping bridge Lua Method dan200.computercraft.shared.peripheral.generic.methods.FluidMethods.tanks
[08Sep2026 17:02:46.655] [Server thread/DEBUG] [dan200.computercraft.core.asm.Generator/]: Skipping bridge Lua Method dan200.computercraft.shared.peripheral.generic.methods.FluidMethods.pullFluid
[08Sep2026 17:02:46.655] [Server thread/DEBUG] [dan200.computercraft.core.asm.Generator/]: Skipping bridge Lua Method dan200.computercraft.shared.peripheral.generic.methods.FluidMethods.pushFluid
[08Sep2026 17:02:46.655] [Server thread/DEBUG] [dan200.computercraft.core.asm.Generator/]: Skipping bridge Lua Method dan200.computercraft.shared.peripheral.generic.methods.EnergyMethods.getEnergyCapacity
[08Sep2026 17:02:46.655] [Server thread/DEBUG] [dan200.computercraft.core.asm.Generator/]: Skipping bridge Lua Method dan200.computercraft.shared.peripheral.generic.methods.EnergyMethods.getEnergy
[08Sep2026 17:02:46.662] [Server thread/DEBUG] [dan200.computercraft.core.asm.Generator/]: Generating method wrapper for dan200.computercraft.shared.peripheral.generic.methods.InventoryMethods.size.
[08Sep2026 17:02:46.663] [Server thread/DEBUG] [dan200.computercraft.core.asm.Generator/]: Generating method wrapper for dan200.computercraft.shared.peripheral.generic.methods.InventoryMethods.list.
[08Sep2026 17:02:46.665] [Server thread/DEBUG] [dan200.computercraft.core.asm.Generator/]: Generating method wrapper for dan200.computercraft.shared.peripheral.generic.methods.InventoryMethods.pullItems.
[08Sep2026 17:02:46.673] [Server thread/DEBUG] [dan200.computercraft.core.asm.Generator/]: Generating method wrapper for dan200.computercraft.shared.peripheral.generic.methods.InventoryMethods.pushItems.
[08Sep2026 17:02:46.673] [Server thread/DEBUG] [dan200.computercraft.core.asm.Generator/]: Generating method wrapper for dan200.computercraft.shared.peripheral.generic.methods.InventoryMethods.getItemLimit.
[08Sep2026 17:02:46.673] [Server thread/DEBUG] [dan200.computercraft.core.asm.Generator/]: Generating method wrapper for dan200.computercraft.shared.peripheral.generic.methods.InventoryMethods.getItemDetail.
[08Sep2026 17:02:46.701] [Server thread/DEBUG] [mixin/]: Mixing entity.entity_pathfinding.RandomPosMixin from sable.mixins.json into net.minecraft.world.entity.ai.util.RandomPos
[08Sep2026 17:02:46.704] [Server thread/DEBUG] [mixin/]: Mixing entity.entity_pathfinding.PathfindingContextMixin from sable.mixins.json into net.minecraft.world.level.pathfinder.PathfindingContext
[08Sep2026 17:02:46.705] [Server thread/DEBUG] [mixin/]: sable.mixins.json:entity.entity_pathfinding.PathfindingContextMixin from mod sable->@Inject::sable$init(Lnet/minecraft/world/level/CollisionGetter;Lnet/minecraft/world/entity/Mob;Lorg/spongepowered/asm/mixin/injection/callback/CallbackInfo;)V doesn't use it's CallbackInfo
[08Sep2026 17:02:46.705] [Server thread/DEBUG] [mixin/]: sable.mixins.json:entity.entity_pathfinding.PathfindingContextMixin from mod sable->@Inject::sable$init(Lnet/minecraft/world/level/CollisionGetter;Lnet/minecraft/world/entity/Mob;Lorg/spongepowered/asm/mixin/injection/callback/CallbackInfo;)V has 0 override(s) in child classes
[08Sep2026 17:02:46.705] [Server thread/DEBUG] [mixin/]: sable.mixins.json:entity.entity_pathfinding.PathfindingContextMixin from mod sable->@Inject::sable$init(Lnet/minecraft/world/level/CollisionGetter;Lnet/minecraft/world/entity/Mob;Lorg/spongepowered/asm/mixin/injection/callback/CallbackInfo;)V won't be passed a CallbackInfo as a result
[08Sep2026 17:02:46.713] [Server thread/DEBUG] [mixin/]: Mixing entity.entity_pathfinding.PathMixin from sable.mixins.json into net.minecraft.world.level.pathfinder.Path
[08Sep2026 17:02:46.730] [Server thread/DEBUG] [dan200.computercraft.core.asm.Generator/]: Generating method wrapper for dan200.computercraft.shared.peripheral.speaker.SpeakerPeripheral.stop.
[08Sep2026 17:02:46.731] [Server thread/DEBUG] [dan200.computercraft.core.asm.Generator/]: Generating method wrapper for dan200.computercraft.shared.peripheral.speaker.SpeakerPeripheral.playNote.
[08Sep2026 17:02:46.732] [Server thread/DEBUG] [dan200.computercraft.core.asm.Generator/]: Generating method wrapper for dan200.computercraft.shared.peripheral.speaker.SpeakerPeripheral.playSound.
[08Sep2026 17:02:46.733] [Server thread/DEBUG] [dan200.computercraft.core.asm.Generator/]: Generating method wrapper for dan200.computercraft.shared.peripheral.speaker.SpeakerPeripheral.playAudio.
[08Sep2026 17:02:46.736] [Server thread/DEBUG] [dan200.computercraft.core.asm.Generator/]: Generating method wrapper for dan200.computercraft.shared.peripheral.modem.ModemPeripheral.isOpen.
[08Sep2026 17:02:46.738] [Server thread/DEBUG] [dan200.computercraft.core.asm.Generator/]: Generating method wrapper for dan200.computercraft.shared.peripheral.modem.ModemPeripheral.close.
[08Sep2026 17:02:46.741] [Server thread/DEBUG] [dan200.computercraft.core.asm.Generator/]: Generating method wrapper for dan200.computercraft.shared.peripheral.modem.ModemPeripheral.open.
[08Sep2026 17:02:46.741] [Server thread/DEBUG] [dan200.computercraft.core.asm.Generator/]: Generating method wrapper for dan200.computercraft.shared.peripheral.modem.ModemPeripheral.closeAll.
[08Sep2026 17:02:46.741] [Server thread/DEBUG] [dan200.computercraft.core.asm.Generator/]: Generating method wrapper for dan200.computercraft.shared.peripheral.modem.ModemPeripheral.transmit.
[08Sep2026 17:02:46.742] [ComputerCraft-Computer-Worker-0/DEBUG] [dan200.computercraft.core.asm.Generator/]: Generating method wrapper for dan200.computercraft.core.apis.TermAPI.nativePaletteColour.
[08Sep2026 17:02:46.743] [Server thread/DEBUG] [dan200.computercraft.core.asm.Generator/]: Generating method wrapper for dan200.computercraft.shared.peripheral.modem.ModemPeripheral.isWireless.
[08Sep2026 17:02:46.743] [ComputerCraft-Computer-Worker-0/DEBUG] [dan200.computercraft.core.asm.Generator/]: Generating method wrapper for dan200.computercraft.core.apis.TermMethods.clear.
[08Sep2026 17:02:46.743] [ComputerCraft-Computer-Worker-0/DEBUG] [dan200.computercraft.core.asm.Generator/]: Generating method wrapper for dan200.computercraft.core.apis.TermMethods.write.
[08Sep2026 17:02:46.746] [ComputerCraft-Computer-Worker-0/DEBUG] [dan200.computercraft.core.asm.Generator/]: Generating method wrapper for dan200.computercraft.core.apis.TermMethods.getSize.
[08Sep2026 17:02:46.747] [ComputerCraft-Computer-Worker-0/DEBUG] [dan200.computercraft.core.asm.Generator/]: Generating method wrapper for dan200.computercraft.core.apis.TermMethods.setCursorBlink.
[08Sep2026 17:02:46.749] [ComputerCraft-Computer-Worker-0/DEBUG] [dan200.computercraft.core.asm.Generator/]: Generating method wrapper for dan200.computercraft.core.apis.TermMethods.getTextColour.
[08Sep2026 17:02:46.750] [ComputerCraft-Computer-Worker-0/DEBUG] [dan200.computercraft.core.asm.Generator/]: Generating method wrapper for dan200.computercraft.core.apis.TermMethods.getCursorBlink.
[08Sep2026 17:02:46.750] [ComputerCraft-Computer-Worker-0/DEBUG] [dan200.computercraft.core.asm.Generator/]: Generating method wrapper for dan200.computercraft.core.apis.TermMethods.setCursorPos.
[08Sep2026 17:02:46.753] [ComputerCraft-Computer-Worker-0/DEBUG] [dan200.computercraft.core.asm.Generator/]: Generating method wrapper for dan200.computercraft.core.apis.TermMethods.setTextColour.
[08Sep2026 17:02:46.753] [ComputerCraft-Computer-Worker-0/DEBUG] [dan200.computercraft.core.asm.Generator/]: Generating method wrapper for dan200.computercraft.core.apis.TermMethods.getPaletteColour.
[08Sep2026 17:02:46.753] [ComputerCraft-Computer-Worker-0/DEBUG] [dan200.computercraft.core.asm.Generator/]: Generating method wrapper for dan200.computercraft.core.apis.TermMethods.getIsColour.
[08Sep2026 17:02:46.753] [ComputerCraft-Computer-Worker-0/DEBUG] [dan200.computercraft.core.asm.Generator/]: Generating method wrapper for dan200.computercraft.core.apis.TermMethods.setPaletteColour.
[08Sep2026 17:02:46.753] [ComputerCraft-Computer-Worker-0/DEBUG] [dan200.computercraft.core.asm.Generator/]: Generating method wrapper for dan200.computercraft.core.apis.TermMethods.clearLine.
[08Sep2026 17:02:46.753] [ComputerCraft-Computer-Worker-0/DEBUG] [dan200.computercraft.core.asm.Generator/]: Generating method wrapper for dan200.computercraft.core.apis.TermMethods.getBackgroundColour.
[08Sep2026 17:02:46.754] [ComputerCraft-Computer-Worker-0/DEBUG] [dan200.computercraft.core.asm.Generator/]: Generating method wrapper for dan200.computercraft.core.apis.TermMethods.setBackgroundColour.
[08Sep2026 17:02:46.754] [ComputerCraft-Computer-Worker-0/DEBUG] [dan200.computercraft.core.asm.Generator/]: Generating method wrapper for dan200.computercraft.core.apis.TermMethods.scroll.
[08Sep2026 17:02:46.754] [ComputerCraft-Computer-Worker-0/DEBUG] [dan200.computercraft.core.asm.Generator/]: Generating method wrapper for dan200.computercraft.core.apis.TermMethods.blit.
[08Sep2026 17:02:46.757] [ComputerCraft-Computer-Worker-0/DEBUG] [dan200.computercraft.core.asm.Generator/]: Generating method wrapper for dan200.computercraft.core.apis.TermMethods.getCursorPos.
[08Sep2026 17:02:46.757] [ComputerCraft-Computer-Worker-0/DEBUG] [dan200.computercraft.core.asm.Generator/]: Skipping bridge Lua Method dan200.computercraft.shared.peripheral.generic.methods.InventoryMethods.size
[08Sep2026 17:02:46.757] [ComputerCraft-Computer-Worker-0/DEBUG] [dan200.computercraft.core.asm.Generator/]: Skipping bridge Lua Method dan200.computercraft.shared.peripheral.generic.methods.InventoryMethods.list
[08Sep2026 17:02:46.757] [ComputerCraft-Computer-Worker-0/DEBUG] [dan200.computercraft.core.asm.Generator/]: Skipping bridge Lua Method dan200.computercraft.shared.peripheral.generic.methods.InventoryMethods.pullItems
[08Sep2026 17:02:46.757] [ComputerCraft-Computer-Worker-0/DEBUG] [dan200.computercraft.core.asm.Generator/]: Skipping bridge Lua Method dan200.computercraft.shared.peripheral.generic.methods.InventoryMethods.pushItems
[08Sep2026 17:02:46.757] [ComputerCraft-Computer-Worker-0/DEBUG] [dan200.computercraft.core.asm.Generator/]: Skipping bridge Lua Method dan200.computercraft.shared.peripheral.generic.methods.InventoryMethods.getItemLimit
[08Sep2026 17:02:46.757] [ComputerCraft-Computer-Worker-0/DEBUG] [dan200.computercraft.core.asm.Generator/]: Skipping bridge Lua Method dan200.computercraft.shared.peripheral.generic.methods.InventoryMethods.getItemDetail
[08Sep2026 17:02:46.757] [ComputerCraft-Computer-Worker-0/DEBUG] [dan200.computercraft.core.asm.Generator/]: Skipping bridge Lua Method dan200.computercraft.shared.peripheral.generic.methods.FluidMethods.tanks
[08Sep2026 17:02:46.757] [ComputerCraft-Computer-Worker-0/DEBUG] [dan200.computercraft.core.asm.Generator/]: Skipping bridge Lua Method dan200.computercraft.shared.peripheral.generic.methods.FluidMethods.pullFluid
[08Sep2026 17:02:46.757] [ComputerCraft-Computer-Worker-0/DEBUG] [dan200.computercraft.core.asm.Generator/]: Skipping bridge Lua Method dan200.computercraft.shared.peripheral.generic.methods.FluidMethods.pushFluid
[08Sep2026 17:02:46.757] [ComputerCraft-Computer-Worker-0/DEBUG] [dan200.computercraft.core.asm.Generator/]: Skipping bridge Lua Method dan200.computercraft.shared.peripheral.generic.methods.EnergyMethods.getEnergyCapacity
[08Sep2026 17:02:46.757] [ComputerCraft-Computer-Worker-0/DEBUG] [dan200.computercraft.core.asm.Generator/]: Skipping bridge Lua Method dan200.computercraft.shared.peripheral.generic.methods.EnergyMethods.getEnergy
[08Sep2026 17:02:46.759] [ComputerCraft-Computer-Worker-0/DEBUG] [dan200.computercraft.core.asm.Generator/]: Generating method wrapper for dan200.computercraft.core.apis.RedstoneAPI.getSides.
[08Sep2026 17:02:46.759] [ComputerCraft-Computer-Worker-0/DEBUG] [dan200.computercraft.core.asm.Generator/]: Generating method wrapper for dan200.computercraft.core.apis.RedstoneMethods.setOutput.
[08Sep2026 17:02:46.763] [ComputerCraft-Computer-Worker-0/DEBUG] [dan200.computercraft.core.asm.Generator/]: Generating method wrapper for dan200.computercraft.core.apis.RedstoneMethods.setBundledOutput.
[08Sep2026 17:02:46.763] [ComputerCraft-Computer-Worker-0/DEBUG] [dan200.computercraft.core.asm.Generator/]: Generating method wrapper for dan200.computercraft.core.apis.RedstoneMethods.getBundledOutput.
[08Sep2026 17:02:46.766] [ComputerCraft-Computer-Worker-0/DEBUG] [dan200.computercraft.core.asm.Generator/]: Generating method wrapper for dan200.computercraft.core.apis.RedstoneMethods.getBundledInput.
[08Sep2026 17:02:46.766] [ComputerCraft-Computer-Worker-0/DEBUG] [dan200.computercraft.core.asm.Generator/]: Generating method wrapper for dan200.computercraft.core.apis.RedstoneMethods.setAnalogOutput.
[08Sep2026 17:02:46.766] [ComputerCraft-Computer-Worker-0/DEBUG] [dan200.computercraft.core.asm.Generator/]: Generating method wrapper for dan200.computercraft.core.apis.RedstoneMethods.testBundledInput.
[08Sep2026 17:02:46.769] [ComputerCraft-Computer-Worker-0/DEBUG] [dan200.computercraft.core.asm.Generator/]: Generating method wrapper for dan200.computercraft.core.apis.RedstoneMethods.getAnalogInput.
[08Sep2026 17:02:46.769] [ComputerCraft-Computer-Worker-0/DEBUG] [dan200.computercraft.core.asm.Generator/]: Generating method wrapper for dan200.computercraft.core.apis.RedstoneMethods.getInput.
[08Sep2026 17:02:46.769] [ComputerCraft-Computer-Worker-0/DEBUG] [dan200.computercraft.core.asm.Generator/]: Generating method wrapper for dan200.computercraft.core.apis.RedstoneMethods.getOutput.
[08Sep2026 17:02:46.770] [ComputerCraft-Computer-Worker-0/DEBUG] [dan200.computercraft.core.asm.Generator/]: Generating method wrapper for dan200.computercraft.core.apis.RedstoneMethods.getAnalogOutput.
[08Sep2026 17:02:46.770] [ComputerCraft-Computer-Worker-0/DEBUG] [dan200.computercraft.core.asm.Generator/]: Generating method wrapper for dan200.computercraft.core.apis.FSAPI.getName.
[08Sep2026 17:02:46.771] [ComputerCraft-Computer-Worker-0/DEBUG] [dan200.computercraft.core.asm.Generator/]: Generating method wrapper for dan200.computercraft.core.apis.FSAPI.list.
[08Sep2026 17:02:46.771] [ComputerCraft-Computer-Worker-0/DEBUG] [dan200.computercraft.core.asm.Generator/]: Generating method wrapper for dan200.computercraft.core.apis.FSAPI.delete.
[08Sep2026 17:02:46.771] [ComputerCraft-Computer-Worker-0/DEBUG] [dan200.computercraft.core.asm.Generator/]: Generating method wrapper for dan200.computercraft.core.apis.FSAPI.combine.
[08Sep2026 17:02:46.771] [ComputerCraft-Computer-Worker-0/DEBUG] [dan200.computercraft.core.asm.Generator/]: Generating method wrapper for dan200.computercraft.core.apis.FSAPI.open.
[08Sep2026 17:02:46.773] [ComputerCraft-Computer-Worker-0/DEBUG] [dan200.computercraft.core.asm.Generator/]: Generating method wrapper for dan200.computercraft.core.apis.FSAPI.copy.
[08Sep2026 17:02:46.775] [ComputerCraft-Computer-Worker-0/DEBUG] [dan200.computercraft.core.asm.Generator/]: Generating method wrapper for dan200.computercraft.core.apis.FSAPI.getSize.
[08Sep2026 17:02:46.777] [ComputerCraft-Computer-Worker-0/DEBUG] [dan200.computercraft.core.asm.Generator/]: Generating method wrapper for dan200.computercraft.core.apis.FSAPI.isReadOnly.
[08Sep2026 17:02:46.777] [ComputerCraft-Computer-Worker-0/DEBUG] [dan200.computercraft.core.asm.Generator/]: Generating method wrapper for dan200.computercraft.core.apis.FSAPI.exists.
[08Sep2026 17:02:46.777] [ComputerCraft-Computer-Worker-0/DEBUG] [dan200.computercraft.core.asm.Generator/]: Generating method wrapper for dan200.computercraft.core.apis.FSAPI.getFreeSpace.
[08Sep2026 17:02:46.777] [ComputerCraft-Computer-Worker-0/DEBUG] [dan200.computercraft.core.asm.Generator/]: Generating method wrapper for dan200.computercraft.core.apis.FSAPI.getDrive.
[08Sep2026 17:02:46.777] [ComputerCraft-Computer-Worker-0/DEBUG] [dan200.computercraft.core.asm.Generator/]: Generating method wrapper for dan200.computercraft.core.apis.FSAPI.attributes.
[08Sep2026 17:02:46.777] [ComputerCraft-Computer-Worker-0/DEBUG] [dan200.computercraft.core.asm.Generator/]: Generating method wrapper for dan200.computercraft.core.apis.FSAPI.move.
[08Sep2026 17:02:46.777] [ComputerCraft-Computer-Worker-0/DEBUG] [dan200.computercraft.core.asm.Generator/]: Generating method wrapper for dan200.computercraft.core.apis.FSAPI.getCapacity.
[08Sep2026 17:02:46.777] [ComputerCraft-Computer-Worker-0/DEBUG] [dan200.computercraft.core.asm.Generator/]: Generating method wrapper for dan200.computercraft.core.apis.FSAPI.isDir.
[08Sep2026 17:02:46.778] [ComputerCraft-Computer-Worker-0/DEBUG] [dan200.computercraft.core.asm.Generator/]: Generating method wrapper for dan200.computercraft.core.apis.FSAPI.makeDir.
[08Sep2026 17:02:46.778] [ComputerCraft-Computer-Worker-0/DEBUG] [dan200.computercraft.core.asm.Generator/]: Generating method wrapper for dan200.computercraft.core.apis.FSAPI.getDir.
[08Sep2026 17:02:46.778] [ComputerCraft-Computer-Worker-0/DEBUG] [dan200.computercraft.core.asm.Generator/]: Generating method wrapper for dan200.computercraft.core.apis.PeripheralAPI.getMethods.
[08Sep2026 17:02:46.778] [ComputerCraft-Computer-Worker-0/DEBUG] [dan200.computercraft.core.asm.Generator/]: Generating method wrapper for dan200.computercraft.core.apis.PeripheralAPI.isPresent.
[08Sep2026 17:02:46.779] [ComputerCraft-Computer-Worker-0/DEBUG] [dan200.computercraft.core.asm.Generator/]: Generating method wrapper for dan200.computercraft.core.apis.PeripheralAPI.call.
[08Sep2026 17:02:46.780] [ComputerCraft-Computer-Worker-0/DEBUG] [dan200.computercraft.core.asm.Generator/]: Generating method wrapper for dan200.computercraft.core.apis.PeripheralAPI.getType.
[08Sep2026 17:02:46.780] [ComputerCraft-Computer-Worker-0/DEBUG] [dan200.computercraft.core.asm.Generator/]: Generating method wrapper for dan200.computercraft.core.apis.PeripheralAPI.hasType.
[08Sep2026 17:02:46.780] [ComputerCraft-Computer-Worker-0/DEBUG] [dan200.computercraft.core.asm.Generator/]: Generating method wrapper for dan200.computercraft.core.apis.OSAPI.clock.
[08Sep2026 17:02:46.781] [ComputerCraft-Computer-Worker-0/DEBUG] [dan200.computercraft.core.asm.Generator/]: Generating method wrapper for dan200.computercraft.core.apis.OSAPI.time.
[08Sep2026 17:02:46.781] [ComputerCraft-Computer-Worker-0/DEBUG] [dan200.computercraft.core.asm.Generator/]: Generating method wrapper for dan200.computercraft.core.apis.OSAPI.date.
[08Sep2026 17:02:46.781] [ComputerCraft-Computer-Worker-0/DEBUG] [dan200.computercraft.core.asm.Generator/]: Generating method wrapper for dan200.computercraft.core.apis.OSAPI.day.
[08Sep2026 17:02:46.781] [ComputerCraft-Computer-Worker-0/DEBUG] [dan200.computercraft.core.asm.Generator/]: Generating method wrapper for dan200.computercraft.core.apis.OSAPI.epoch.
[08Sep2026 17:02:46.782] [ComputerCraft-Computer-Worker-0/DEBUG] [dan200.computercraft.core.asm.Generator/]: Generating method wrapper for dan200.computercraft.core.apis.OSAPI.getComputerID.
[08Sep2026 17:02:46.782] [ComputerCraft-Computer-Worker-0/DEBUG] [dan200.computercraft.core.asm.Generator/]: Generating method wrapper for dan200.computercraft.core.apis.OSAPI.cancelTimer.
[08Sep2026 17:02:46.782] [ComputerCraft-Computer-Worker-0/DEBUG] [dan200.computercraft.core.asm.Generator/]: Generating method wrapper for dan200.computercraft.core.apis.OSAPI.setComputerLabel.
[08Sep2026 17:02:46.782] [ComputerCraft-Computer-Worker-0/DEBUG] [dan200.computercraft.core.asm.Generator/]: Generating method wrapper for dan200.computercraft.core.apis.OSAPI.cancelAlarm.
[08Sep2026 17:02:46.782] [ComputerCraft-Computer-Worker-0/DEBUG] [dan200.computercraft.core.asm.Generator/]: Generating method wrapper for dan200.computercraft.core.apis.OSAPI.getComputerLabel.
[08Sep2026 17:02:46.783] [ComputerCraft-Computer-Worker-0/DEBUG] [dan200.computercraft.core.asm.Generator/]: Generating method wrapper for dan200.computercraft.core.apis.OSAPI.queueEvent.
[08Sep2026 17:02:46.783] [ComputerCraft-Computer-Worker-0/DEBUG] [dan200.computercraft.core.asm.Generator/]: Generating method wrapper for dan200.computercraft.core.apis.OSAPI.startTimer.
[08Sep2026 17:02:46.787] [ComputerCraft-Computer-Worker-0/DEBUG] [dan200.computercraft.core.asm.Generator/]: Generating method wrapper for dan200.computercraft.core.apis.OSAPI.setAlarm.
[08Sep2026 17:02:46.787] [ComputerCraft-Computer-Worker-0/DEBUG] [dan200.computercraft.core.asm.Generator/]: Generating method wrapper for dan200.computercraft.core.apis.OSAPI.doShutdown.
[08Sep2026 17:02:46.787] [ComputerCraft-Computer-Worker-0/DEBUG] [dan200.computercraft.core.asm.Generator/]: Generating method wrapper for dan200.computercraft.core.apis.OSAPI.doReboot.
[08Sep2026 17:02:46.788] [ComputerCraft-Computer-Worker-0/DEBUG] [dan200.computercraft.core.asm.Generator/]: Generating method wrapper for dan200.computercraft.core.apis.HTTPAPI.checkURL.
[08Sep2026 17:02:46.788] [ComputerCraft-Computer-Worker-0/DEBUG] [dan200.computercraft.core.asm.Generator/]: Generating method wrapper for dan200.computercraft.core.apis.HTTPAPI.request.
[08Sep2026 17:02:46.788] [ComputerCraft-Computer-Worker-0/DEBUG] [dan200.computercraft.core.asm.Generator/]: Generating method wrapper for dan200.computercraft.core.apis.HTTPAPI.websocket.
[08Sep2026 17:02:46.789] [ComputerCraft-Computer-Worker-0/DEBUG] [dan200.computercraft.core.asm.Generator/]: Generating method wrapper for dan200.computercraft.shared.turtle.apis.TurtleAPI.compareTo.
[08Sep2026 17:02:46.789] [ComputerCraft-Computer-Worker-0/DEBUG] [dan200.computercraft.core.asm.Generator/]: Generating method wrapper for dan200.computercraft.shared.turtle.apis.TurtleAPI.compare.
[08Sep2026 17:02:46.789] [ComputerCraft-Computer-Worker-0/DEBUG] [dan200.computercraft.core.asm.Generator/]: Generating method wrapper for dan200.computercraft.shared.turtle.apis.TurtleAPI.transferTo.
[08Sep2026 17:02:46.791] [ComputerCraft-Computer-Worker-0/DEBUG] [dan200.computercraft.core.asm.Generator/]: Generating method wrapper for dan200.computercraft.shared.turtle.apis.TurtleAPI.up.
[08Sep2026 17:02:46.791] [ComputerCraft-Computer-Worker-0/DEBUG] [dan200.computercraft.core.asm.Generator/]: Generating method wrapper for dan200.computercraft.shared.turtle.apis.TurtleAPI.back.
[08Sep2026 17:02:46.791] [ComputerCraft-Computer-Worker-0/DEBUG] [dan200.computercraft.core.asm.Generator/]: Generating method wrapper for dan200.computercraft.shared.turtle.apis.TurtleAPI.dig.
[08Sep2026 17:02:46.791] [ComputerCraft-Computer-Worker-0/DEBUG] [dan200.computercraft.core.asm.Generator/]: Generating method wrapper for dan200.computercraft.shared.turtle.apis.TurtleAPI.down.
[08Sep2026 17:02:46.791] [ComputerCraft-Computer-Worker-0/DEBUG] [dan200.computercraft.core.asm.Generator/]: Generating method wrapper for dan200.computercraft.shared.turtle.apis.TurtleAPI.getItemCount.
[08Sep2026 17:02:46.791] [ComputerCraft-Computer-Worker-0/DEBUG] [dan200.computercraft.core.asm.Generator/]: Generating method wrapper for dan200.computercraft.shared.turtle.apis.TurtleAPI.getSelectedSlot.
[08Sep2026 17:02:46.791] [ComputerCraft-Computer-Worker-0/DEBUG] [dan200.computercraft.core.asm.Generator/]: Generating method wrapper for dan200.computercraft.shared.turtle.apis.TurtleAPI.getFuelLimit.
[08Sep2026 17:02:46.791] [ComputerCraft-Computer-Worker-0/DEBUG] [dan200.computercraft.core.asm.Generator/]: Generating method wrapper for dan200.computercraft.shared.turtle.apis.TurtleAPI.getFuelLevel.
[08Sep2026 17:02:46.791] [ComputerCraft-Computer-Worker-0/DEBUG] [dan200.computercraft.core.asm.Generator/]: Generating method wrapper for dan200.computercraft.shared.turtle.apis.TurtleAPI.attack.
[08Sep2026 17:02:46.792] [ComputerCraft-Computer-Worker-0/DEBUG] [dan200.computercraft.core.asm.Generator/]: Generating method wrapper for dan200.computercraft.shared.turtle.apis.TurtleAPI.forward.
[08Sep2026 17:02:46.792] [ComputerCraft-Computer-Worker-0/DEBUG] [dan200.computercraft.core.asm.Generator/]: Generating method wrapper for dan200.computercraft.shared.turtle.apis.TurtleAPI.inspect.
[08Sep2026 17:02:46.792] [ComputerCraft-Computer-Worker-0/DEBUG] [dan200.computercraft.core.asm.Generator/]: Generating method wrapper for dan200.computercraft.shared.turtle.apis.TurtleAPI.equipLeft.
[08Sep2026 17:02:46.792] [ComputerCraft-Computer-Worker-0/DEBUG] [dan200.computercraft.core.asm.Generator/]: Generating method wrapper for dan200.computercraft.shared.turtle.apis.TurtleAPI.equipRight.
[08Sep2026 17:02:46.792] [ComputerCraft-Computer-Worker-0/DEBUG] [dan200.computercraft.core.asm.Generator/]: Generating method wrapper for dan200.computercraft.shared.turtle.apis.TurtleAPI.attackUp.
[08Sep2026 17:02:46.792] [ComputerCraft-Computer-Worker-0/DEBUG] [dan200.computercraft.core.asm.Generator/]: Generating method wrapper for dan200.computercraft.shared.turtle.apis.TurtleAPI.suckDown.
[08Sep2026 17:02:46.793] [ComputerCraft-Computer-Worker-0/DEBUG] [dan200.computercraft.core.asm.Generator/]: Generating method wrapper for dan200.computercraft.shared.turtle.apis.TurtleAPI.suck.
[08Sep2026 17:02:46.793] [ComputerCraft-Computer-Worker-0/DEBUG] [dan200.computercraft.core.asm.Generator/]: Generating method wrapper for dan200.computercraft.shared.turtle.apis.TurtleAPI.attackDown.
[08Sep2026 17:02:46.793] [ComputerCraft-Computer-Worker-0/DEBUG] [dan200.computercraft.core.asm.Generator/]: Generating method wrapper for dan200.computercraft.shared.turtle.apis.TurtleAPI.suckUp.
[08Sep2026 17:02:46.793] [ComputerCraft-Computer-Worker-0/DEBUG] [dan200.computercraft.core.asm.Generator/]: Generating method wrapper for dan200.computercraft.shared.turtle.apis.TurtleAPI.drop.
[08Sep2026 17:02:46.793] [ComputerCraft-Computer-Worker-0/DEBUG] [dan200.computercraft.core.asm.Generator/]: Generating method wrapper for dan200.computercraft.shared.turtle.apis.TurtleAPI.place.
[08Sep2026 17:02:46.793] [ComputerCraft-Computer-Worker-0/DEBUG] [dan200.computercraft.core.asm.Generator/]: Generating method wrapper for dan200.computercraft.shared.turtle.apis.TurtleAPI.digDown.
[08Sep2026 17:02:46.793] [ComputerCraft-Computer-Worker-0/DEBUG] [dan200.computercraft.core.asm.Generator/]: Generating method wrapper for dan200.computercraft.shared.turtle.apis.TurtleAPI.placeDown.
[08Sep2026 17:02:46.793] [ComputerCraft-Computer-Worker-0/DEBUG] [dan200.computercraft.core.asm.Generator/]: Generating method wrapper for dan200.computercraft.shared.turtle.apis.TurtleAPI.placeUp.
[08Sep2026 17:02:46.794] [ComputerCraft-Computer-Worker-0/DEBUG] [dan200.computercraft.core.asm.Generator/]: Generating method wrapper for dan200.computercraft.shared.turtle.apis.TurtleAPI.dropUp.
[08Sep2026 17:02:46.794] [ComputerCraft-Computer-Worker-0/DEBUG] [dan200.computercraft.core.asm.Generator/]: Generating method wrapper for dan200.computercraft.shared.turtle.apis.TurtleAPI.dropDown.
[08Sep2026 17:02:46.794] [ComputerCraft-Computer-Worker-0/DEBUG] [dan200.computercraft.core.asm.Generator/]: Generating method wrapper for dan200.computercraft.shared.turtle.apis.TurtleAPI.detectDown.
[08Sep2026 17:02:46.794] [ComputerCraft-Computer-Worker-0/DEBUG] [dan200.computercraft.core.asm.Generator/]: Generating method wrapper for dan200.computercraft.shared.turtle.apis.TurtleAPI.compareUp.
[08Sep2026 17:02:46.794] [ComputerCraft-Computer-Worker-0/DEBUG] [dan200.computercraft.core.asm.Generator/]: Generating method wrapper for dan200.computercraft.shared.turtle.apis.TurtleAPI.detectUp.
[08Sep2026 17:02:46.794] [ComputerCraft-Computer-Worker-0/DEBUG] [dan200.computercraft.core.asm.Generator/]: Generating method wrapper for dan200.computercraft.shared.turtle.apis.TurtleAPI.detect.
[08Sep2026 17:02:46.794] [ComputerCraft-Computer-Worker-0/DEBUG] [dan200.computercraft.core.asm.Generator/]: Generating method wrapper for dan200.computercraft.shared.turtle.apis.TurtleAPI.refuel.
[08Sep2026 17:02:46.794] [ComputerCraft-Computer-Worker-0/DEBUG] [dan200.computercraft.core.asm.Generator/]: Generating method wrapper for dan200.computercraft.shared.turtle.apis.TurtleAPI.getItemDetail.
[08Sep2026 17:02:46.797] [ComputerCraft-Computer-Worker-0/DEBUG] [dan200.computercraft.core.asm.Generator/]: Generating method wrapper for dan200.computercraft.shared.turtle.apis.TurtleAPI.select.
[08Sep2026 17:02:46.797] [ComputerCraft-Computer-Worker-0/DEBUG] [dan200.computercraft.core.asm.Generator/]: Generating method wrapper for dan200.computercraft.shared.turtle.apis.TurtleAPI.inspectUp.
[08Sep2026 17:02:46.797] [ComputerCraft-Computer-Worker-0/DEBUG] [dan200.computercraft.core.asm.Generator/]: Generating method wrapper for dan200.computercraft.shared.turtle.apis.TurtleAPI.getEquippedLeft.
[08Sep2026 17:02:46.797] [ComputerCraft-Computer-Worker-0/DEBUG] [dan200.computercraft.core.asm.Generator/]: Generating method wrapper for dan200.computercraft.shared.turtle.apis.TurtleAPI.compareDown.
[08Sep2026 17:02:46.797] [ComputerCraft-Computer-Worker-0/DEBUG] [dan200.computercraft.core.asm.Generator/]: Generating method wrapper for dan200.computercraft.shared.turtle.apis.TurtleAPI.getEquippedRight.
[08Sep2026 17:02:46.797] [ComputerCraft-Computer-Worker-0/DEBUG] [dan200.computercraft.core.asm.Generator/]: Generating method wrapper for dan200.computercraft.shared.turtle.apis.TurtleAPI.inspectDown.
[08Sep2026 17:02:46.797] [ComputerCraft-Computer-Worker-0/DEBUG] [dan200.computercraft.core.asm.Generator/]: Generating method wrapper for dan200.computercraft.shared.turtle.apis.TurtleAPI.getItemSpace.
[08Sep2026 17:02:46.797] [ComputerCraft-Computer-Worker-0/DEBUG] [dan200.computercraft.core.asm.Generator/]: Generating method wrapper for dan200.computercraft.shared.turtle.apis.TurtleAPI.turnLeft.
[08Sep2026 17:02:46.797] [ComputerCraft-Computer-Worker-0/DEBUG] [dan200.computercraft.core.asm.Generator/]: Generating method wrapper for dan200.computercraft.shared.turtle.apis.TurtleAPI.digUp.
[08Sep2026 17:02:46.798] [ComputerCraft-Computer-Worker-0/DEBUG] [dan200.computercraft.core.asm.Generator/]: Generating method wrapper for dan200.computercraft.shared.turtle.apis.TurtleAPI.turnRight.
[08Sep2026 17:02:46.892] [Server thread/DEBUG] [mixin/]: Mixing clip_overwrite.ClipContextMixin from sable.mixins.json into net.minecraft.world.level.ClipContext
[08Sep2026 17:02:46.915] [ComputerCraft-Computer-Worker-0/DEBUG] [dan200.computercraft.core.asm.Generator/]: Generating method wrapper for dan200.computercraft.core.apis.handles.ReadHandle.read.
[08Sep2026 17:02:46.915] [ComputerCraft-Computer-Worker-0/DEBUG] [dan200.computercraft.core.asm.Generator/]: Generating method wrapper for dan200.computercraft.core.apis.handles.ReadHandle.readLine.
[08Sep2026 17:02:46.915] [ComputerCraft-Computer-Worker-0/DEBUG] [dan200.computercraft.core.asm.Generator/]: Generating method wrapper for dan200.computercraft.core.apis.handles.ReadHandle.seek.
[08Sep2026 17:02:46.915] [ComputerCraft-Computer-Worker-0/DEBUG] [dan200.computercraft.core.asm.Generator/]: Generating method wrapper for dan200.computercraft.core.apis.handles.ReadHandle.readAll.
[08Sep2026 17:02:46.915] [ComputerCraft-Computer-Worker-0/DEBUG] [dan200.computercraft.core.asm.Generator/]: Generating method wrapper for dan200.computercraft.core.apis.handles.AbstractHandle.close.
[08Sep2026 17:02:46.915] [Server thread/DEBUG] [mixin/]: Mixing entity.entities_stick_sublevels.packet_mixin.ClientboundMoveEntityPacketPosRotMixin from sable.mixins.json into net.minecraft.network.protocol.game.ClientboundMoveEntityPacket$PosRot
[08Sep2026 17:02:46.916] [Server thread/DEBUG] [mixin/]: sable.mixins.json:entity.entities_stick_sublevels.packet_mixin.ClientboundMoveEntityPacketPosRotMixin from mod sable->@Inject::sable$writeActuallyInSubLevel(Lnet/minecraft/network/FriendlyByteBuf;Lorg/spongepowered/asm/mixin/injection/callback/CallbackInfo;)V doesn't use it's CallbackInfo
[08Sep2026 17:02:46.917] [Server thread/DEBUG] [mixin/]: sable.mixins.json:entity.entities_stick_sublevels.packet_mixin.ClientboundMoveEntityPacketPosRotMixin from mod sable->@Inject::sable$writeActuallyInSubLevel(Lnet/minecraft/network/FriendlyByteBuf;Lorg/spongepowered/asm/mixin/injection/callback/CallbackInfo;)V has 0 override(s) in child classes
[08Sep2026 17:02:46.917] [Server thread/DEBUG] [mixin/]: sable.mixins.json:entity.entities_stick_sublevels.packet_mixin.ClientboundMoveEntityPacketPosRotMixin from mod sable->@Inject::sable$writeActuallyInSubLevel(Lnet/minecraft/network/FriendlyByteBuf;Lorg/spongepowered/asm/mixin/injection/callback/CallbackInfo;)V won't be passed a CallbackInfo as a result
[08Sep2026 17:02:46.917] [Server thread/DEBUG] [mixin/]: sable.mixins.json:entity.entities_stick_sublevels.packet_mixin.ClientboundMoveEntityPacketPosRotMixin from mod sable->@Inject::sable$readActuallyInSubLevel(Lnet/minecraft/network/FriendlyByteBuf;Lorg/spongepowered/asm/mixin/injection/callback/CallbackInfoReturnable;)V does use it's CallbackInfoReturnable
[08Sep2026 17:02:47.025] [Server thread/DEBUG] [mixin/]: Mixing MixinCustomPacketPayload_1 from badpackets.mixins.json into net.minecraft.network.protocol.common.custom.CustomPacketPayload$1
[08Sep2026 17:02:47.025] [Server thread/DEBUG] [mixin/]: badpackets.mixins.json:MixinCustomPacketPayload_1 from mod badpackets: Class version 65 required is higher than the class version supported by the current version of Mixin (JAVA_16 supports class version 60)
[08Sep2026 17:02:47.028] [Server thread/DEBUG] [mixin/]: badpackets.mixins.json:MixinCustomPacketPayload_1 from mod badpackets->@Inject::badpackets_encode(Lnet/minecraft/network/FriendlyByteBuf;Lnet/minecraft/network/protocol/common/custom/CustomPacketPayload$Type;Lnet/minecraft/network/protocol/common/custom/CustomPacketPayload;Lorg/spongepowered/asm/mixin/injection/callback/CallbackInfo;)V does use it's CallbackInfo
[08Sep2026 17:02:47.029] [Server thread/DEBUG] [mixin/]: badpackets.mixins.json:MixinCustomPacketPayload_1 from mod badpackets->@Inject::badpackets_decode(Lnet/minecraft/network/FriendlyByteBuf;Lorg/spongepowered/asm/mixin/injection/callback/CallbackInfoReturnable;Lnet/minecraft/resources/ResourceLocation;)V does use it's CallbackInfoReturnable
[08Sep2026 17:02:47.093] [Server thread/DEBUG] [mixin/]: Mixing entity.entities_stick_sublevels.packet_mixin.ClientboundTeleportEntityPacketMixin from sable.mixins.json into net.minecraft.network.protocol.game.ClientboundTeleportEntityPacket
[08Sep2026 17:02:47.094] [Server thread/DEBUG] [mixin/]: sable.mixins.json:entity.entities_stick_sublevels.packet_mixin.ClientboundTeleportEntityPacketMixin from mod sable->@Inject::sable$readActuallyInSubLevel(Lnet/minecraft/network/FriendlyByteBuf;Lorg/spongepowered/asm/mixin/injection/callback/CallbackInfo;)V doesn't use it's CallbackInfo
[08Sep2026 17:02:47.094] [Server thread/DEBUG] [mixin/]: sable.mixins.json:entity.entities_stick_sublevels.packet_mixin.ClientboundTeleportEntityPacketMixin from mod sable->@Inject::sable$readActuallyInSubLevel(Lnet/minecraft/network/FriendlyByteBuf;Lorg/spongepowered/asm/mixin/injection/callback/CallbackInfo;)V has 0 override(s) in child classes
[08Sep2026 17:02:47.094] [Server thread/DEBUG] [mixin/]: sable.mixins.json:entity.entities_stick_sublevels.packet_mixin.ClientboundTeleportEntityPacketMixin from mod sable->@Inject::sable$readActuallyInSubLevel(Lnet/minecraft/network/FriendlyByteBuf;Lorg/spongepowered/asm/mixin/injection/callback/CallbackInfo;)V won't be passed a CallbackInfo as a result
[08Sep2026 17:02:47.094] [Server thread/DEBUG] [mixin/]: sable.mixins.json:entity.entities_stick_sublevels.packet_mixin.ClientboundTeleportEntityPacketMixin from mod sable->@Inject::sable$writeActuallyInSubLevel(Lnet/minecraft/network/FriendlyByteBuf;Lorg/spongepowered/asm/mixin/injection/callback/CallbackInfo;)V doesn't use it's CallbackInfo
[08Sep2026 17:02:47.094] [Server thread/DEBUG] [mixin/]: sable.mixins.json:entity.entities_stick_sublevels.packet_mixin.ClientboundTeleportEntityPacketMixin from mod sable->@Inject::sable$writeActuallyInSubLevel(Lnet/minecraft/network/FriendlyByteBuf;Lorg/spongepowered/asm/mixin/injection/callback/CallbackInfo;)V has 0 override(s) in child classes
[08Sep2026 17:02:47.094] [Server thread/DEBUG] [mixin/]: sable.mixins.json:entity.entities_stick_sublevels.packet_mixin.ClientboundTeleportEntityPacketMixin from mod sable->@Inject::sable$writeActuallyInSubLevel(Lnet/minecraft/network/FriendlyByteBuf;Lorg/spongepowered/asm/mixin/injection/callback/CallbackInfo;)V won't be passed a CallbackInfo as a result
[08Sep2026 17:02:47.145] [Server thread/DEBUG] [mixin/]: Mixing sable_hooks.SableCommonEventsMixin from aeronautics.mixins.json into dev.ryanhcode.sable.SableCommonEvents
[08Sep2026 17:02:47.145] [Server thread/DEBUG] [mixin/]: aeronautics.mixins.json:sable_hooks.SableCommonEventsMixin from mod aeronautics: Class version 65 required is higher than the class version supported by the current version of Mixin (JAVA_18 supports class version 62)
[08Sep2026 17:02:47.145] [Server thread/DEBUG] [mixin/]: Mixing sable_hooks.SableCommonEventsMixin from simulated.mixins.json into dev.ryanhcode.sable.SableCommonEvents
[08Sep2026 17:02:47.145] [Server thread/DEBUG] [mixin/]: aeronautics.mixins.json:sable_hooks.SableCommonEventsMixin from mod aeronautics->@Inject::onBlockChange(Lnet/minecraft/server/level/ServerLevel;Lnet/minecraft/world/level/chunk/LevelChunk;IIILnet/minecraft/world/level/block/state/BlockState;Lnet/minecraft/world/level/block/state/BlockState;Lorg/spongepowered/asm/mixin/injection/callback/CallbackInfo;)V doesn't use it's CallbackInfo
[08Sep2026 17:02:47.146] [Server thread/DEBUG] [mixin/]: simulated.mixins.json:sable_hooks.SableCommonEventsMixin from mod simulated->@Inject::onBlockChange(Lnet/minecraft/server/level/ServerLevel;Lnet/minecraft/world/level/chunk/LevelChunk;IIILnet/minecraft/world/level/block/state/BlockState;Lnet/minecraft/world/level/block/state/BlockState;Lorg/spongepowered/asm/mixin/injection/callback/CallbackInfo;)V doesn't use it's CallbackInfo
[08Sep2026 17:02:47.552] [Server thread/DEBUG] [mixin/]: Mixing BeehiveBlockEntity$BeeDataAccess from wthit.mixins.json into net.minecraft.world.level.block.entity.BeehiveBlockEntity$BeeData
[08Sep2026 17:02:47.552] [Server thread/DEBUG] [mixin/]: wthit.mixins.json:BeehiveBlockEntity$BeeDataAccess from mod wthit: Class version 65 required is higher than the class version supported by the current version of Mixin (JAVA_16 supports class version 60)
[08Sep2026 17:03:53.943] [Netty Server IO #2/DEBUG] [io.netty.util.Recycler/]: -Dio.netty.recycler.maxCapacityPerThread: 4096
[08Sep2026 17:03:53.944] [Netty Server IO #2/DEBUG] [io.netty.util.Recycler/]: -Dio.netty.recycler.ratio: 8
[08Sep2026 17:03:53.944] [Netty Server IO #2/DEBUG] [io.netty.util.Recycler/]: -Dio.netty.recycler.chunkSize: 32
[08Sep2026 17:03:53.944] [Netty Server IO #2/DEBUG] [io.netty.util.Recycler/]: -Dio.netty.recycler.blocking: false
[08Sep2026 17:03:53.944] [Netty Server IO #2/DEBUG] [io.netty.util.Recycler/]: -Dio.netty.recycler.batchFastThreadLocalOnly: true
[08Sep2026 17:04:47.085] [User Authenticator #1/INFO] [net.minecraft.server.network.ServerLoginPacketListenerImpl/]: UUID of player MainBlaine is 364d3aaa-fb1e-4fda-b9e6-cddafe37ea26
[08Sep2026 17:04:47.190] [Netty Server IO #5/DEBUG] [mixin/]: Mixing MixinServerConfigurationPacketListenerImpl from badpackets.mixins.json into net.minecraft.server.network.ServerConfigurationPacketListenerImpl
[08Sep2026 17:04:47.190] [Netty Server IO #5/DEBUG] [mixin/]: badpackets.mixins.json:MixinServerConfigurationPacketListenerImpl from mod badpackets: Class version 65 required is higher than the class version supported by the current version of Mixin (JAVA_16 supports class version 60)
[08Sep2026 17:04:47.194] [Netty Server IO #5/DEBUG] [mixin/]: badpackets.mixins.json:MixinServerConfigurationPacketListenerImpl from mod badpackets->@Inject::badpackets_createPacketHandler(Lnet/minecraft/server/MinecraftServer;Lnet/minecraft/network/Connection;Lnet/minecraft/server/network/CommonListenerCookie;Lorg/spongepowered/asm/mixin/injection/callback/CallbackInfo;)V doesn't use it's CallbackInfo
[08Sep2026 17:04:47.194] [Netty Server IO #5/DEBUG] [mixin/]: badpackets.mixins.json:MixinServerConfigurationPacketListenerImpl from mod badpackets->@Inject::badpackets_createPacketHandler(Lnet/minecraft/server/MinecraftServer;Lnet/minecraft/network/Connection;Lnet/minecraft/server/network/CommonListenerCookie;Lorg/spongepowered/asm/mixin/injection/callback/CallbackInfo;)V has 0 override(s) in child classes
[08Sep2026 17:04:47.194] [Netty Server IO #5/DEBUG] [mixin/]: badpackets.mixins.json:MixinServerConfigurationPacketListenerImpl from mod badpackets->@Inject::badpackets_createPacketHandler(Lnet/minecraft/server/MinecraftServer;Lnet/minecraft/network/Connection;Lnet/minecraft/server/network/CommonListenerCookie;Lorg/spongepowered/asm/mixin/injection/callback/CallbackInfo;)V won't be passed a CallbackInfo as a result
[08Sep2026 17:04:47.194] [Netty Server IO #5/DEBUG] [mixin/]: badpackets.mixins.json:MixinServerConfigurationPacketListenerImpl from mod badpackets->@Inject::badpackets_initPacketHandler(Lorg/spongepowered/asm/mixin/injection/callback/CallbackInfo;)V doesn't use it's CallbackInfo
[08Sep2026 17:04:47.194] [Netty Server IO #5/DEBUG] [mixin/]: badpackets.mixins.json:MixinServerConfigurationPacketListenerImpl from mod badpackets->@Inject::badpackets_initPacketHandler(Lorg/spongepowered/asm/mixin/injection/callback/CallbackInfo;)V has 0 override(s) in child classes
[08Sep2026 17:04:47.194] [Netty Server IO #5/DEBUG] [mixin/]: badpackets.mixins.json:MixinServerConfigurationPacketListenerImpl from mod badpackets->@Inject::badpackets_initPacketHandler(Lorg/spongepowered/asm/mixin/injection/callback/CallbackInfo;)V won't be passed a CallbackInfo as a result
[08Sep2026 17:04:47.194] [Netty Server IO #5/DEBUG] [mixin/]: badpackets.mixins.json:MixinServerConfigurationPacketListenerImpl from mod badpackets->@Inject::badpackets_attachCustomTaskContext(Lorg/spongepowered/asm/mixin/injection/callback/CallbackInfo;Lnet/minecraft/server/network/ConfigurationTask;)V doesn't use it's CallbackInfo
[08Sep2026 17:04:47.194] [Netty Server IO #5/DEBUG] [mixin/]: badpackets.mixins.json:MixinServerConfigurationPacketListenerImpl from mod badpackets->@Inject::badpackets_attachCustomTaskContext(Lorg/spongepowered/asm/mixin/injection/callback/CallbackInfo;Lnet/minecraft/server/network/ConfigurationTask;)V has 0 override(s) in child classes
[08Sep2026 17:04:47.194] [Netty Server IO #5/DEBUG] [mixin/]: badpackets.mixins.json:MixinServerConfigurationPacketListenerImpl from mod badpackets->@Inject::badpackets_attachCustomTaskContext(Lorg/spongepowered/asm/mixin/injection/callback/CallbackInfo;Lnet/minecraft/server/network/ConfigurationTask;)V won't be passed a CallbackInfo as a result
[08Sep2026 17:04:47.194] [Netty Server IO #5/DEBUG] [mixin/]: badpackets.mixins.json:MixinServerConfigurationPacketListenerImpl from mod badpackets->@Inject::badpackets_detachCustomTaskContext(Lnet/minecraft/server/network/ConfigurationTask$Type;Lorg/spongepowered/asm/mixin/injection/callback/CallbackInfo;)V doesn't use it's CallbackInfo
[08Sep2026 17:04:47.194] [Netty Server IO #5/DEBUG] [mixin/]: badpackets.mixins.json:MixinServerConfigurationPacketListenerImpl from mod badpackets->@Inject::badpackets_detachCustomTaskContext(Lnet/minecraft/server/network/ConfigurationTask$Type;Lorg/spongepowered/asm/mixin/injection/callback/CallbackInfo;)V has 0 override(s) in child classes
[08Sep2026 17:04:47.194] [Netty Server IO #5/DEBUG] [mixin/]: badpackets.mixins.json:MixinServerConfigurationPacketListenerImpl from mod badpackets->@Inject::badpackets_detachCustomTaskContext(Lnet/minecraft/server/network/ConfigurationTask$Type;Lorg/spongepowered/asm/mixin/injection/callback/CallbackInfo;)V won't be passed a CallbackInfo as a result
[08Sep2026 17:04:47.235] [Netty Server IO #5/DEBUG] [net.neoforged.neoforge.network.filters.NetworkFilters/]: Injected net.neoforged.neoforge.network.filters.GenericPacketSplitter@6aa8dadd into net.minecraft.network.Connection@489d91fd
[08Sep2026 17:04:48.914] [Server thread/DEBUG] [mixin/]: Mixing entity.entities_stick_sublevels.player.ServerboundMovePlayerPacketMixin from sable.mixins.json into net.minecraft.network.protocol.game.ServerboundMovePlayerPacket
[08Sep2026 17:04:48.983] [Netty Server IO #5/DEBUG] [net.neoforged.neoforge.network.filters.NetworkFilters/]: Injected net.neoforged.neoforge.network.filters.GenericPacketSplitter@2b6bf3e3 into net.minecraft.network.Connection@489d91fd
[08Sep2026 17:04:49.137] [Server thread/INFO] [net.minecraft.server.players.PlayerList/]: MainBlaine[/127.0.0.1:2459] logged in with entity id 133 at (997.765200791706, 97.0, 8484.424273724588)
[08Sep2026 17:04:49.138] [Server thread/INFO] [dev.ryanhcode.sable.Sable/]: Beginning attempted authentication with player MainBlaine
[08Sep2026 17:04:49.226] [Server thread/INFO] [net.minecraft.server.MinecraftServer/]: MainBlaine joined the game
[08Sep2026 17:04:50.002] [Server thread/DEBUG] [mixin/]: Mixing sculk_vibrations.VibrationSystemTickerMixin from sable.mixins.json into net.minecraft.world.level.gameevent.vibrations.VibrationSystem$Ticker
[08Sep2026 17:04:50.213] [Server thread/DEBUG] [mixin/]: Mixing compatibility.create.schematics.StructureTemplateMixin from sable-neoforge.mixins.json into net.minecraft.world.level.levelgen.structure.templatesystem.StructureTemplate
[08Sep2026 17:04:50.214] [Server thread/DEBUG] [mixin/]: Renaming synthetic method lambda$fillEntityList$0(Ldev/ryanhcode/sable/ActiveSableCompanion;Ldev/ryanhcode/sable/sublevel/SubLevel;Lnet/minecraft/world/entity/Entity;)Z to md9b259f$sable$lambda$fillEntityList$0$0 in sable-neoforge.mixins.json:compatibility.create.schematics.StructureTemplateMixin from mod sable
[08Sep2026 17:04:50.218] [Server thread/DEBUG] [mixin/]: sable-neoforge.mixins.json:compatibility.create.schematics.StructureTemplateMixin from mod sable->@Inject::sable$load(Lnet/minecraft/core/HolderGetter;Lnet/minecraft/nbt/CompoundTag;Lorg/spongepowered/asm/mixin/injection/callback/CallbackInfo;)V doesn't use it's CallbackInfo
[08Sep2026 17:04:50.218] [Server thread/DEBUG] [mixin/]: sable-neoforge.mixins.json:compatibility.create.schematics.StructureTemplateMixin from mod sable->@Inject::sable$load(Lnet/minecraft/core/HolderGetter;Lnet/minecraft/nbt/CompoundTag;Lorg/spongepowered/asm/mixin/injection/callback/CallbackInfo;)V has 0 override(s) in child classes
[08Sep2026 17:04:50.218] [Server thread/DEBUG] [mixin/]: sable-neoforge.mixins.json:compatibility.create.schematics.StructureTemplateMixin from mod sable->@Inject::sable$load(Lnet/minecraft/core/HolderGetter;Lnet/minecraft/nbt/CompoundTag;Lorg/spongepowered/asm/mixin/injection/callback/CallbackInfo;)V won't be passed a CallbackInfo as a result
[08Sep2026 17:04:50.218] [Server thread/DEBUG] [mixin/]: sable-neoforge.mixins.json:compatibility.create.schematics.StructureTemplateMixin from mod sable->@Inject::fillEntityList(Lnet/minecraft/world/level/Level;Lnet/minecraft/core/BlockPos;Lnet/minecraft/core/BlockPos;Lorg/spongepowered/asm/mixin/injection/callback/CallbackInfo;)V doesn't use it's CallbackInfo
[08Sep2026 17:04:50.218] [Server thread/DEBUG] [mixin/]: sable-neoforge.mixins.json:compatibility.create.schematics.StructureTemplateMixin from mod sable->@Inject::fillEntityList(Lnet/minecraft/world/level/Level;Lnet/minecraft/core/BlockPos;Lnet/minecraft/core/BlockPos;Lorg/spongepowered/asm/mixin/injection/callback/CallbackInfo;)V has 0 override(s) in child classes
[08Sep2026 17:04:50.218] [Server thread/DEBUG] [mixin/]: sable-neoforge.mixins.json:compatibility.create.schematics.StructureTemplateMixin from mod sable->@Inject::fillEntityList(Lnet/minecraft/world/level/Level;Lnet/minecraft/core/BlockPos;Lnet/minecraft/core/BlockPos;Lorg/spongepowered/asm/mixin/injection/callback/CallbackInfo;)V won't be passed a CallbackInfo as a result
[08Sep2026 17:05:08.543] [Netty Server IO #0/INFO] [dev.ryanhcode.sable.Sable/]: UDP authentication complete with /127.0.0.1:2459, UDP routing to /127.0.0.1:63833
[08Sep2026 17:07:46.326] [Server thread/INFO] [dev.ryanhcode.sable.Sable/]: Saving sub-levels for level 'ServerLevel[Create2024]'/minecraft:overworld
[08Sep2026 17:07:46.465] [Server thread/INFO] [dev.ryanhcode.sable.Sable/]: Saving sub-levels for level 'ServerLevel[Create2024]'/minecraft:the_end
[08Sep2026 17:07:46.466] [Server thread/INFO] [dev.ryanhcode.sable.Sable/]: Saving sub-levels for level 'ServerLevel[Create2024]'/minecraft:the_nether
[08Sep2026 17:07:46.468] [Server thread/DEBUG] [net.neoforged.neoforge.common.CommonHooks/WP]: Gathered mod list to write to world save Create2024
[08Sep2026 17:08:49.029] [Server thread/DEBUG] [mcp.mobius.waila.registry.RegistryFilter/]: [WTHIT] Start filter for minecraft:block
[08Sep2026 17:08:49.030] [Server thread/DEBUG] [mcp.mobius.waila.registry.RegistryFilter/]: [WTHIT] 	Negate: false, Tag      : #waila:extra/energy_blacklist
[08Sep2026 17:08:49.031] [Server thread/DEBUG] [mcp.mobius.waila.registry.RegistryFilter/]: [WTHIT] Finished in 1ms, id: 219730710
[08Sep2026 17:08:49.031] [Server thread/DEBUG] [mcp.mobius.waila.registry.RegistryFilter/]: [WTHIT] Start filter for minecraft:block_entity_type
[08Sep2026 17:08:49.031] [Server thread/DEBUG] [mcp.mobius.waila.registry.RegistryFilter/]: [WTHIT] 	Negate: false, Tag      : #waila:extra/energy_blacklist
[08Sep2026 17:08:49.031] [Server thread/DEBUG] [mcp.mobius.waila.registry.RegistryFilter/]: [WTHIT] Finished in 0ms, id: 1154790062
[08Sep2026 17:08:49.031] [Server thread/DEBUG] [mcp.mobius.waila.registry.RegistryFilter/]: [WTHIT] Start filter for minecraft:entity_type
[08Sep2026 17:08:49.031] [Server thread/DEBUG] [mcp.mobius.waila.registry.RegistryFilter/]: [WTHIT] 	Negate: false, Tag      : #waila:extra/energy_blacklist
[08Sep2026 17:08:49.031] [Server thread/DEBUG] [mcp.mobius.waila.registry.RegistryFilter/]: [WTHIT] Finished in 0ms, id: 1676959523
[08Sep2026 17:08:49.032] [Server thread/DEBUG] [mcp.mobius.waila.registry.RegistryFilter/]: [WTHIT] Start filter for minecraft:block
[08Sep2026 17:08:49.032] [Server thread/DEBUG] [mcp.mobius.waila.registry.RegistryFilter/]: [WTHIT] 	Negate: false, Tag      : #waila:extra/fluid_blacklist
[08Sep2026 17:08:49.032] [Server thread/DEBUG] [mcp.mobius.waila.registry.RegistryFilter/]: [WTHIT] Finished in 0ms, id: 687909192
[08Sep2026 17:08:49.032] [Server thread/DEBUG] [mcp.mobius.waila.registry.RegistryFilter/]: [WTHIT] Start filter for minecraft:block_entity_type
[08Sep2026 17:08:49.033] [Server thread/DEBUG] [mcp.mobius.waila.registry.RegistryFilter/]: [WTHIT] 	Negate: false, Tag      : #waila:extra/fluid_blacklist
[08Sep2026 17:08:49.033] [Server thread/DEBUG] [mcp.mobius.waila.registry.RegistryFilter/]: [WTHIT] Finished in 0ms, id: 1038892392
[08Sep2026 17:08:49.033] [Server thread/DEBUG] [mcp.mobius.waila.registry.RegistryFilter/]: [WTHIT] Start filter for minecraft:entity_type
[08Sep2026 17:08:49.033] [Server thread/DEBUG] [mcp.mobius.waila.registry.RegistryFilter/]: [WTHIT] 	Negate: false, Tag      : #waila:extra/fluid_blacklist
[08Sep2026 17:08:49.033] [Server thread/DEBUG] [mcp.mobius.waila.registry.RegistryFilter/]: [WTHIT] Finished in 0ms, id: 1484393972
[08Sep2026 17:08:49.034] [Server thread/DEBUG] [mcp.mobius.waila.registry.RegistryFilter/]: [WTHIT] Start filter for minecraft:block
[08Sep2026 17:08:49.034] [Server thread/DEBUG] [mcp.mobius.waila.registry.RegistryFilter/]: [WTHIT] 	Negate: false, Tag      : #waila:extra/item_blacklist
[08Sep2026 17:08:49.034] [Server thread/DEBUG] [mcp.mobius.waila.registry.RegistryFilter/]: [WTHIT] Finished in 0ms, id: 2067440674
[08Sep2026 17:08:49.034] [Server thread/DEBUG] [mcp.mobius.waila.registry.RegistryFilter/]: [WTHIT] Start filter for minecraft:block_entity_type
[08Sep2026 17:08:49.034] [Server thread/DEBUG] [mcp.mobius.waila.registry.RegistryFilter/]: [WTHIT] 	Negate: false, Tag      : #waila:extra/item_blacklist
[08Sep2026 17:08:49.034] [Server thread/DEBUG] [mcp.mobius.waila.registry.RegistryFilter/]: [WTHIT] Finished in 0ms, id: 1655473180
[08Sep2026 17:08:49.034] [Server thread/DEBUG] [mcp.mobius.waila.registry.RegistryFilter/]: [WTHIT] Start filter for minecraft:entity_type
[08Sep2026 17:08:49.034] [Server thread/DEBUG] [mcp.mobius.waila.registry.RegistryFilter/]: [WTHIT] 	Negate: false, Tag      : #waila:extra/item_blacklist
[08Sep2026 17:08:49.034] [Server thread/DEBUG] [mcp.mobius.waila.registry.RegistryFilter/]: [WTHIT] Finished in 0ms, id: 1703385952
[08Sep2026 17:08:49.036] [Server thread/DEBUG] [mcp.mobius.waila.registry.RegistryFilter/]: [WTHIT] Start filter for minecraft:block
[08Sep2026 17:08:49.036] [Server thread/DEBUG] [mcp.mobius.waila.registry.RegistryFilter/]: [WTHIT] 	Negate: false, Tag      : #waila:extra/progress_blacklist
[08Sep2026 17:08:49.036] [Server thread/DEBUG] [mcp.mobius.waila.registry.RegistryFilter/]: [WTHIT] Finished in 0ms, id: 14155609
[08Sep2026 17:08:49.036] [Server thread/DEBUG] [mcp.mobius.waila.registry.RegistryFilter/]: [WTHIT] Start filter for minecraft:block_entity_type
[08Sep2026 17:08:49.036] [Server thread/DEBUG] [mcp.mobius.waila.registry.RegistryFilter/]: [WTHIT] 	Negate: false, Tag      : #waila:extra/progress_blacklist
[08Sep2026 17:08:49.036] [Server thread/DEBUG] [mcp.mobius.waila.registry.RegistryFilter/]: [WTHIT] Finished in 0ms, id: 64405727
[08Sep2026 17:08:49.036] [Server thread/DEBUG] [mcp.mobius.waila.registry.RegistryFilter/]: [WTHIT] Start filter for minecraft:entity_type
[08Sep2026 17:08:49.036] [Server thread/DEBUG] [mcp.mobius.waila.registry.RegistryFilter/]: [WTHIT] 	Negate: false, Tag      : #waila:extra/progress_blacklist
[08Sep2026 17:08:49.036] [Server thread/DEBUG] [mcp.mobius.waila.registry.RegistryFilter/]: [WTHIT] Finished in 0ms, id: 1388896845
[08Sep2026 17:11:21.164] [Server thread/INFO] [journeymap/]: MainBlaine teleported to -199.5 69.0 -1.5 minecraft:overworld
[08Sep2026 17:11:21.174] [Server thread/WARN] [net.minecraft.server.network.ServerGamePacketListenerImpl/]: MainBlaine moved too quickly! -1192.6305505560158,-27.9375,-8483.935614786264
[08Sep2026 17:11:22.509] [Server thread/DEBUG] [mixin/]: Mixing propeller_collision.ContraptionColliderMixin from aeronautics.mixins.json into com.simibubi.create.content.contraptions.ContraptionCollider
[08Sep2026 17:11:22.510] [Server thread/DEBUG] [mixin/]: aeronautics.mixins.json:propeller_collision.ContraptionColliderMixin from mod aeronautics: Class version 65 required is higher than the class version supported by the current version of Mixin (JAVA_18 supports class version 62)
[08Sep2026 17:11:22.522] [Server thread/DEBUG] [mixin/]: Mixing compatibility.create.contraptions.ContraptionColliderMixin from sable-neoforge.mixins.json into com.simibubi.create.content.contraptions.ContraptionCollider
[08Sep2026 17:11:22.640] [Server thread/DEBUG] [mixin/]: aeronautics.mixins.json:propeller_collision.ContraptionColliderMixin from mod aeronautics->@Inject::sable$removeInitialDeltaMovement(Lorg/spongepowered/asm/mixin/injection/callback/CallbackInfo;)V doesn't use it's CallbackInfo
[08Sep2026 17:11:22.641] [Server thread/DEBUG] [mixin/]: aeronautics.mixins.json:propeller_collision.ContraptionColliderMixin from mod aeronautics->@Inject::sable$saveInitialDeltaMovement(Lorg/spongepowered/asm/mixin/injection/callback/CallbackInfo;)V doesn't use it's CallbackInfo
[08Sep2026 17:11:22.641] [Server thread/DEBUG] [mixin/]: aeronautics.mixins.json:propeller_collision.ContraptionColliderMixin from mod aeronautics->@Inject::sable$saveInitialDeltaMovement(Lorg/spongepowered/asm/mixin/injection/callback/CallbackInfo;)V doesn't use it's CallbackInfo
[08Sep2026 17:11:22.641] [Server thread/DEBUG] [mixin/]: aeronautics.mixins.json:propeller_collision.ContraptionColliderMixin from mod aeronautics->@Inject::sable$saveInitialDeltaMovement(Lorg/spongepowered/asm/mixin/injection/callback/CallbackInfo;)V doesn't use it's CallbackInfo
[08Sep2026 17:11:22.641] [Server thread/DEBUG] [mixin/]: aeronautics.mixins.json:propeller_collision.ContraptionColliderMixin from mod aeronautics->@Inject::sable$saveInitialDeltaMovement(Lorg/spongepowered/asm/mixin/injection/callback/CallbackInfo;)V doesn't use it's CallbackInfo
[08Sep2026 17:11:22.641] [Server thread/DEBUG] [mixin/]: aeronautics.mixins.json:propeller_collision.ContraptionColliderMixin from mod aeronautics->@Inject::sable$saveInitialDeltaMovement(Lorg/spongepowered/asm/mixin/injection/callback/CallbackInfo;)V doesn't use it's CallbackInfo
[08Sep2026 17:11:23.833] [Server thread/DEBUG] [mixin/]: Mixing compatibility.create.contraptions.Matrix3dAccessor from sable-neoforge.mixins.json into com.simibubi.create.foundation.collision.Matrix3d
[08Sep2026 17:11:34.254] [Server thread/DEBUG] [mixin/]: Mixing compatibility.create.belt.BeltMovementHandlerMixin from sable-neoforge.mixins.json into com.simibubi.create.content.kinetics.belt.transport.BeltMovementHandler
[08Sep2026 17:11:34.272] [Server thread/DEBUG] [mixin/]: sable-neoforge.mixins.json:compatibility.create.belt.BeltMovementHandlerMixin from mod sable->@Inject::sable$maxUpStep(Lcom/simibubi/create/content/kinetics/belt/BeltBlockEntity;Lnet/minecraft/world/entity/Entity;Lcom/simibubi/create/content/kinetics/belt/transport/BeltMovementHandler$TransportedEntityInfo;Lorg/spongepowered/asm/mixin/injection/callback/CallbackInfo;)V doesn't use it's CallbackInfo
[08Sep2026 17:12:43.295] [Server thread/DEBUG] [cpw.mods.inventorysorter.InventorySorter/]: Got action SORT slot 26
[08Sep2026 17:12:43.299] [Server thread/DEBUG] [cpw.mods.inventorysorter.InventorySorter/]: Slot mapping {[]=InventoryMapping{i=[], c=net.minecraft.world.inventory.InventoryMenu@7cc32409, b=45, e=45}, net.minecraft.world.inventory.ResultContainer@6d55643=InventoryMapping{i=net.minecraft.world.inventory.ResultContainer@6d55643, c=net.minecraft.world.inventory.InventoryMenu@7cc32409, b=0, e=0}, []=InventoryMapping{i=[], c=net.minecraft.world.inventory.InventoryMenu@7cc32409, b=9, e=35}, []=InventoryMapping{i=[], c=net.minecraft.world.inventory.InventoryMenu@7cc32409, b=36, e=44}, net.minecraft.world.inventory.TransientCraftingContainer@5cdb3414=InventoryMapping{i=net.minecraft.world.inventory.TransientCraftingContainer@5cdb3414, c=net.minecraft.world.inventory.InventoryMenu@7cc32409, b=1, e=4}}
[08Sep2026 17:12:43.299] [Server thread/DEBUG] [cpw.mods.inventorysorter.InventorySorter/]: Action slot InventoryMapping{i=[], c=net.minecraft.world.inventory.InventoryMenu@7cc32409, b=9, e=35}
[08Sep2026 17:12:46.270] [Server thread/INFO] [dev.ryanhcode.sable.Sable/]: Saving sub-levels for level 'ServerLevel[Create2024]'/minecraft:overworld
[08Sep2026 17:12:46.335] [Server thread/INFO] [dev.ryanhcode.sable.Sable/]: Saving sub-levels for level 'ServerLevel[Create2024]'/minecraft:the_end
[08Sep2026 17:12:46.336] [Server thread/INFO] [dev.ryanhcode.sable.Sable/]: Saving sub-levels for level 'ServerLevel[Create2024]'/minecraft:the_nether
[08Sep2026 17:12:46.336] [Server thread/DEBUG] [net.neoforged.neoforge.common.CommonHooks/WP]: Gathered mod list to write to world save Create2024
[08Sep2026 17:12:52.404] [Server thread/DEBUG] [cpw.mods.inventorysorter.InventorySorter/]: Got action SORT slot 49
[08Sep2026 17:12:52.405] [Server thread/DEBUG] [cpw.mods.inventorysorter.InventorySorter/]: Slot mapping {[]=InventoryMapping{i=[], c=net.minecraft.world.inventory.ChestMenu@7ad5fef9, b=27, e=53}, []=InventoryMapping{i=[], c=net.minecraft.world.inventory.ChestMenu@7ad5fef9, b=54, e=62}, net.minecraft.world.level.block.entity.BarrelBlockEntity@18e174ce=InventoryMapping{i=net.minecraft.world.level.block.entity.BarrelBlockEntity@18e174ce, c=net.minecraft.world.inventory.ChestMenu@7ad5fef9, b=0, e=26}}
[08Sep2026 17:12:52.405] [Server thread/DEBUG] [cpw.mods.inventorysorter.InventorySorter/]: Action slot InventoryMapping{i=[], c=net.minecraft.world.inventory.ChestMenu@7ad5fef9, b=27, e=53}
[08Sep2026 17:13:06.713] [Server thread/DEBUG] [cpw.mods.inventorysorter.InventorySorter/]: Got action SORT slot 42
[08Sep2026 17:13:06.714] [Server thread/DEBUG] [cpw.mods.inventorysorter.InventorySorter/]: Slot mapping {net.minecraft.world.CompoundContainer@2d8588c3=InventoryMapping{i=net.minecraft.world.CompoundContainer@2d8588c3, c=net.minecraft.world.inventory.ChestMenu@1e2b2f2a, b=0, e=53}, []=InventoryMapping{i=[], c=net.minecraft.world.inventory.ChestMenu@1e2b2f2a, b=54, e=80}, []=InventoryMapping{i=[], c=net.minecraft.world.inventory.ChestMenu@1e2b2f2a, b=81, e=89}}
[08Sep2026 17:13:06.714] [Server thread/DEBUG] [cpw.mods.inventorysorter.InventorySorter/]: Action slot InventoryMapping{i=net.minecraft.world.CompoundContainer@2d8588c3, c=net.minecraft.world.inventory.ChestMenu@1e2b2f2a, b=0, e=53}
[08Sep2026 17:14:04.905] [Server thread/DEBUG] [cpw.mods.inventorysorter.InventorySorter/]: Got action SORT slot 14
[08Sep2026 17:14:04.905] [Server thread/DEBUG] [cpw.mods.inventorysorter.InventorySorter/]: Slot mapping {[]=InventoryMapping{i=[], c=net.minecraft.world.inventory.ChestMenu@110aebc3, b=54, e=80}, net.minecraft.world.CompoundContainer@7f37e04c=InventoryMapping{i=net.minecraft.world.CompoundContainer@7f37e04c, c=net.minecraft.world.inventory.ChestMenu@110aebc3, b=0, e=53}, []=InventoryMapping{i=[], c=net.minecraft.world.inventory.ChestMenu@110aebc3, b=81, e=89}}
[08Sep2026 17:14:04.905] [Server thread/DEBUG] [cpw.mods.inventorysorter.InventorySorter/]: Action slot InventoryMapping{i=net.minecraft.world.CompoundContainer@7f37e04c, c=net.minecraft.world.inventory.ChestMenu@110aebc3, b=0, e=53}
[08Sep2026 17:14:08.912] [Server thread/DEBUG] [cpw.mods.inventorysorter.InventorySorter/]: Got action SORT slot 51
[08Sep2026 17:14:08.912] [Server thread/DEBUG] [cpw.mods.inventorysorter.InventorySorter/]: Slot mapping {[]=InventoryMapping{i=[], c=net.minecraft.world.inventory.ChestMenu@110aebc3, b=54, e=80}, net.minecraft.world.CompoundContainer@7f37e04c=InventoryMapping{i=net.minecraft.world.CompoundContainer@7f37e04c, c=net.minecraft.world.inventory.ChestMenu@110aebc3, b=0, e=53}, []=InventoryMapping{i=[], c=net.minecraft.world.inventory.ChestMenu@110aebc3, b=81, e=89}}
[08Sep2026 17:14:08.912] [Server thread/DEBUG] [cpw.mods.inventorysorter.InventorySorter/]: Action slot InventoryMapping{i=net.minecraft.world.CompoundContainer@7f37e04c, c=net.minecraft.world.inventory.ChestMenu@110aebc3, b=0, e=53}
[08Sep2026 17:14:09.166] [Server thread/DEBUG] [cpw.mods.inventorysorter.InventorySorter/]: Got action SORT slot 51
[08Sep2026 17:14:09.166] [Server thread/DEBUG] [cpw.mods.inventorysorter.InventorySorter/]: Slot mapping {[]=InventoryMapping{i=[], c=net.minecraft.world.inventory.ChestMenu@110aebc3, b=54, e=80}, net.minecraft.world.CompoundContainer@7f37e04c=InventoryMapping{i=net.minecraft.world.CompoundContainer@7f37e04c, c=net.minecraft.world.inventory.ChestMenu@110aebc3, b=0, e=53}, []=InventoryMapping{i=[], c=net.minecraft.world.inventory.ChestMenu@110aebc3, b=81, e=89}}
[08Sep2026 17:14:09.167] [Server thread/DEBUG] [cpw.mods.inventorysorter.InventorySorter/]: Action slot InventoryMapping{i=net.minecraft.world.CompoundContainer@7f37e04c, c=net.minecraft.world.inventory.ChestMenu@110aebc3, b=0, e=53}
[08Sep2026 17:16:48.371] [Server thread/DEBUG] [cpw.mods.inventorysorter.InventorySorter/]: Got action SORT slot 33
[08Sep2026 17:16:48.371] [Server thread/DEBUG] [cpw.mods.inventorysorter.InventorySorter/]: Slot mapping {[]=InventoryMapping{i=[], c=net.minecraft.world.inventory.InventoryMenu@7cc32409, b=45, e=45}, net.minecraft.world.inventory.ResultContainer@6d55643=InventoryMapping{i=net.minecraft.world.inventory.ResultContainer@6d55643, c=net.minecraft.world.inventory.InventoryMenu@7cc32409, b=0, e=0}, []=InventoryMapping{i=[], c=net.minecraft.world.inventory.InventoryMenu@7cc32409, b=9, e=35}, []=InventoryMapping{i=[], c=net.minecraft.world.inventory.InventoryMenu@7cc32409, b=36, e=44}, net.minecraft.world.inventory.TransientCraftingContainer@5cdb3414=InventoryMapping{i=net.minecraft.world.inventory.TransientCraftingContainer@5cdb3414, c=net.minecraft.world.inventory.InventoryMenu@7cc32409, b=1, e=4}}
[08Sep2026 17:16:48.371] [Server thread/DEBUG] [cpw.mods.inventorysorter.InventorySorter/]: Action slot InventoryMapping{i=[], c=net.minecraft.world.inventory.InventoryMenu@7cc32409, b=9, e=35}
[08Sep2026 17:17:46.261] [Server thread/INFO] [dev.ryanhcode.sable.Sable/]: Saving sub-levels for level 'ServerLevel[Create2024]'/minecraft:overworld
[08Sep2026 17:17:46.298] [Server thread/INFO] [dev.ryanhcode.sable.Sable/]: Saving sub-levels for level 'ServerLevel[Create2024]'/minecraft:the_end
[08Sep2026 17:17:46.299] [Server thread/INFO] [dev.ryanhcode.sable.Sable/]: Saving sub-levels for level 'ServerLevel[Create2024]'/minecraft:the_nether
[08Sep2026 17:17:46.320] [Server thread/DEBUG] [net.neoforged.neoforge.common.CommonHooks/WP]: Gathered mod list to write to world save Create2024
[08Sep2026 17:18:53.117] [Server thread/DEBUG] [cpw.mods.inventorysorter.InventorySorter/]: Got action SORT slot 25
[08Sep2026 17:18:53.117] [Server thread/DEBUG] [cpw.mods.inventorysorter.InventorySorter/]: Slot mapping {net.minecraft.world.CompoundContainer@6f950332=InventoryMapping{i=net.minecraft.world.CompoundContainer@6f950332, c=net.minecraft.world.inventory.ChestMenu@22daf1cc, b=0, e=53}, []=InventoryMapping{i=[], c=net.minecraft.world.inventory.ChestMenu@22daf1cc, b=54, e=80}, []=InventoryMapping{i=[], c=net.minecraft.world.inventory.ChestMenu@22daf1cc, b=81, e=89}}
[08Sep2026 17:18:53.117] [Server thread/DEBUG] [cpw.mods.inventorysorter.InventorySorter/]: Action slot InventoryMapping{i=net.minecraft.world.CompoundContainer@6f950332, c=net.minecraft.world.inventory.ChestMenu@22daf1cc, b=0, e=53}
[08Sep2026 17:19:24.621] [Netty Server IO #6/ERROR] [net.minecraft.network.PacketEncoder/]: Error sending packet clientbound/minecraft:disconnect
io.netty.handler.codec.EncoderException: Sending unknown packet 'clientbound/minecraft:disconnect'
	at TRANSFORMER/minecraft@1.21.1/net.minecraft.network.codec.IdDispatchCodec.encode(IdDispatchCodec.java:47) ~[server-1.21.1-20240808.144430-srg.jar%23131!/:?]
	at TRANSFORMER/minecraft@1.21.1/net.minecraft.network.codec.IdDispatchCodec.encode(IdDispatchCodec.java:14) ~[server-1.21.1-20240808.144430-srg.jar%23131!/:?]
	at TRANSFORMER/minecraft@1.21.1/net.minecraft.network.PacketEncoder.encode(PacketEncoder.java:24) ~[server-1.21.1-20240808.144430-srg.jar%23131!/:?]
	at TRANSFORMER/minecraft@1.21.1/net.minecraft.network.PacketEncoder.encode(PacketEncoder.java:12) ~[server-1.21.1-20240808.144430-srg.jar%23131!/:?]
	at MC-BOOTSTRAP/io.netty.codec@4.1.97.Final/io.netty.handler.codec.MessageToByteEncoder.write(MessageToByteEncoder.java:107) ~[netty-codec-4.1.97.Final.jar%23102!/:4.1.97.Final]
	at MC-BOOTSTRAP/io.netty.transport@4.1.97.Final/io.netty.channel.AbstractChannelHandlerContext.invokeWrite0(AbstractChannelHandlerContext.java:881) ~[netty-transport-4.1.97.Final.jar%23106!/:4.1.97.Final]
	at MC-BOOTSTRAP/io.netty.transport@4.1.97.Final/io.netty.channel.AbstractChannelHandlerContext.invokeWrite(AbstractChannelHandlerContext.java:863) ~[netty-transport-4.1.97.Final.jar%23106!/:4.1.97.Final]
	at MC-BOOTSTRAP/io.netty.transport@4.1.97.Final/io.netty.channel.AbstractChannelHandlerContext.write(AbstractChannelHandlerContext.java:968) ~[netty-transport-4.1.97.Final.jar%23106!/:4.1.97.Final]
	at MC-BOOTSTRAP/io.netty.transport@4.1.97.Final/io.netty.channel.AbstractChannelHandlerContext.write(AbstractChannelHandlerContext.java:856) ~[netty-transport-4.1.97.Final.jar%23106!/:4.1.97.Final]
	at MC-BOOTSTRAP/io.netty.transport@4.1.97.Final/io.netty.channel.ChannelOutboundHandlerAdapter.write(ChannelOutboundHandlerAdapter.java:113) ~[netty-transport-4.1.97.Final.jar%23106!/:4.1.97.Final]
	at TRANSFORMER/minecraft@1.21.1/net.minecraft.network.Connection$2.write(Connection.java:528) ~[server-1.21.1-20240808.144430-srg.jar%23131!/:?]
	at MC-BOOTSTRAP/io.netty.transport@4.1.97.Final/io.netty.channel.AbstractChannelHandlerContext.invokeWrite0(AbstractChannelHandlerContext.java:881) ~[netty-transport-4.1.97.Final.jar%23106!/:4.1.97.Final]
	at MC-BOOTSTRAP/io.netty.transport@4.1.97.Final/io.netty.channel.AbstractChannelHandlerContext.invokeWriteAndFlush(AbstractChannelHandlerContext.java:940) ~[netty-transport-4.1.97.Final.jar%23106!/:4.1.97.Final]
	at MC-BOOTSTRAP/io.netty.transport@4.1.97.Final/io.netty.channel.AbstractChannelHandlerContext.write(AbstractChannelHandlerContext.java:966) ~[netty-transport-4.1.97.Final.jar%23106!/:4.1.97.Final]
	at MC-BOOTSTRAP/io.netty.transport@4.1.97.Final/io.netty.channel.AbstractChannelHandlerContext.writeAndFlush(AbstractChannelHandlerContext.java:934) ~[netty-transport-4.1.97.Final.jar%23106!/:4.1.97.Final]
	at MC-BOOTSTRAP/io.netty.transport@4.1.97.Final/io.netty.channel.AbstractChannelHandlerContext.writeAndFlush(AbstractChannelHandlerContext.java:984) ~[netty-transport-4.1.97.Final.jar%23106!/:4.1.97.Final]
	at MC-BOOTSTRAP/io.netty.transport@4.1.97.Final/io.netty.channel.DefaultChannelPipeline.writeAndFlush(DefaultChannelPipeline.java:1025) ~[netty-transport-4.1.97.Final.jar%23106!/:4.1.97.Final]
	at MC-BOOTSTRAP/io.netty.transport@4.1.97.Final/io.netty.channel.AbstractChannel.writeAndFlush(AbstractChannel.java:306) ~[netty-transport-4.1.97.Final.jar%23106!/:4.1.97.Final]
	at TRANSFORMER/minecraft@1.21.1/net.minecraft.network.Connection.doSendPacket(Connection.java:364) ~[server-1.21.1-20240808.144430-srg.jar%23131!/:?]
	at TRANSFORMER/minecraft@1.21.1/net.minecraft.network.Connection.sendPacket(Connection.java:357) ~[server-1.21.1-20240808.144430-srg.jar%23131!/:?]
	at TRANSFORMER/minecraft@1.21.1/net.minecraft.network.Connection.send(Connection.java:339) ~[server-1.21.1-20240808.144430-srg.jar%23131!/:?]
	at TRANSFORMER/minecraft@1.21.1/net.minecraft.network.Connection.send(Connection.java:333) ~[server-1.21.1-20240808.144430-srg.jar%23131!/:?]
	at TRANSFORMER/minecraft@1.21.1/net.minecraft.network.Connection.exceptionCaught(Connection.java:168) ~[server-1.21.1-20240808.144430-srg.jar%23131!/:?]
	at MC-BOOTSTRAP/io.netty.transport@4.1.97.Final/io.netty.channel.AbstractChannelHandlerContext.invokeExceptionCaught(AbstractChannelHandlerContext.java:346) ~[netty-transport-4.1.97.Final.jar%23106!/:4.1.97.Final]
	at MC-BOOTSTRAP/io.netty.transport@4.1.97.Final/io.netty.channel.AbstractChannelHandlerContext.invokeExceptionCaught(AbstractChannelHandlerContext.java:325) ~[netty-transport-4.1.97.Final.jar%23106!/:4.1.97.Final]
	at MC-BOOTSTRAP/io.netty.transport@4.1.97.Final/io.netty.channel.AbstractChannelHandlerContext.fireExceptionCaught(AbstractChannelHandlerContext.java:317) ~[netty-transport-4.1.97.Final.jar%23106!/:4.1.97.Final]
	at MC-BOOTSTRAP/io.netty.transport@4.1.97.Final/io.netty.channel.DefaultChannelPipeline$HeadContext.exceptionCaught(DefaultChannelPipeline.java:1377) ~[netty-transport-4.1.97.Final.jar%23106!/:4.1.97.Final]
	at MC-BOOTSTRAP/io.netty.transport@4.1.97.Final/io.netty.channel.AbstractChannelHandlerContext.invokeExceptionCaught(AbstractChannelHandlerContext.java:346) ~[netty-transport-4.1.97.Final.jar%23106!/:4.1.97.Final]
	at MC-BOOTSTRAP/io.netty.transport@4.1.97.Final/io.netty.channel.AbstractChannelHandlerContext.invokeExceptionCaught(AbstractChannelHandlerContext.java:325) ~[netty-transport-4.1.97.Final.jar%23106!/:4.1.97.Final]
	at MC-BOOTSTRAP/io.netty.transport@4.1.97.Final/io.netty.channel.DefaultChannelPipeline.fireExceptionCaught(DefaultChannelPipeline.java:907) ~[netty-transport-4.1.97.Final.jar%23106!/:4.1.97.Final]
	at MC-BOOTSTRAP/io.netty.transport@4.1.97.Final/io.netty.channel.nio.AbstractNioByteChannel$NioByteUnsafe.handleReadException(AbstractNioByteChannel.java:125) ~[netty-transport-4.1.97.Final.jar%23106!/:4.1.97.Final]
	at MC-BOOTSTRAP/io.netty.transport@4.1.97.Final/io.netty.channel.nio.AbstractNioByteChannel$NioByteUnsafe.read(AbstractNioByteChannel.java:177) ~[netty-transport-4.1.97.Final.jar%23106!/:4.1.97.Final]
	at MC-BOOTSTRAP/io.netty.transport@4.1.97.Final/io.netty.channel.nio.NioEventLoop.processSelectedKey(NioEventLoop.java:788) ~[netty-transport-4.1.97.Final.jar%23106!/:4.1.97.Final]
	at MC-BOOTSTRAP/io.netty.transport@4.1.97.Final/io.netty.channel.nio.NioEventLoop.processSelectedKeysOptimized(NioEventLoop.java:724) ~[netty-transport-4.1.97.Final.jar%23106!/:4.1.97.Final]
	at MC-BOOTSTRAP/io.netty.transport@4.1.97.Final/io.netty.channel.nio.NioEventLoop.processSelectedKeys(NioEventLoop.java:650) ~[netty-transport-4.1.97.Final.jar%23106!/:4.1.97.Final]
	at MC-BOOTSTRAP/io.netty.transport@4.1.97.Final/io.netty.channel.nio.NioEventLoop.run(NioEventLoop.java:562) ~[netty-transport-4.1.97.Final.jar%23106!/:4.1.97.Final]
	at MC-BOOTSTRAP/io.netty.common@4.1.97.Final/io.netty.util.concurrent.SingleThreadEventExecutor$4.run(SingleThreadEventExecutor.java:997) ~[netty-common-4.1.97.Final.jar%23103!/:4.1.97.Final]
	at MC-BOOTSTRAP/io.netty.common@4.1.97.Final/io.netty.util.internal.ThreadExecutorMap$2.run(ThreadExecutorMap.java:74) ~[netty-common-4.1.97.Final.jar%23103!/:4.1.97.Final]
	at java.base/java.lang.Thread.run(Thread.java:1583) [?:?]
[08Sep2026 17:19:43.356] [Server thread/DEBUG] [cpw.mods.inventorysorter.InventorySorter/]: Got action SORT slot 23
[08Sep2026 17:19:43.356] [Server thread/DEBUG] [cpw.mods.inventorysorter.InventorySorter/]: Slot mapping {[]=InventoryMapping{i=[], c=net.minecraft.world.inventory.InventoryMenu@7cc32409, b=45, e=45}, net.minecraft.world.inventory.ResultContainer@6d55643=InventoryMapping{i=net.minecraft.world.inventory.ResultContainer@6d55643, c=net.minecraft.world.inventory.InventoryMenu@7cc32409, b=0, e=0}, []=InventoryMapping{i=[], c=net.minecraft.world.inventory.InventoryMenu@7cc32409, b=9, e=35}, []=InventoryMapping{i=[], c=net.minecraft.world.inventory.InventoryMenu@7cc32409, b=36, e=44}, net.minecraft.world.inventory.TransientCraftingContainer@5cdb3414=InventoryMapping{i=net.minecraft.world.inventory.TransientCraftingContainer@5cdb3414, c=net.minecraft.world.inventory.InventoryMenu@7cc32409, b=1, e=4}}
[08Sep2026 17:19:43.356] [Server thread/DEBUG] [cpw.mods.inventorysorter.InventorySorter/]: Action slot InventoryMapping{i=[], c=net.minecraft.world.inventory.InventoryMenu@7cc32409, b=9, e=35}
[08Sep2026 17:22:46.275] [Server thread/INFO] [dev.ryanhcode.sable.Sable/]: Saving sub-levels for level 'ServerLevel[Create2024]'/minecraft:overworld
[08Sep2026 17:22:46.316] [Server thread/INFO] [dev.ryanhcode.sable.Sable/]: Saving sub-levels for level 'ServerLevel[Create2024]'/minecraft:the_end
[08Sep2026 17:22:46.317] [Server thread/INFO] [dev.ryanhcode.sable.Sable/]: Saving sub-levels for level 'ServerLevel[Create2024]'/minecraft:the_nether
[08Sep2026 17:22:46.317] [Server thread/DEBUG] [net.neoforged.neoforge.common.CommonHooks/WP]: Gathered mod list to write to world save Create2024
[08Sep2026 17:27:11.547] [ComputerCraft-Computer-Worker-0/DEBUG] [dan200.computercraft.core.asm.Generator/]: Generating method wrapper for dan200.computercraft.core.apis.handles.WriteHandle$Seekable.seek.
[08Sep2026 17:27:11.548] [ComputerCraft-Computer-Worker-0/DEBUG] [dan200.computercraft.core.asm.Generator/]: Generating method wrapper for dan200.computercraft.core.apis.handles.WriteHandle.flush.
[08Sep2026 17:27:11.548] [ComputerCraft-Computer-Worker-0/DEBUG] [dan200.computercraft.core.asm.Generator/]: Generating method wrapper for dan200.computercraft.core.apis.handles.WriteHandle.write.
[08Sep2026 17:27:11.548] [ComputerCraft-Computer-Worker-0/DEBUG] [dan200.computercraft.core.asm.Generator/]: Generating method wrapper for dan200.computercraft.core.apis.handles.WriteHandle.writeLine.
[08Sep2026 17:27:46.272] [Server thread/INFO] [dev.ryanhcode.sable.Sable/]: Saving sub-levels for level 'ServerLevel[Create2024]'/minecraft:overworld
[08Sep2026 17:27:46.293] [Server thread/INFO] [dev.ryanhcode.sable.Sable/]: Saving sub-levels for level 'ServerLevel[Create2024]'/minecraft:the_end
[08Sep2026 17:27:46.294] [Server thread/INFO] [dev.ryanhcode.sable.Sable/]: Saving sub-levels for level 'ServerLevel[Create2024]'/minecraft:the_nether
[08Sep2026 17:27:46.294] [Server thread/DEBUG] [net.neoforged.neoforge.common.CommonHooks/WP]: Gathered mod list to write to world save Create2024
[08Sep2026 17:32:46.264] [Server thread/INFO] [dev.ryanhcode.sable.Sable/]: Saving sub-levels for level 'ServerLevel[Create2024]'/minecraft:overworld
[08Sep2026 17:32:46.285] [Server thread/INFO] [dev.ryanhcode.sable.Sable/]: Saving sub-levels for level 'ServerLevel[Create2024]'/minecraft:the_end
[08Sep2026 17:32:46.286] [Server thread/INFO] [dev.ryanhcode.sable.Sable/]: Saving sub-levels for level 'ServerLevel[Create2024]'/minecraft:the_nether
[08Sep2026 17:32:46.286] [Server thread/DEBUG] [net.neoforged.neoforge.common.CommonHooks/WP]: Gathered mod list to write to world save Create2024
[08Sep2026 17:37:46.260] [Server thread/INFO] [dev.ryanhcode.sable.Sable/]: Saving sub-levels for level 'ServerLevel[Create2024]'/minecraft:overworld
[08Sep2026 17:37:46.279] [Server thread/INFO] [dev.ryanhcode.sable.Sable/]: Saving sub-levels for level 'ServerLevel[Create2024]'/minecraft:the_end
[08Sep2026 17:37:46.280] [Server thread/INFO] [dev.ryanhcode.sable.Sable/]: Saving sub-levels for level 'ServerLevel[Create2024]'/minecraft:the_nether
[08Sep2026 17:37:46.280] [Server thread/DEBUG] [net.neoforged.neoforge.common.CommonHooks/WP]: Gathered mod list to write to world save Create2024
[08Sep2026 17:42:46.261] [Server thread/INFO] [dev.ryanhcode.sable.Sable/]: Saving sub-levels for level 'ServerLevel[Create2024]'/minecraft:overworld
[08Sep2026 17:42:46.280] [Server thread/INFO] [dev.ryanhcode.sable.Sable/]: Saving sub-levels for level 'ServerLevel[Create2024]'/minecraft:the_end
[08Sep2026 17:42:46.281] [Server thread/INFO] [dev.ryanhcode.sable.Sable/]: Saving sub-levels for level 'ServerLevel[Create2024]'/minecraft:the_nether
[08Sep2026 17:42:46.281] [Server thread/DEBUG] [net.neoforged.neoforge.common.CommonHooks/WP]: Gathered mod list to write to world save Create2024
[08Sep2026 17:47:46.260] [Server thread/INFO] [dev.ryanhcode.sable.Sable/]: Saving sub-levels for level 'ServerLevel[Create2024]'/minecraft:overworld
[08Sep2026 17:47:46.287] [Server thread/INFO] [dev.ryanhcode.sable.Sable/]: Saving sub-levels for level 'ServerLevel[Create2024]'/minecraft:the_end
[08Sep2026 17:47:46.289] [Server thread/INFO] [dev.ryanhcode.sable.Sable/]: Saving sub-levels for level 'ServerLevel[Create2024]'/minecraft:the_nether
[08Sep2026 17:47:46.289] [Server thread/DEBUG] [net.neoforged.neoforge.common.CommonHooks/WP]: Gathered mod list to write to world save Create2024
[08Sep2026 17:52:46.259] [Server thread/INFO] [dev.ryanhcode.sable.Sable/]: Saving sub-levels for level 'ServerLevel[Create2024]'/minecraft:overworld
[08Sep2026 17:52:46.273] [Server thread/INFO] [dev.ryanhcode.sable.Sable/]: Saving sub-levels for level 'ServerLevel[Create2024]'/minecraft:the_end
[08Sep2026 17:52:46.274] [Server thread/INFO] [dev.ryanhcode.sable.Sable/]: Saving sub-levels for level 'ServerLevel[Create2024]'/minecraft:the_nether
[08Sep2026 17:52:46.275] [Server thread/DEBUG] [net.neoforged.neoforge.common.CommonHooks/WP]: Gathered mod list to write to world save Create2024
[08Sep2026 17:57:46.258] [Server thread/INFO] [dev.ryanhcode.sable.Sable/]: Saving sub-levels for level 'ServerLevel[Create2024]'/minecraft:overworld
[08Sep2026 17:57:46.286] [Server thread/INFO] [dev.ryanhcode.sable.Sable/]: Saving sub-levels for level 'ServerLevel[Create2024]'/minecraft:the_end
[08Sep2026 17:57:46.286] [Server thread/INFO] [dev.ryanhcode.sable.Sable/]: Saving sub-levels for level 'ServerLevel[Create2024]'/minecraft:the_nether
[08Sep2026 17:57:46.287] [Server thread/DEBUG] [net.neoforged.neoforge.common.CommonHooks/WP]: Gathered mod list to write to world save Create2024
[08Sep2026 18:00:05.996] [Server thread/DEBUG] [cpw.mods.inventorysorter.InventorySorter/]: Got action SORT slot 14
[08Sep2026 18:00:05.996] [Server thread/DEBUG] [cpw.mods.inventorysorter.InventorySorter/]: Slot mapping {[]=InventoryMapping{i=[], c=net.minecraft.world.inventory.InventoryMenu@7cc32409, b=45, e=45}, net.minecraft.world.inventory.ResultContainer@6d55643=InventoryMapping{i=net.minecraft.world.inventory.ResultContainer@6d55643, c=net.minecraft.world.inventory.InventoryMenu@7cc32409, b=0, e=0}, []=InventoryMapping{i=[], c=net.minecraft.world.inventory.InventoryMenu@7cc32409, b=9, e=35}, []=InventoryMapping{i=[], c=net.minecraft.world.inventory.InventoryMenu@7cc32409, b=36, e=44}, net.minecraft.world.inventory.TransientCraftingContainer@5cdb3414=InventoryMapping{i=net.minecraft.world.inventory.TransientCraftingContainer@5cdb3414, c=net.minecraft.world.inventory.InventoryMenu@7cc32409, b=1, e=4}}
[08Sep2026 18:00:05.996] [Server thread/DEBUG] [cpw.mods.inventorysorter.InventorySorter/]: Action slot InventoryMapping{i=[], c=net.minecraft.world.inventory.InventoryMenu@7cc32409, b=9, e=35}
[08Sep2026 18:02:46.259] [Server thread/INFO] [dev.ryanhcode.sable.Sable/]: Saving sub-levels for level 'ServerLevel[Create2024]'/minecraft:overworld
[08Sep2026 18:02:46.287] [Server thread/INFO] [dev.ryanhcode.sable.Sable/]: Saving sub-levels for level 'ServerLevel[Create2024]'/minecraft:the_end
[08Sep2026 18:02:46.287] [Server thread/INFO] [dev.ryanhcode.sable.Sable/]: Saving sub-levels for level 'ServerLevel[Create2024]'/minecraft:the_nether
[08Sep2026 18:02:46.288] [Server thread/DEBUG] [net.neoforged.neoforge.common.CommonHooks/WP]: Gathered mod list to write to world save Create2024
[08Sep2026 18:03:13.608] [Netty Server IO #11/ERROR] [net.minecraft.network.PacketEncoder/]: Error sending packet clientbound/minecraft:disconnect
io.netty.handler.codec.EncoderException: Sending unknown packet 'clientbound/minecraft:disconnect'
	at TRANSFORMER/minecraft@1.21.1/net.minecraft.network.codec.IdDispatchCodec.encode(IdDispatchCodec.java:47) ~[server-1.21.1-20240808.144430-srg.jar%23131!/:?]
	at TRANSFORMER/minecraft@1.21.1/net.minecraft.network.codec.IdDispatchCodec.encode(IdDispatchCodec.java:14) ~[server-1.21.1-20240808.144430-srg.jar%23131!/:?]
	at TRANSFORMER/minecraft@1.21.1/net.minecraft.network.PacketEncoder.encode(PacketEncoder.java:24) ~[server-1.21.1-20240808.144430-srg.jar%23131!/:?]
	at TRANSFORMER/minecraft@1.21.1/net.minecraft.network.PacketEncoder.encode(PacketEncoder.java:12) ~[server-1.21.1-20240808.144430-srg.jar%23131!/:?]
	at MC-BOOTSTRAP/io.netty.codec@4.1.97.Final/io.netty.handler.codec.MessageToByteEncoder.write(MessageToByteEncoder.java:107) ~[netty-codec-4.1.97.Final.jar%23102!/:4.1.97.Final]
	at MC-BOOTSTRAP/io.netty.transport@4.1.97.Final/io.netty.channel.AbstractChannelHandlerContext.invokeWrite0(AbstractChannelHandlerContext.java:881) ~[netty-transport-4.1.97.Final.jar%23106!/:4.1.97.Final]
	at MC-BOOTSTRAP/io.netty.transport@4.1.97.Final/io.netty.channel.AbstractChannelHandlerContext.invokeWrite(AbstractChannelHandlerContext.java:863) ~[netty-transport-4.1.97.Final.jar%23106!/:4.1.97.Final]
	at MC-BOOTSTRAP/io.netty.transport@4.1.97.Final/io.netty.channel.AbstractChannelHandlerContext.write(AbstractChannelHandlerContext.java:968) ~[netty-transport-4.1.97.Final.jar%23106!/:4.1.97.Final]
	at MC-BOOTSTRAP/io.netty.transport@4.1.97.Final/io.netty.channel.AbstractChannelHandlerContext.write(AbstractChannelHandlerContext.java:856) ~[netty-transport-4.1.97.Final.jar%23106!/:4.1.97.Final]
	at MC-BOOTSTRAP/io.netty.transport@4.1.97.Final/io.netty.channel.ChannelOutboundHandlerAdapter.write(ChannelOutboundHandlerAdapter.java:113) ~[netty-transport-4.1.97.Final.jar%23106!/:4.1.97.Final]
	at TRANSFORMER/minecraft@1.21.1/net.minecraft.network.Connection$2.write(Connection.java:528) ~[server-1.21.1-20240808.144430-srg.jar%23131!/:?]
	at MC-BOOTSTRAP/io.netty.transport@4.1.97.Final/io.netty.channel.AbstractChannelHandlerContext.invokeWrite0(AbstractChannelHandlerContext.java:881) ~[netty-transport-4.1.97.Final.jar%23106!/:4.1.97.Final]
	at MC-BOOTSTRAP/io.netty.transport@4.1.97.Final/io.netty.channel.AbstractChannelHandlerContext.invokeWriteAndFlush(AbstractChannelHandlerContext.java:940) ~[netty-transport-4.1.97.Final.jar%23106!/:4.1.97.Final]
	at MC-BOOTSTRAP/io.netty.transport@4.1.97.Final/io.netty.channel.AbstractChannelHandlerContext.write(AbstractChannelHandlerContext.java:966) ~[netty-transport-4.1.97.Final.jar%23106!/:4.1.97.Final]
	at MC-BOOTSTRAP/io.netty.transport@4.1.97.Final/io.netty.channel.AbstractChannelHandlerContext.writeAndFlush(AbstractChannelHandlerContext.java:934) ~[netty-transport-4.1.97.Final.jar%23106!/:4.1.97.Final]
	at MC-BOOTSTRAP/io.netty.transport@4.1.97.Final/io.netty.channel.AbstractChannelHandlerContext.writeAndFlush(AbstractChannelHandlerContext.java:984) ~[netty-transport-4.1.97.Final.jar%23106!/:4.1.97.Final]
	at MC-BOOTSTRAP/io.netty.transport@4.1.97.Final/io.netty.channel.DefaultChannelPipeline.writeAndFlush(DefaultChannelPipeline.java:1025) ~[netty-transport-4.1.97.Final.jar%23106!/:4.1.97.Final]
	at MC-BOOTSTRAP/io.netty.transport@4.1.97.Final/io.netty.channel.AbstractChannel.writeAndFlush(AbstractChannel.java:306) ~[netty-transport-4.1.97.Final.jar%23106!/:4.1.97.Final]
	at TRANSFORMER/minecraft@1.21.1/net.minecraft.network.Connection.doSendPacket(Connection.java:364) ~[server-1.21.1-20240808.144430-srg.jar%23131!/:?]
	at TRANSFORMER/minecraft@1.21.1/net.minecraft.network.Connection.sendPacket(Connection.java:357) ~[server-1.21.1-20240808.144430-srg.jar%23131!/:?]
	at TRANSFORMER/minecraft@1.21.1/net.minecraft.network.Connection.send(Connection.java:339) ~[server-1.21.1-20240808.144430-srg.jar%23131!/:?]
	at TRANSFORMER/minecraft@1.21.1/net.minecraft.network.Connection.send(Connection.java:333) ~[server-1.21.1-20240808.144430-srg.jar%23131!/:?]
	at TRANSFORMER/minecraft@1.21.1/net.minecraft.network.Connection.exceptionCaught(Connection.java:168) ~[server-1.21.1-20240808.144430-srg.jar%23131!/:?]
	at MC-BOOTSTRAP/io.netty.transport@4.1.97.Final/io.netty.channel.AbstractChannelHandlerContext.invokeExceptionCaught(AbstractChannelHandlerContext.java:346) ~[netty-transport-4.1.97.Final.jar%23106!/:4.1.97.Final]
	at MC-BOOTSTRAP/io.netty.transport@4.1.97.Final/io.netty.channel.AbstractChannelHandlerContext.invokeExceptionCaught(AbstractChannelHandlerContext.java:325) ~[netty-transport-4.1.97.Final.jar%23106!/:4.1.97.Final]
	at MC-BOOTSTRAP/io.netty.transport@4.1.97.Final/io.netty.channel.AbstractChannelHandlerContext.fireExceptionCaught(AbstractChannelHandlerContext.java:317) ~[netty-transport-4.1.97.Final.jar%23106!/:4.1.97.Final]
	at MC-BOOTSTRAP/io.netty.transport@4.1.97.Final/io.netty.channel.DefaultChannelPipeline$HeadContext.exceptionCaught(DefaultChannelPipeline.java:1377) ~[netty-transport-4.1.97.Final.jar%23106!/:4.1.97.Final]
	at MC-BOOTSTRAP/io.netty.transport@4.1.97.Final/io.netty.channel.AbstractChannelHandlerContext.invokeExceptionCaught(AbstractChannelHandlerContext.java:346) ~[netty-transport-4.1.97.Final.jar%23106!/:4.1.97.Final]
	at MC-BOOTSTRAP/io.netty.transport@4.1.97.Final/io.netty.channel.AbstractChannelHandlerContext.invokeExceptionCaught(AbstractChannelHandlerContext.java:325) ~[netty-transport-4.1.97.Final.jar%23106!/:4.1.97.Final]
	at MC-BOOTSTRAP/io.netty.transport@4.1.97.Final/io.netty.channel.DefaultChannelPipeline.fireExceptionCaught(DefaultChannelPipeline.java:907) ~[netty-transport-4.1.97.Final.jar%23106!/:4.1.97.Final]
	at MC-BOOTSTRAP/io.netty.transport@4.1.97.Final/io.netty.channel.nio.AbstractNioByteChannel$NioByteUnsafe.handleReadException(AbstractNioByteChannel.java:125) ~[netty-transport-4.1.97.Final.jar%23106!/:4.1.97.Final]
	at MC-BOOTSTRAP/io.netty.transport@4.1.97.Final/io.netty.channel.nio.AbstractNioByteChannel$NioByteUnsafe.read(AbstractNioByteChannel.java:177) ~[netty-transport-4.1.97.Final.jar%23106!/:4.1.97.Final]
	at MC-BOOTSTRAP/io.netty.transport@4.1.97.Final/io.netty.channel.nio.NioEventLoop.processSelectedKey(NioEventLoop.java:788) ~[netty-transport-4.1.97.Final.jar%23106!/:4.1.97.Final]
	at MC-BOOTSTRAP/io.netty.transport@4.1.97.Final/io.netty.channel.nio.NioEventLoop.processSelectedKeysOptimized(NioEventLoop.java:724) ~[netty-transport-4.1.97.Final.jar%23106!/:4.1.97.Final]
	at MC-BOOTSTRAP/io.netty.transport@4.1.97.Final/io.netty.channel.nio.NioEventLoop.processSelectedKeys(NioEventLoop.java:650) ~[netty-transport-4.1.97.Final.jar%23106!/:4.1.97.Final]
	at MC-BOOTSTRAP/io.netty.transport@4.1.97.Final/io.netty.channel.nio.NioEventLoop.run(NioEventLoop.java:562) ~[netty-transport-4.1.97.Final.jar%23106!/:4.1.97.Final]
	at MC-BOOTSTRAP/io.netty.common@4.1.97.Final/io.netty.util.concurrent.SingleThreadEventExecutor$4.run(SingleThreadEventExecutor.java:997) ~[netty-common-4.1.97.Final.jar%23103!/:4.1.97.Final]
	at MC-BOOTSTRAP/io.netty.common@4.1.97.Final/io.netty.util.internal.ThreadExecutorMap$2.run(ThreadExecutorMap.java:74) ~[netty-common-4.1.97.Final.jar%23103!/:4.1.97.Final]
	at java.base/java.lang.Thread.run(Thread.java:1583) [?:?]
[08Sep2026 18:05:01.393] [Server thread/DEBUG] [cpw.mods.inventorysorter.InventorySorter/]: Got action SORT slot 23
[08Sep2026 18:05:01.394] [Server thread/DEBUG] [cpw.mods.inventorysorter.InventorySorter/]: Slot mapping {[]=InventoryMapping{i=[], c=net.minecraft.world.inventory.ChestMenu@1037bc2b, b=54, e=80}, net.minecraft.world.CompoundContainer@a9ef2c2=InventoryMapping{i=net.minecraft.world.CompoundContainer@a9ef2c2, c=net.minecraft.world.inventory.ChestMenu@1037bc2b, b=0, e=53}, []=InventoryMapping{i=[], c=net.minecraft.world.inventory.ChestMenu@1037bc2b, b=81, e=89}}
[08Sep2026 18:05:01.394] [Server thread/DEBUG] [cpw.mods.inventorysorter.InventorySorter/]: Action slot InventoryMapping{i=net.minecraft.world.CompoundContainer@a9ef2c2, c=net.minecraft.world.inventory.ChestMenu@1037bc2b, b=0, e=53}
[08Sep2026 18:07:46.262] [Server thread/INFO] [dev.ryanhcode.sable.Sable/]: Saving sub-levels for level 'ServerLevel[Create2024]'/minecraft:overworld
[08Sep2026 18:07:46.288] [Server thread/INFO] [dev.ryanhcode.sable.Sable/]: Saving sub-levels for level 'ServerLevel[Create2024]'/minecraft:the_end
[08Sep2026 18:07:46.289] [Server thread/INFO] [dev.ryanhcode.sable.Sable/]: Saving sub-levels for level 'ServerLevel[Create2024]'/minecraft:the_nether
[08Sep2026 18:07:46.289] [Server thread/DEBUG] [net.neoforged.neoforge.common.CommonHooks/WP]: Gathered mod list to write to world save Create2024
[08Sep2026 18:10:00.815] [Server thread/DEBUG] [cpw.mods.inventorysorter.InventorySorter/]: Got action SORT slot 21
[08Sep2026 18:10:00.815] [Server thread/DEBUG] [cpw.mods.inventorysorter.InventorySorter/]: Slot mapping {[]=InventoryMapping{i=[], c=net.minecraft.world.inventory.InventoryMenu@7cc32409, b=45, e=45}, net.minecraft.world.inventory.ResultContainer@6d55643=InventoryMapping{i=net.minecraft.world.inventory.ResultContainer@6d55643, c=net.minecraft.world.inventory.InventoryMenu@7cc32409, b=0, e=0}, []=InventoryMapping{i=[], c=net.minecraft.world.inventory.InventoryMenu@7cc32409, b=9, e=35}, []=InventoryMapping{i=[], c=net.minecraft.world.inventory.InventoryMenu@7cc32409, b=36, e=44}, net.minecraft.world.inventory.TransientCraftingContainer@5cdb3414=InventoryMapping{i=net.minecraft.world.inventory.TransientCraftingContainer@5cdb3414, c=net.minecraft.world.inventory.InventoryMenu@7cc32409, b=1, e=4}}
[08Sep2026 18:10:00.815] [Server thread/DEBUG] [cpw.mods.inventorysorter.InventorySorter/]: Action slot InventoryMapping{i=[], c=net.minecraft.world.inventory.InventoryMenu@7cc32409, b=9, e=35}
[08Sep2026 18:12:46.259] [Server thread/INFO] [dev.ryanhcode.sable.Sable/]: Saving sub-levels for level 'ServerLevel[Create2024]'/minecraft:overworld
[08Sep2026 18:12:46.287] [Server thread/INFO] [dev.ryanhcode.sable.Sable/]: Saving sub-levels for level 'ServerLevel[Create2024]'/minecraft:the_end
[08Sep2026 18:12:46.288] [Server thread/INFO] [dev.ryanhcode.sable.Sable/]: Saving sub-levels for level 'ServerLevel[Create2024]'/minecraft:the_nether
[08Sep2026 18:12:46.288] [Server thread/DEBUG] [net.neoforged.neoforge.common.CommonHooks/WP]: Gathered mod list to write to world save Create2024
[08Sep2026 18:17:46.262] [Server thread/INFO] [dev.ryanhcode.sable.Sable/]: Saving sub-levels for level 'ServerLevel[Create2024]'/minecraft:overworld
[08Sep2026 18:17:46.294] [Server thread/INFO] [dev.ryanhcode.sable.Sable/]: Saving sub-levels for level 'ServerLevel[Create2024]'/minecraft:the_end
[08Sep2026 18:17:46.294] [Server thread/INFO] [dev.ryanhcode.sable.Sable/]: Saving sub-levels for level 'ServerLevel[Create2024]'/minecraft:the_nether
[08Sep2026 18:17:46.294] [Server thread/DEBUG] [net.neoforged.neoforge.common.CommonHooks/WP]: Gathered mod list to write to world save Create2024
[08Sep2026 18:20:16.951] [Server thread/WARN] [net.minecraft.server.level.ServerPlayerGameMode/]: Mismatch in destroy block pos: BlockPos{x=-193, y=69, z=-17} BlockPos{x=-196, y=70, z=-17}
[08Sep2026 18:20:17.003] [Server thread/WARN] [net.minecraft.server.level.ServerPlayerGameMode/]: Mismatch in destroy block pos: BlockPos{x=-193, y=69, z=-17} BlockPos{x=-196, y=70, z=-17}
[08Sep2026 18:22:46.263] [Server thread/INFO] [dev.ryanhcode.sable.Sable/]: Saving sub-levels for level 'ServerLevel[Create2024]'/minecraft:overworld
[08Sep2026 18:22:46.293] [Server thread/INFO] [dev.ryanhcode.sable.Sable/]: Saving sub-levels for level 'ServerLevel[Create2024]'/minecraft:the_end
[08Sep2026 18:22:46.293] [Server thread/INFO] [dev.ryanhcode.sable.Sable/]: Saving sub-levels for level 'ServerLevel[Create2024]'/minecraft:the_nether
[08Sep2026 18:22:46.294] [Server thread/DEBUG] [net.neoforged.neoforge.common.CommonHooks/WP]: Gathered mod list to write to world save Create2024
[08Sep2026 18:25:48.345] [Server thread/DEBUG] [cpw.mods.inventorysorter.InventorySorter/]: Got action SORT slot 23
[08Sep2026 18:25:48.346] [Server thread/DEBUG] [cpw.mods.inventorysorter.InventorySorter/]: Slot mapping {[]=InventoryMapping{i=[], c=net.minecraft.world.inventory.InventoryMenu@7cc32409, b=45, e=45}, net.minecraft.world.inventory.ResultContainer@6d55643=InventoryMapping{i=net.minecraft.world.inventory.ResultContainer@6d55643, c=net.minecraft.world.inventory.InventoryMenu@7cc32409, b=0, e=0}, []=InventoryMapping{i=[], c=net.minecraft.world.inventory.InventoryMenu@7cc32409, b=9, e=35}, []=InventoryMapping{i=[], c=net.minecraft.world.inventory.InventoryMenu@7cc32409, b=36, e=44}, net.minecraft.world.inventory.TransientCraftingContainer@5cdb3414=InventoryMapping{i=net.minecraft.world.inventory.TransientCraftingContainer@5cdb3414, c=net.minecraft.world.inventory.InventoryMenu@7cc32409, b=1, e=4}}
[08Sep2026 18:25:48.346] [Server thread/DEBUG] [cpw.mods.inventorysorter.InventorySorter/]: Action slot InventoryMapping{i=[], c=net.minecraft.world.inventory.InventoryMenu@7cc32409, b=9, e=35}
[08Sep2026 18:25:57.646] [Server thread/DEBUG] [cpw.mods.inventorysorter.InventorySorter/]: Got action SORT slot 42
[08Sep2026 18:25:57.647] [Server thread/DEBUG] [cpw.mods.inventorysorter.InventorySorter/]: Slot mapping {net.minecraft.world.CompoundContainer@1b986cca=InventoryMapping{i=net.minecraft.world.CompoundContainer@1b986cca, c=net.minecraft.world.inventory.ChestMenu@52c92eaa, b=0, e=53}, []=InventoryMapping{i=[], c=net.minecraft.world.inventory.ChestMenu@52c92eaa, b=54, e=80}, []=InventoryMapping{i=[], c=net.minecraft.world.inventory.ChestMenu@52c92eaa, b=81, e=89}}
[08Sep2026 18:25:57.647] [Server thread/DEBUG] [cpw.mods.inventorysorter.InventorySorter/]: Action slot InventoryMapping{i=net.minecraft.world.CompoundContainer@1b986cca, c=net.minecraft.world.inventory.ChestMenu@52c92eaa, b=0, e=53}
[08Sep2026 18:27:18.166] [Server thread/DEBUG] [cpw.mods.inventorysorter.InventorySorter/]: Got action SORT slot 32
[08Sep2026 18:27:18.166] [Server thread/DEBUG] [cpw.mods.inventorysorter.InventorySorter/]: Slot mapping {[]=InventoryMapping{i=[], c=net.minecraft.world.inventory.InventoryMenu@7cc32409, b=45, e=45}, net.minecraft.world.inventory.ResultContainer@6d55643=InventoryMapping{i=net.minecraft.world.inventory.ResultContainer@6d55643, c=net.minecraft.world.inventory.InventoryMenu@7cc32409, b=0, e=0}, []=InventoryMapping{i=[], c=net.minecraft.world.inventory.InventoryMenu@7cc32409, b=9, e=35}, []=InventoryMapping{i=[], c=net.minecraft.world.inventory.InventoryMenu@7cc32409, b=36, e=44}, net.minecraft.world.inventory.TransientCraftingContainer@5cdb3414=InventoryMapping{i=net.minecraft.world.inventory.TransientCraftingContainer@5cdb3414, c=net.minecraft.world.inventory.InventoryMenu@7cc32409, b=1, e=4}}
[08Sep2026 18:27:18.166] [Server thread/DEBUG] [cpw.mods.inventorysorter.InventorySorter/]: Action slot InventoryMapping{i=[], c=net.minecraft.world.inventory.InventoryMenu@7cc32409, b=9, e=35}
[08Sep2026 18:27:18.494] [Server thread/DEBUG] [cpw.mods.inventorysorter.InventorySorter/]: Got action SORT slot 23
[08Sep2026 18:27:18.495] [Server thread/DEBUG] [cpw.mods.inventorysorter.InventorySorter/]: Slot mapping {[]=InventoryMapping{i=[], c=net.minecraft.world.inventory.InventoryMenu@7cc32409, b=45, e=45}, net.minecraft.world.inventory.ResultContainer@6d55643=InventoryMapping{i=net.minecraft.world.inventory.ResultContainer@6d55643, c=net.minecraft.world.inventory.InventoryMenu@7cc32409, b=0, e=0}, []=InventoryMapping{i=[], c=net.minecraft.world.inventory.InventoryMenu@7cc32409, b=9, e=35}, []=InventoryMapping{i=[], c=net.minecraft.world.inventory.InventoryMenu@7cc32409, b=36, e=44}, net.minecraft.world.inventory.TransientCraftingContainer@5cdb3414=InventoryMapping{i=net.minecraft.world.inventory.TransientCraftingContainer@5cdb3414, c=net.minecraft.world.inventory.InventoryMenu@7cc32409, b=1, e=4}}
[08Sep2026 18:27:18.495] [Server thread/DEBUG] [cpw.mods.inventorysorter.InventorySorter/]: Action slot InventoryMapping{i=[], c=net.minecraft.world.inventory.InventoryMenu@7cc32409, b=9, e=35}
[08Sep2026 18:27:46.262] [Server thread/INFO] [dev.ryanhcode.sable.Sable/]: Saving sub-levels for level 'ServerLevel[Create2024]'/minecraft:overworld
[08Sep2026 18:27:46.289] [Server thread/INFO] [dev.ryanhcode.sable.Sable/]: Saving sub-levels for level 'ServerLevel[Create2024]'/minecraft:the_end
[08Sep2026 18:27:46.289] [Server thread/INFO] [dev.ryanhcode.sable.Sable/]: Saving sub-levels for level 'ServerLevel[Create2024]'/minecraft:the_nether
[08Sep2026 18:27:46.289] [Server thread/DEBUG] [net.neoforged.neoforge.common.CommonHooks/WP]: Gathered mod list to write to world save Create2024
[08Sep2026 18:28:08.246] [Server thread/DEBUG] [cpw.mods.inventorysorter.InventorySorter/]: Got action SORT slot 42
[08Sep2026 18:28:08.246] [Server thread/DEBUG] [cpw.mods.inventorysorter.InventorySorter/]: Slot mapping {[]=InventoryMapping{i=[], c=net.minecraft.world.inventory.ChestMenu@5d1e640d, b=27, e=53}, []=InventoryMapping{i=[], c=net.minecraft.world.inventory.ChestMenu@5d1e640d, b=54, e=62}, net.minecraft.world.level.block.entity.BarrelBlockEntity@18e174ce=InventoryMapping{i=net.minecraft.world.level.block.entity.BarrelBlockEntity@18e174ce, c=net.minecraft.world.inventory.ChestMenu@5d1e640d, b=0, e=26}}
[08Sep2026 18:28:08.246] [Server thread/DEBUG] [cpw.mods.inventorysorter.InventorySorter/]: Action slot InventoryMapping{i=[], c=net.minecraft.world.inventory.ChestMenu@5d1e640d, b=27, e=53}
[08Sep2026 18:28:21.886] [Server thread/INFO] [journeymap/]: MainBlaine teleported to 998.5 98.0 8483.5 minecraft:overworld
[08Sep2026 18:32:48.092] [Server thread/INFO] [dev.ryanhcode.sable.Sable/]: Saving sub-levels for level 'ServerLevel[Create2024]'/minecraft:overworld
[08Sep2026 18:32:48.138] [Server thread/INFO] [dev.ryanhcode.sable.Sable/]: Saving sub-levels for level 'ServerLevel[Create2024]'/minecraft:the_end
[08Sep2026 18:32:48.138] [Server thread/INFO] [dev.ryanhcode.sable.Sable/]: Saving sub-levels for level 'ServerLevel[Create2024]'/minecraft:the_nether
[08Sep2026 18:32:48.139] [Server thread/DEBUG] [net.neoforged.neoforge.common.CommonHooks/WP]: Gathered mod list to write to world save Create2024
[08Sep2026 18:33:23.615] [Server thread/INFO] [net.minecraft.server.MinecraftServer/]: [MainBlaine: Gave 12 [Stone] to MainBlaine]
[08Sep2026 18:37:22.784] [Server thread/INFO] [journeymap/]: MainBlaine teleported to -199.5 69.0 -1.5 minecraft:overworld
[08Sep2026 18:37:22.791] [Server thread/WARN] [net.minecraft.server.network.ServerGamePacketListenerImpl/]: MainBlaine moved too quickly! -1205.0517593281957,-25.0,-8480.449907685692
[08Sep2026 18:37:22.801] [Server thread/WARN] [net.minecraft.server.network.ServerGamePacketListenerImpl/]: MainBlaine moved too quickly! -1205.0517593281957,-25.0,-8480.449907685692
[08Sep2026 18:37:22.808] [Server thread/WARN] [net.minecraft.server.network.ServerGamePacketListenerImpl/]: MainBlaine moved too quickly! -1205.0517593281957,-25.0,-8480.449907685692
[08Sep2026 18:37:39.470] [Server thread/INFO] [journeymap/]: MainBlaine teleported to 998.5 98.0 8483.5 minecraft:overworld
[08Sep2026 18:37:48.102] [Server thread/INFO] [dev.ryanhcode.sable.Sable/]: Saving sub-levels for level 'ServerLevel[Create2024]'/minecraft:overworld
[08Sep2026 18:37:48.662] [Server thread/INFO] [dev.ryanhcode.sable.Sable/]: Saving sub-levels for level 'ServerLevel[Create2024]'/minecraft:the_end
[08Sep2026 18:37:48.662] [Server thread/INFO] [dev.ryanhcode.sable.Sable/]: Saving sub-levels for level 'ServerLevel[Create2024]'/minecraft:the_nether
[08Sep2026 18:37:48.663] [Server thread/DEBUG] [net.neoforged.neoforge.common.CommonHooks/WP]: Gathered mod list to write to world save Create2024
[08Sep2026 18:42:48.089] [Server thread/INFO] [dev.ryanhcode.sable.Sable/]: Saving sub-levels for level 'ServerLevel[Create2024]'/minecraft:overworld
[08Sep2026 18:42:48.115] [Server thread/INFO] [dev.ryanhcode.sable.Sable/]: Saving sub-levels for level 'ServerLevel[Create2024]'/minecraft:the_end
[08Sep2026 18:42:48.115] [Server thread/INFO] [dev.ryanhcode.sable.Sable/]: Saving sub-levels for level 'ServerLevel[Create2024]'/minecraft:the_nether
[08Sep2026 18:42:48.115] [Server thread/DEBUG] [net.neoforged.neoforge.common.CommonHooks/WP]: Gathered mod list to write to world save Create2024
[08Sep2026 18:43:00.722] [Server thread/INFO] [net.minecraft.world.entity.LivingEntity/]: Named entity Spider['Spider'/80414, l='ServerLevel[Create2024]', x=1015.93, y=99.00, z=8491.87] died: Spider hit the ground too hard
[08Sep2026 18:44:10.975] [Server thread/INFO] [net.minecraft.server.network.ServerGamePacketListenerImpl/]: MainBlaine lost connection: Disconnected
[08Sep2026 18:44:10.975] [Server thread/INFO] [net.minecraft.server.MinecraftServer/]: MainBlaine left the game
[08Sep2026 18:47:48.064] [Server thread/INFO] [dev.ryanhcode.sable.Sable/]: Saving sub-levels for level 'ServerLevel[Create2024]'/minecraft:overworld
[08Sep2026 18:47:48.083] [Server thread/INFO] [dev.ryanhcode.sable.Sable/]: Saving sub-levels for level 'ServerLevel[Create2024]'/minecraft:the_end
[08Sep2026 18:47:48.083] [Server thread/INFO] [dev.ryanhcode.sable.Sable/]: Saving sub-levels for level 'ServerLevel[Create2024]'/minecraft:the_nether
[08Sep2026 18:47:48.083] [Server thread/DEBUG] [net.neoforged.neoforge.common.CommonHooks/WP]: Gathered mod list to write to world save Create2024
[08Sep2026 18:52:48.062] [Server thread/INFO] [dev.ryanhcode.sable.Sable/]: Saving sub-levels for level 'ServerLevel[Create2024]'/minecraft:overworld
[08Sep2026 18:52:48.066] [Server thread/INFO] [dev.ryanhcode.sable.Sable/]: Saving sub-levels for level 'ServerLevel[Create2024]'/minecraft:the_end
[08Sep2026 18:52:48.066] [Server thread/INFO] [dev.ryanhcode.sable.Sable/]: Saving sub-levels for level 'ServerLevel[Create2024]'/minecraft:the_nether
[08Sep2026 18:52:48.066] [Server thread/DEBUG] [net.neoforged.neoforge.common.CommonHooks/WP]: Gathered mod list to write to world save Create2024
[08Sep2026 18:57:48.063] [Server thread/INFO] [dev.ryanhcode.sable.Sable/]: Saving sub-levels for level 'ServerLevel[Create2024]'/minecraft:overworld
[08Sep2026 18:57:48.067] [Server thread/INFO] [dev.ryanhcode.sable.Sable/]: Saving sub-levels for level 'ServerLevel[Create2024]'/minecraft:the_end
[08Sep2026 18:57:48.067] [Server thread/INFO] [dev.ryanhcode.sable.Sable/]: Saving sub-levels for level 'ServerLevel[Create2024]'/minecraft:the_nether
[08Sep2026 18:57:48.067] [Server thread/DEBUG] [net.neoforged.neoforge.common.CommonHooks/WP]: Gathered mod list to write to world save Create2024
[08Sep2026 19:02:48.063] [Server thread/INFO] [dev.ryanhcode.sable.Sable/]: Saving sub-levels for level 'ServerLevel[Create2024]'/minecraft:overworld
[08Sep2026 19:02:48.066] [Server thread/INFO] [dev.ryanhcode.sable.Sable/]: Saving sub-levels for level 'ServerLevel[Create2024]'/minecraft:the_end
[08Sep2026 19:02:48.066] [Server thread/INFO] [dev.ryanhcode.sable.Sable/]: Saving sub-levels for level 'ServerLevel[Create2024]'/minecraft:the_nether
[08Sep2026 19:02:48.066] [Server thread/DEBUG] [net.neoforged.neoforge.common.CommonHooks/WP]: Gathered mod list to write to world save Create2024
[08Sep2026 19:03:02.313] [Server thread/INFO] [net.minecraft.server.MinecraftServer/]: Stopping the server
[08Sep2026 19:03:02.364] [Server thread/INFO] [net.minecraft.server.MinecraftServer/]: Stopping server
[08Sep2026 19:03:02.366] [Server thread/INFO] [net.minecraft.server.MinecraftServer/]: Saving players
[08Sep2026 19:03:02.366] [Server thread/INFO] [net.minecraft.server.MinecraftServer/]: Saving worlds
[08Sep2026 19:03:02.393] [Server thread/INFO] [net.minecraft.server.MinecraftServer/]: Saving chunks for level 'ServerLevel[Create2024]'/minecraft:overworld
[08Sep2026 19:03:02.393] [Server thread/INFO] [dev.ryanhcode.sable.Sable/]: Saving sub-levels for level 'ServerLevel[Create2024]'/minecraft:overworld
[08Sep2026 19:03:02.477] [Server thread/INFO] [net.minecraft.server.MinecraftServer/]: Saving chunks for level 'ServerLevel[Create2024]'/minecraft:the_end
[08Sep2026 19:03:02.477] [Server thread/INFO] [dev.ryanhcode.sable.Sable/]: Saving sub-levels for level 'ServerLevel[Create2024]'/minecraft:the_end
[08Sep2026 19:03:02.491] [Server thread/INFO] [net.minecraft.server.MinecraftServer/]: Saving chunks for level 'ServerLevel[Create2024]'/minecraft:the_nether
[08Sep2026 19:03:02.491] [Server thread/INFO] [dev.ryanhcode.sable.Sable/]: Saving sub-levels for level 'ServerLevel[Create2024]'/minecraft:the_nether
[08Sep2026 19:03:02.515] [Server thread/DEBUG] [net.neoforged.neoforge.common.CommonHooks/WP]: Gathered mod list to write to world save Create2024
[08Sep2026 19:03:02.519] [Server thread/INFO] [net.minecraft.server.MinecraftServer/]: ThreadedAnvilChunkStorage (world): All chunks are saved
[08Sep2026 19:03:02.519] [Server thread/INFO] [net.minecraft.server.MinecraftServer/]: ThreadedAnvilChunkStorage (DIM1): All chunks are saved
[08Sep2026 19:03:02.519] [Server thread/INFO] [net.minecraft.server.MinecraftServer/]: ThreadedAnvilChunkStorage (DIM-1): All chunks are saved
[08Sep2026 19:03:02.520] [Server thread/INFO] [net.minecraft.server.MinecraftServer/]: ThreadedAnvilChunkStorage: All dimensions are saved
[08Sep2026 19:03:02.521] [Server thread/DEBUG] [com.simibubi.create.Create/]: Removed Redstone Network Space for minecraft:overworld
[08Sep2026 19:03:02.521] [Server thread/DEBUG] [com.simibubi.create.Create/]: Removed Kinetic Network Space for minecraft:overworld
[08Sep2026 19:03:02.607] [Server thread/DEBUG] [com.simibubi.create.Create/]: Removed Redstone Network Space for minecraft:the_end
[08Sep2026 19:03:02.607] [Server thread/DEBUG] [com.simibubi.create.Create/]: Removed Kinetic Network Space for minecraft:the_end
[08Sep2026 19:03:02.607] [Server thread/DEBUG] [com.simibubi.create.Create/]: Removed Redstone Network Space for minecraft:the_nether
[08Sep2026 19:03:02.607] [Server thread/DEBUG] [com.simibubi.create.Create/]: Removed Kinetic Network Space for minecraft:the_nether
[08Sep2026 19:03:03.624] [Server thread/DEBUG] [net.neoforged.fml.config.ConfigTracker/CONFIG]: Unloading configs type SERVER
